user_id,registration_time,registration_channel,kyc_level,age,age_band,occupation,country_code,ka_owner,bd_owner,user_restriction,risk_tag,fraud_label,deposit_amount,trade_amount,withdrawal_amount,net_fund_flow,withdraw_address_unique_count,withdraw_ip_unique_count,fund_loop_cv,amount_diff_ratio,risk_level,risk_source,risk_operator,risk_reason,risk_recorded_at
U0000001,2026-03-18T06:36:32+00:00,ANDROID,L1,31,25-34,OTHER,TR,KA_00,BD_00,NONE,BASELINE,0,8409.850512,6955.280269,4455.531172,3954.319340000001,1,1,0.24717126245649684,0.5985147240859158,MEDIUM,MANUAL_REVIEW_SYNTHETIC,REVIEWER_DEMO,Synthetic documented override; T+1 must not overwrite,2026-07-08T19:33:36+00:00
U0000002,2026-03-14T03:37:24+00:00,IOS,L2,48,35-49,RETIRED,TR,N/A,N/A,NONE,BASELINE,0,10074.89552,4295.795736,8961.15302,1113.7425000000003,3,2,0.32188874197822176,0.7430745356822815,MEDIUM,SYNTHETIC_UNCALIBRATED_OOF_RANK_PLUS_GRAPH,SYSTEM_DEMO,Demo-only band from uncalibrated ranking evidence; recorded after all inputs were available,2026-07-08T18:33:36+00:00
U0000003,2026-04-24T07:35:11+00:00,IOS,L2,57,50+,STUDENT,AE,N/A,N/A,NONE,BASELINE,0,16397.755845,7722.322639,7885.684700000001,8512.071144999998,1,3,0.37977684180120086,0.8131754105776426,MEDIUM,SYNTHETIC_UNCALIBRATED_OOF_RANK_PLUS_GRAPH,SYSTEM_DEMO,Demo-only band from uncalibrated ranking evidence; recorded after all inputs were available,2026-07-08T18:33:36+00:00
U0000004,2026-01-01T13:07:37+00:00,WEB,L2,59,50+,SALARIED,TR,N/A,N/A,NONE,BASELINE,0,1549.578011,1429.4697879999999,207.457836,1342.120175,1,2,0.5708675845009983,1.2635661085218826,MEDIUM,SYNTHETIC_UNCALIBRATED_OOF_RANK_PLUS_GRAPH,SYSTEM_DEMO,Demo-only band from uncalibrated ranking evidence; recorded after all inputs were available,2026-07-08T18:33:36+00:00
U0000005,2026-04-24T22:06:51+00:00,IOS,L2,30,25-34,SALARIED,TR,N/A,N/A,REVIEW_ONLY,BASELINE,0,4669.891741,1983.3436629999999,705.912738,3963.9790030000004,2,3,0.6734552413730753,1.6159393423717818,LOW,SYNTHETIC_UNCALIBRATED_OOF_RANK_PLUS_GRAPH,SYSTEM_DEMO,Demo-only band from uncalibrated ranking evidence; recorded after all inputs were available,2026-07-08T18:33:36+00:00
U0000006,2026-01-18T16:16:49+00:00,WEB,L2,51,50+,STUDENT,TR,N/A,N/A,REVIEW_ONLY,BASELINE,1,6832.252995,5893.492738,7191.074543,-358.8215479999999,2,4,0.08240584474741966,0.19545014520670265,MEDIUM,SYNTHETIC_UNCALIBRATED_OOF_RANK_PLUS_GRAPH,SYSTEM_DEMO,Demo-only band from uncalibrated ranking evidence; recorded after all inputs were available,2026-07-08T18:33:36+00:00
U0000007,2026-03-14T21:54:30+00:00,ANDROID,L2,65,50+,STUDENT,TR,N/A,N/A,NONE,BASELINE,0,3727.253399,3474.705565,443.215751,3284.037648,2,2,0.5855263268670935,1.2886707382461697,LOW,SYNTHETIC_UNCALIBRATED_OOF_RANK_PLUS_GRAPH,SYSTEM_DEMO,Demo-only band from uncalibrated ranking evidence; recorded after all inputs were available,2026-07-08T18:33:36+00:00
U0000008,2026-04-24T18:28:57+00:00,ANDROID,L2,19,18-24,SELF_EMPLOYED,TR,N/A,N/A,REVIEW_ONLY,BASELINE,0,1845.333887,1216.404221,788.187918,1057.1459690000002,1,1,0.33831550422630113,0.8237659335743299,LOW,SYNTHETIC_UNCALIBRATED_OOF_RANK_PLUS_GRAPH,SYSTEM_DEMO,Demo-only band from uncalibrated ranking evidence; recorded after all inputs were available,2026-07-08T18:33:36+00:00
U0000009,2026-02-28T13:05:06+00:00,WEB,L2,40,35-49,OTHER,NL,N/A,N/A,NONE,BASELINE,0,1974.1534820000002,2172.737876,853.182803,1120.970679,2,1,0.34854821873598685,0.7917213008313218,MEDIUM,SYNTHETIC_UNCALIBRATED_OOF_RANK_PLUS_GRAPH,SYSTEM_DEMO,Demo-only band from uncalibrated ranking evidence; recorded after all inputs were available,2026-07-08T18:33:36+00:00
U0000010,2026-02-09T09:06:09+00:00,WEB,L2,31,25-34,OTHER,TR,KA_09,N/A,NONE,BASELINE,0,9518.40653,3803.332502,1148.283293,8370.123237,2,1,0.724057847448322,1.7353373164889017,LOW,SYNTHETIC_UNCALIBRATED_OOF_RANK_PLUS_GRAPH,SYSTEM_DEMO,Demo-only band from uncalibrated ranking evidence; recorded after all inputs were available,2026-07-08T18:33:36+00:00
U0000011,2026-03-11T04:46:37+00:00,ANDROID,L2,19,18-24,SALARIED,TR,N/A,N/A,NONE,BASELINE,0,1338.579457,1358.637261,327.590446,1010.9890110000001,2,2,0.47743418159133005,1.0225909544956369,LOW,SYNTHETIC_UNCALIBRATED_OOF_RANK_PLUS_GRAPH,SYSTEM_DEMO,Demo-only band from uncalibrated ranking evidence; recorded after all inputs were available,2026-07-08T18:33:36+00:00
U0000012,2026-01-20T08:26:05+00:00,ANDROID,L1,62,50+,STUDENT,GB,N/A,BD_03,NONE,SYNTHETIC_GRAPH_SIGNAL,0,2465.325039,2695.8455679999997,3193.709968,-728.3849290000003,2,2,0.10914523844425843,0.2615423125901475,MEDIUM,SYNTHETIC_UNCALIBRATED_OOF_RANK_PLUS_GRAPH,SYSTEM_DEMO,Demo-only band from uncalibrated ranking evidence; recorded after all inputs were available,2026-07-08T18:33:36+00:00
U0000013,2026-03-23T21:49:47+00:00,IOS,L2,49,35-49,RETIRED,AE,N/A,N/A,NONE,BASELINE,0,4491.969369,4606.674899000001,4398.119693000001,93.84967599999982,1,2,0.01895656548786893,0.0463567133431326,MEDIUM,SYNTHETIC_UNCALIBRATED_OOF_RANK_PLUS_GRAPH,SYSTEM_DEMO,Demo-only band from uncalibrated ranking evidence; recorded after all inputs were available,2026-07-08T18:33:36+00:00
U0000014,2026-03-27T06:26:56+00:00,WEB,L2,62,50+,RETIRED,TR,N/A,N/A,NONE,BASELINE,0,4545.361907,4378.304583,3643.470425,901.8914820000005,3,1,0.09352060064054672,0.2152976023337931,MEDIUM,SYNTHETIC_UNCALIBRATED_OOF_RANK_PLUS_GRAPH,SYSTEM_DEMO,Demo-only band from uncalibrated ranking evidence; recorded after all inputs were available,2026-07-08T18:33:36+00:00
U0000015,2026-03-14T22:24:23+00:00,ANDROID,L2,35,35-49,SALARIED,TR,N/A,N/A,NONE,BASELINE,0,3272.6819189999997,1435.3290240000001,87.194205,3185.487714,1,1,0.8167984464285685,1.9929206044470993,LOW,SYNTHETIC_UNCALIBRATED_OOF_RANK_PLUS_GRAPH,SYSTEM_DEMO,Demo-only band from uncalibrated ranking evidence; recorded after all inputs were available,2026-07-08T18:33:36+00:00
U0000016,2026-02-08T20:54:47+00:00,WEB,L2,33,25-34,SELF_EMPLOYED,TR,N/A,N/A,NONE,BASELINE,0,4674.762829,6604.502655,3044.298671,1630.4641580000002,1,2,0.3047756662684515,0.7456671982211679,LOW,SYNTHETIC_UNCALIBRATED_OOF_RANK_PLUS_GRAPH,SYSTEM_DEMO,Demo-only band from uncalibrated ranking evidence; recorded after all inputs were available,2026-07-08T18:33:36+00:00
U0000017,2026-03-11T13:31:54+00:00,WEB,L2,66,50+,SALARIED,TR,N/A,N/A,REVIEW_ONLY,SYNTHETIC_GRAPH_SIGNAL,1,4808.53669,6940.5768530000005,6078.485933,-1269.949243,2,2,0.14736046681710216,0.35877631745152416,MEDIUM,SYNTHETIC_UNCALIBRATED_OOF_RANK_PLUS_GRAPH,SYSTEM_DEMO,Demo-only band from uncalibrated ranking evidence; recorded after all inputs were available,2026-07-08T18:33:36+00:00
U0000018,2026-01-24T16:50:47+00:00,ANDROID,L2,35,35-49,RETIRED,NL,N/A,N/A,NONE,BASELINE,0,4649.026664999999,4002.691176,4981.304126,-332.2774610000006,2,3,0.08941164003598256,0.21534762117353526,MEDIUM,SYNTHETIC_UNCALIBRATED_OOF_RANK_PLUS_GRAPH,SYSTEM_DEMO,Demo-only band from uncalibrated ranking evidence; recorded after all inputs were available,2026-07-08T18:33:36+00:00
U0000019,2026-04-06T14:28:21+00:00,ANDROID,L2,62,50+,SALARIED,TR,KA_06,N/A,NONE,BASELINE,0,4621.648829,2839.117719,3722.053524,899.5953049999998,1,2,0.19522603446877965,0.4781972074637526,MEDIUM,SYNTHETIC_UNCALIBRATED_OOF_RANK_PLUS_GRAPH,SYSTEM_DEMO,Demo-only band from uncalibrated ranking evidence; recorded after all inputs were available,2026-07-08T18:33:36+00:00
U0000020,2026-01-02T02:50:32+00:00,H5,L2,38,35-49,SELF_EMPLOYED,GB,N/A,N/A,NONE,BASELINE,0,4673.876815,4868.960765,4101.445275,572.4315399999996,1,2,0.07161583315375039,0.16875540433084926,MEDIUM,SYNTHETIC_UNCALIBRATED_OOF_RANK_PLUS_GRAPH,SYSTEM_DEMO,Demo-only band from uncalibrated ranking evidence; recorded after all inputs were available,2026-07-08T18:33:36+00:00
U0000021,2026-01-24T16:51:58+00:00,IOS,L2,44,35-49,SALARIED,DE,N/A,N/A,NONE,BASELINE,0,2080.849478,2309.584073,1100.005053,980.844425,2,1,0.28667907698119544,0.6609193402793581,LOW,SYNTHETIC_UNCALIBRATED_OOF_RANK_PLUS_GRAPH,SYSTEM_DEMO,Demo-only band from uncalibrated ranking evidence; recorded after all inputs were available,2026-07-08T18:33:36+00:00
U0000022,2026-04-30T20:53:30+00:00,IOS,L1,22,18-24,SELF_EMPLOYED,DE,N/A,N/A,NONE,BASELINE,0,21399.119333000002,2819.691131,4103.28535,17295.833983000004,2,2,0.8974020402913855,1.9680141248038505,MEDIUM,SYNTHETIC_UNCALIBRATED_OOF_RANK_PLUS_GRAPH,SYSTEM_DEMO,Demo-only band from uncalibrated ranking evidence; recorded after all inputs were available,2026-07-08T18:33:36+00:00
U0000023,2026-03-08T07:47:01+00:00,ANDROID,L2,58,50+,SALARIED,TR,N/A,BD_06,NONE,BASELINE,0,3325.50187,3701.012897,1690.544914,1634.956956,3,3,0.30037773490162045,0.6919080710375601,LOW,SYNTHETIC_UNCALIBRATED_OOF_RANK_PLUS_GRAPH,SYSTEM_DEMO,Demo-only band from uncalibrated ranking evidence; recorded after all inputs were available,2026-07-08T18:33:36+00:00
U0000024,2026-04-20T02:27:04+00:00,WEB,L2,20,18-24,SELF_EMPLOYED,TR,N/A,N/A,NONE,BASELINE,0,6032.185495,3205.351914,502.369599,5529.815896,1,2,0.6954049816240728,1.7032449770181626,LOW,SYNTHETIC_UNCALIBRATED_OOF_RANK_PLUS_GRAPH,SYSTEM_DEMO,Demo-only band from uncalibrated ranking evidence; recorded after all inputs were available,2026-07-08T18:33:36+00:00
U0000025,2026-04-21T04:13:51+00:00,ANDROID,L2,58,50+,SALARIED,TR,N/A,N/A,NONE,BASELINE,0,6168.5592719999995,6291.6889,834.5983309999999,5333.960940999999,2,2,0.5740506840658212,1.2313998287461088,LOW,SYNTHETIC_UNCALIBRATED_OOF_RANK_PLUS_GRAPH,SYSTEM_DEMO,Demo-only band from uncalibrated ranking evidence; recorded after all inputs were available,2026-07-08T18:33:36+00:00
U0000026,2026-04-28T09:45:58+00:00,WEB,L2,32,25-34,SALARIED,TR,N/A,N/A,NONE,BASELINE,0,5039.450667,2668.497148,2661.739663,2377.7110040000002,1,2,0.32381140630412975,0.6878831234917571,LOW,SYNTHETIC_UNCALIBRATED_OOF_RANK_PLUS_GRAPH,SYSTEM_DEMO,Demo-only band from uncalibrated ranking evidence; recorded after all inputs were available,2026-07-08T18:33:36+00:00
U0000027,2026-04-10T16:42:00+00:00,ANDROID,L2,36,35-49,OTHER,TR,N/A,N/A,NONE,BASELINE,0,954.8043829999999,730.850876,265.835504,688.9688789999999,1,1,0.44112723722463254,1.059142413681002,LOW,SYNTHETIC_UNCALIBRATED_OOF_RANK_PLUS_GRAPH,SYSTEM_DEMO,Demo-only band from uncalibrated ranking evidence; recorded after all inputs were available,2026-07-08T18:33:36+00:00
U0000028,2026-04-20T11:32:14+00:00,ANDROID,L2,71,50+,SALARIED,TR,KA_03,N/A,NONE,BASELINE,0,13525.070182,8649.220719,2233.87586,11291.194322,3,3,0.5683184813507721,1.3877970966719255,LOW,SYNTHETIC_UNCALIBRATED_OOF_RANK_PLUS_GRAPH,SYSTEM_DEMO,Demo-only band from uncalibrated ranking evidence; recorded after all inputs were available,2026-07-08T18:33:36+00:00
U0000029,2026-04-29T18:09:17+00:00,ANDROID,L2,58,50+,SALARIED,TR,N/A,N/A,NONE,BASELINE,0,2225.498739,3218.4554,2363.924082,-138.42534299999988,2,2,0.16871756301254773,0.3815210609955541,MEDIUM,SYNTHETIC_UNCALIBRATED_OOF_RANK_PLUS_GRAPH,SYSTEM_DEMO,Demo-only band from uncalibrated ranking evidence; recorded after all inputs were available,2026-07-08T18:33:36+00:00
U0000030,2026-01-18T15:50:30+00:00,ANDROID,L2,57,50+,SALARIED,TR,N/A,N/A,NONE,BASELINE,0,2409.127658,3196.526626,787.2698340000001,1621.8578239999997,1,2,0.4706989141016578,1.1305891079872816,LOW,SYNTHETIC_UNCALIBRATED_OOF_RANK_PLUS_GRAPH,SYSTEM_DEMO,Demo-only band from uncalibrated ranking evidence; recorded after all inputs were available,2026-07-08T18:33:36+00:00
U0000031,2026-01-07T00:31:46+00:00,IOS,L2,67,50+,STUDENT,AE,N/A,N/A,NONE,SYNTHETIC_GRAPH_SIGNAL,0,1554.016946,1781.383985,413.696819,1140.320127,1,1,0.47882413146612735,1.0944130485794883,LOW,SYNTHETIC_UNCALIBRATED_OOF_RANK_PLUS_GRAPH,SYSTEM_DEMO,Demo-only band from uncalibrated ranking evidence; recorded after all inputs were available,2026-07-08T18:33:36+00:00
U0000032,2026-03-09T11:41:56+00:00,WEB,L2,66,50+,SALARIED,TR,N/A,N/A,NONE,BASELINE,0,7702.779266,12639.486314,10242.779601999999,-2540.000335999999,1,1,0.197712821707785,0.48422753851990696,MEDIUM,SYNTHETIC_UNCALIBRATED_OOF_RANK_PLUS_GRAPH,SYSTEM_DEMO,Demo-only band from uncalibrated ranking evidence; recorded after all inputs were available,2026-07-08T18:33:36+00:00
U0000033,2026-02-12T00:45:23+00:00,ANDROID,L2,28,25-34,SALARIED,TR,N/A,N/A,NONE,BASELINE,0,9083.319593,16788.562293,7890.497247,1192.822346,1,1,0.3504153505435107,0.7906491137026708,LOW,SYNTHETIC_UNCALIBRATED_OOF_RANK_PLUS_GRAPH,SYSTEM_DEMO,Demo-only band from uncalibrated ranking evidence; recorded after all inputs were available,2026-07-08T18:33:36+00:00
U0000034,2026-03-26T00:37:33+00:00,IOS,L2,27,25-34,SALARIED,GB,N/A,BD_01,NONE,BASELINE,0,6591.775162,5565.887766,2882.288654,3709.486508,2,1,0.3119660802040019,0.7399265525108922,LOW,SYNTHETIC_UNCALIBRATED_OOF_RANK_PLUS_GRAPH,SYSTEM_DEMO,Demo-only band from uncalibrated ranking evidence; recorded after all inputs were available,2026-07-08T18:33:36+00:00
U0000035,2026-01-11T14:26:53+00:00,ANDROID,L2,19,18-24,SALARIED,NL,N/A,N/A,NONE,BASELINE,0,5952.448182,5772.726798,6609.027835,-656.5796529999998,1,2,0.058815222049804376,0.13684277065743808,MEDIUM,SYNTHETIC_UNCALIBRATED_OOF_RANK_PLUS_GRAPH,SYSTEM_DEMO,Demo-only band from uncalibrated ranking evidence; recorded after all inputs were available,2026-07-08T18:33:36+00:00
U0000036,2026-02-19T16:14:31+00:00,IOS,L2,63,50+,OTHER,TR,N/A,N/A,NONE,BASELINE,0,6543.4928469999995,3858.362778,4164.323747,2379.169099999999,2,2,0.24718581387737865,0.5530201160700081,LOW,SYNTHETIC_UNCALIBRATED_OOF_RANK_PLUS_GRAPH,SYSTEM_DEMO,Demo-only band from uncalibrated ranking evidence; recorded after all inputs were available,2026-07-08T18:33:36+00:00
U0000037,2026-02-08T08:47:48+00:00,H5,L2,45,35-49,SALARIED,TR,KA_00,N/A,NONE,BASELINE,0,10156.261838,14364.449776,8689.5691,1466.6927379999997,2,1,0.2172688606701408,0.5126316809729089,LOW,SYNTHETIC_UNCALIBRATED_OOF_RANK_PLUS_GRAPH,SYSTEM_DEMO,Demo-only band from uncalibrated ranking evidence; recorded after all inputs were available,2026-07-08T18:33:36+00:00
U0000038,2026-03-26T14:59:34+00:00,WEB,L2,50,50+,SELF_EMPLOYED,TR,N/A,N/A,NONE,BASELINE,0,3068.449687,2876.724196,2015.1809440000002,1053.2687429999996,2,1,0.17262888883015726,0.39694288730478966,LOW,SYNTHETIC_UNCALIBRATED_OOF_RANK_PLUS_GRAPH,SYSTEM_DEMO,Demo-only band from uncalibrated ranking evidence; recorded after all inputs were available,2026-07-08T18:33:36+00:00
U0000039,2026-01-27T22:33:55+00:00,ANDROID,L1,65,50+,SALARIED,GB,N/A,N/A,NONE,BASELINE,0,3198.372821,2640.630292,3494.481702,-296.1088810000001,2,1,0.1137826280801796,0.2744477845920191,LOW,SYNTHETIC_UNCALIBRATED_OOF_RANK_PLUS_GRAPH,SYSTEM_DEMO,Demo-only band from uncalibrated ranking evidence; recorded after all inputs were available,2026-07-08T18:33:36+00:00
U0000040,2026-03-23T02:38:46+00:00,WEB,L2,60,50+,STUDENT,DE,N/A,N/A,NONE,BASELINE,0,6237.55914,1703.328229,3030.783389,3206.775751,2,1,0.5204367899258938,1.2398013969824595,LOW,SYNTHETIC_UNCALIBRATED_OOF_RANK_PLUS_GRAPH,SYSTEM_DEMO,Demo-only band from uncalibrated ranking evidence; recorded after all inputs were available,2026-07-08T18:33:36+00:00
U0000041,2026-04-11T14:29:55+00:00,ANDROID,L1,21,18-24,RETIRED,GB,N/A,N/A,NONE,BASELINE,0,1175.159518,1166.19045,827.572535,347.5869829999999,2,3,0.15315756761240915,0.3290585200530541,LOW,SYNTHETIC_UNCALIBRATED_OOF_RANK_PLUS_GRAPH,SYSTEM_DEMO,Demo-only band from uncalibrated ranking evidence; recorded after all inputs were available,2026-07-08T18:33:36+00:00
U0000042,2026-03-31T04:10:27+00:00,ANDROID,L2,62,50+,SALARIED,TR,N/A,N/A,NONE,BASELINE,0,3738.030531,5401.571841999999,1346.6990489999998,2391.331482,2,2,0.47612380330285625,1.1600485137189487,LOW,SYNTHETIC_UNCALIBRATED_OOF_RANK_PLUS_GRAPH,SYSTEM_DEMO,Demo-only band from uncalibrated ranking evidence; recorded after all inputs were available,2026-07-08T18:33:36+00:00
U0000043,2026-03-25T14:26:22+00:00,ANDROID,L2,64,50+,SALARIED,DE,N/A,N/A,NONE,BASELINE,0,1204.5681240000001,832.626736,994.894351,209.6737730000001,1,2,0.15064365496471502,0.3680050573551545,MEDIUM,SYNTHETIC_UNCALIBRATED_OOF_RANK_PLUS_GRAPH,SYSTEM_DEMO,Demo-only band from uncalibrated ranking evidence; recorded after all inputs were available,2026-07-08T18:33:36+00:00
U0000044,2026-02-06T11:33:11+00:00,IOS,L2,44,35-49,STUDENT,DE,N/A,N/A,NONE,BASELINE,0,868.580216,779.119884,420.51056400000004,448.0696519999999,3,2,0.28083975897958724,0.6499381225509432,LOW,SYNTHETIC_UNCALIBRATED_OOF_RANK_PLUS_GRAPH,SYSTEM_DEMO,Demo-only band from uncalibrated ranking evidence; recorded after all inputs were available,2026-07-08T18:33:36+00:00
U0000045,2026-04-08T11:33:49+00:00,ANDROID,L2,69,50+,RETIRED,TR,N/A,BD_04,NONE,BASELINE,0,2723.5796840000003,718.912385,432.324472,2291.255212,1,2,0.789169540344149,1.7739589896109098,LOW,SYNTHETIC_UNCALIBRATED_OOF_RANK_PLUS_GRAPH,SYSTEM_DEMO,Demo-only band from uncalibrated ranking evidence; recorded after all inputs were available,2026-07-08T18:33:36+00:00
U0000046,2026-04-24T15:13:57+00:00,WEB,L2,32,25-34,SALARIED,TR,KA_09,N/A,NONE,BASELINE,0,3703.377086,1222.943763,1059.454698,2643.922388,2,2,0.6062697870274723,1.3251026707767732,LOW,SYNTHETIC_UNCALIBRATED_OOF_RANK_PLUS_GRAPH,SYSTEM_DEMO,Demo-only band from uncalibrated ranking evidence; recorded after all inputs were available,2026-07-08T18:33:36+00:00
U0000047,2026-04-04T18:53:44+00:00,IOS,L1,25,25-34,SALARIED,TR,N/A,N/A,NONE,BASELINE,0,4010.022215,3076.205948,1154.444131,2855.5780839999998,1,2,0.4327853027558695,1.0395673977033892,LOW,SYNTHETIC_UNCALIBRATED_OOF_RANK_PLUS_GRAPH,SYSTEM_DEMO,Demo-only band from uncalibrated ranking evidence; recorded after all inputs were available,2026-07-08T18:33:36+00:00
U0000048,2026-02-28T20:34:59+00:00,ANDROID,L2,49,35-49,SELF_EMPLOYED,TR,N/A,N/A,REVIEW_ONLY,BASELINE,0,3029.79354,3109.697309,1570.271989,1459.521551,1,1,0.27534343228654284,0.5990166049255587,LOW,SYNTHETIC_UNCALIBRATED_OOF_RANK_PLUS_GRAPH,SYSTEM_DEMO,Demo-only band from uncalibrated ranking evidence; recorded after all inputs were available,2026-07-08T18:33:36+00:00
U0000049,2026-03-21T02:55:36+00:00,WEB,L2,42,35-49,SELF_EMPLOYED,NL,N/A,N/A,REVIEW_ONLY,BASELINE,0,1597.478685,2498.920349,2752.454899,-1154.9762139999998,3,1,0.21710080316014818,0.5059136427636234,MEDIUM,SYNTHETIC_UNCALIBRATED_OOF_RANK_PLUS_GRAPH,SYSTEM_DEMO,Demo-only band from uncalibrated ranking evidence; recorded after all inputs were available,2026-07-08T18:33:36+00:00
U0000050,2026-01-07T13:40:39+00:00,ANDROID,L2,59,50+,SALARIED,TR,N/A,N/A,REVIEW_ONLY,SYNTHETIC_GRAPH_SIGNAL,1,4912.519894999999,4219.545618,4465.855186,446.6647089999997,2,2,0.06327877961611701,0.15288534747469765,MEDIUM,SYNTHETIC_UNCALIBRATED_OOF_RANK_PLUS_GRAPH,SYSTEM_DEMO,Demo-only band from uncalibrated ranking evidence; recorded after all inputs were available,2026-07-08T18:33:36+00:00
U0000051,2026-01-26T06:40:49+00:00,IOS,L2,67,50+,SALARIED,TR,N/A,N/A,NONE,BASELINE,0,11146.866687,7350.381805,1060.0742989999999,10086.792388,2,2,0.6380713917831745,1.547265824028092,LOW,SYNTHETIC_UNCALIBRATED_OOF_RANK_PLUS_GRAPH,SYSTEM_DEMO,Demo-only band from uncalibrated ranking evidence; recorded after all inputs were available,2026-07-08T18:33:36+00:00
U0000052,2026-01-17T04:40:57+00:00,H5,L2,19,18-24,SALARIED,TR,N/A,N/A,NONE,BASELINE,0,17566.193876,22600.753613,13597.619779,3968.5740970000006,3,1,0.20556801506207725,0.502364342809017,LOW,SYNTHETIC_UNCALIBRATED_OOF_RANK_PLUS_GRAPH,SYSTEM_DEMO,Demo-only band from uncalibrated ranking evidence; recorded after all inputs were available,2026-07-08T18:33:36+00:00
U0000053,2026-03-02T16:30:37+00:00,ANDROID,L2,59,50+,OTHER,TR,N/A,N/A,NONE,BASELINE,0,17840.192193,34862.706427,1983.3862100000001,15856.805982999998,1,1,0.7365139968499309,1.8037056449826492,LOW,SYNTHETIC_UNCALIBRATED_OOF_RANK_PLUS_GRAPH,SYSTEM_DEMO,Demo-only band from uncalibrated ranking evidence; recorded after all inputs were available,2026-07-08T18:33:36+00:00
U0000054,2026-03-28T18:35:14+00:00,WEB,L2,52,50+,STUDENT,TR,N/A,N/A,NONE,BASELINE,0,5594.716612,4782.422373,3172.595779,2422.120833,2,2,0.22285366665957052,0.536273412399617,MEDIUM,SYNTHETIC_UNCALIBRATED_OOF_RANK_PLUS_GRAPH,SYSTEM_DEMO,Demo-only band from uncalibrated ranking evidence; recorded after all inputs were available,2026-07-08T18:33:36+00:00
U0000055,2026-02-26T16:20:18+00:00,WEB,L2,32,25-34,SELF_EMPLOYED,TR,KA_06,N/A,NONE,BASELINE,0,4947.128094,5034.268074,6075.776678,-1128.6485840000005,2,3,0.09579766311841191,0.21086811386248944,MEDIUM,SYNTHETIC_UNCALIBRATED_OOF_RANK_PLUS_GRAPH,SYSTEM_DEMO,Demo-only band from uncalibrated ranking evidence; recorded after all inputs were available,2026-07-08T18:33:36+00:00
U0000056,2026-04-18T23:22:49+00:00,IOS,L2,30,25-34,STUDENT,TR,N/A,BD_07,NONE,BASELINE,0,12582.616796,12038.11925,17081.983248,-4499.366452,1,1,0.1626022074971628,0.36284425212955046,LOW,SYNTHETIC_UNCALIBRATED_OOF_RANK_PLUS_GRAPH,SYSTEM_DEMO,Demo-only band from uncalibrated ranking evidence; recorded after all inputs were available,2026-07-08T18:33:36+00:00
U0000057,2026-01-14T08:09:58+00:00,ANDROID,L2,23,18-24,OTHER,TR,N/A,N/A,NONE,BASELINE,0,1276.950997,1695.795493,696.9811119999999,579.969885,2,2,0.3347896914826984,0.8165301264777637,LOW,SYNTHETIC_UNCALIBRATED_OOF_RANK_PLUS_GRAPH,SYSTEM_DEMO,Demo-only band from uncalibrated ranking evidence; recorded after all inputs were available,2026-07-08T18:33:36+00:00
U0000058,2026-03-03T08:09:42+00:00,ANDROID,L2,23,18-24,SALARIED,TR,N/A,N/A,NONE,BASELINE,0,6222.738755,6770.776376,5428.394402,794.3443530000004,3,3,0.08974502846709462,0.2186063238876508,LOW,SYNTHETIC_UNCALIBRATED_OOF_RANK_PLUS_GRAPH,SYSTEM_DEMO,Demo-only band from uncalibrated ranking evidence; recorded after all inputs were available,2026-07-08T18:33:36+00:00
U0000059,2026-01-18T06:24:09+00:00,IOS,L2,43,35-49,SALARIED,TR,N/A,N/A,NONE,SYNTHETIC_GRAPH_SIGNAL,0,7614.730614,5110.806434,2512.132684,5102.59793,2,2,0.4101506253890679,1.0046020198123033,MEDIUM,SYNTHETIC_UNCALIBRATED_OOF_RANK_PLUS_GRAPH,SYSTEM_DEMO,Demo-only band from uncalibrated ranking evidence; recorded after all inputs were available,2026-07-08T18:33:36+00:00
U0000060,2026-03-15T22:28:04+00:00,WEB,L2,55,50+,SALARIED,TR,N/A,N/A,NONE,BASELINE,0,3502.722268,3761.165413,3166.117282,336.6049859999998,1,1,0.07007425766530986,0.17115470216291595,MEDIUM,SYNTHETIC_UNCALIBRATED_OOF_RANK_PLUS_GRAPH,SYSTEM_DEMO,Demo-only band from uncalibrated ranking evidence; recorded after all inputs were available,2026-07-08T18:33:36+00:00
U0000061,2026-03-17T19:30:27+00:00,IOS,L2,31,25-34,STUDENT,AE,N/A,N/A,NONE,BASELINE,0,550.752406,705.894309,313.40279,237.34961599999997,3,2,0.3084004200501359,0.7499601466388158,MEDIUM,SYNTHETIC_UNCALIBRATED_OOF_RANK_PLUS_GRAPH,SYSTEM_DEMO,Demo-only band from uncalibrated ranking evidence; recorded after all inputs were available,2026-07-08T18:33:36+00:00
U0000062,2026-04-19T02:03:02+00:00,WEB,L2,31,25-34,OTHER,TR,N/A,N/A,NONE,BASELINE,0,685.521964,1841.986954,1235.957977,-550.436013,2,3,0.3764932729587003,0.9218614290481223,LOW,SYNTHETIC_UNCALIBRATED_OOF_RANK_PLUS_GRAPH,SYSTEM_DEMO,Demo-only band from uncalibrated ranking evidence; recorded after all inputs were available,2026-07-08T18:33:36+00:00
U0000063,2026-01-10T16:47:05+00:00,ANDROID,L1,52,50+,SALARIED,GB,N/A,N/A,NONE,BASELINE,0,7554.982504,11533.29838,7953.4648609999995,-398.48235699999987,1,1,0.1984581821167329,0.44135270483440464,MEDIUM,SYNTHETIC_UNCALIBRATED_OOF_RANK_PLUS_GRAPH,SYSTEM_DEMO,Demo-only band from uncalibrated ranking evidence; recorded after all inputs were available,2026-07-08T18:33:36+00:00
U0000064,2026-01-19T00:40:25+00:00,IOS,L2,32,25-34,SELF_EMPLOYED,TR,KA_03,N/A,REVIEW_ONLY,SYNTHETIC_GRAPH_SIGNAL,1,13246.711878,10246.019186,11866.668861,1380.043017,1,2,0.10404642041223527,0.254587976467194,MEDIUM,SYNTHETIC_UNCALIBRATED_OOF_RANK_PLUS_GRAPH,SYSTEM_DEMO,Demo-only band from uncalibrated ranking evidence; recorded after all inputs were available,2026-07-08T18:33:36+00:00
U0000065,2026-04-17T03:15:10+00:00,ANDROID,L1,29,25-34,SALARIED,AE,N/A,N/A,NONE,BASELINE,0,13797.662392,11857.116518,5677.562068,8120.100324,2,1,0.3315087658794789,0.7774810375357711,LOW,SYNTHETIC_UNCALIBRATED_OOF_RANK_PLUS_GRAPH,SYSTEM_DEMO,Demo-only band from uncalibrated ranking evidence; recorded after all inputs were available,2026-07-08T18:33:36+00:00
U0000066,2026-03-03T16:51:36+00:00,IOS,L1,62,50+,SELF_EMPLOYED,TR,N/A,N/A,NONE,BASELINE,0,4956.817707,4900.920615,4051.609159,905.2085480000001,1,1,0.08932988436494618,0.19523745795476832,MEDIUM,SYNTHETIC_UNCALIBRATED_OOF_RANK_PLUS_GRAPH,SYSTEM_DEMO,Demo-only band from uncalibrated ranking evidence; recorded after all inputs were available,2026-07-08T18:33:36+00:00
U0000067,2026-01-11T09:23:22+00:00,ANDROID,L2,39,35-49,SALARIED,TR,N/A,BD_02,NONE,BASELINE,0,6516.229473,5867.0812399999995,1517.057559,4999.1719140000005,1,2,0.4790171501229135,1.0789293814761747,LOW,SYNTHETIC_UNCALIBRATED_OOF_RANK_PLUS_GRAPH,SYSTEM_DEMO,Demo-only band from uncalibrated ranking evidence; recorded after all inputs were available,2026-07-08T18:33:36+00:00
U0000068,2026-04-18T18:39:02+00:00,WEB,L2,42,35-49,SALARIED,TR,N/A,N/A,NONE,BASELINE,0,3394.284229,3083.57771,512.985544,2881.2986849999998,2,1,0.5541252262333434,1.2364589666731824,LOW,SYNTHETIC_UNCALIBRATED_OOF_RANK_PLUS_GRAPH,SYSTEM_DEMO,Demo-only band from uncalibrated ranking evidence; recorded after all inputs were available,2026-07-08T18:33:36+00:00
U0000069,2026-04-16T19:05:28+00:00,IOS,L2,23,18-24,SALARIED,TR,N/A,N/A,NONE,BASELINE,0,7990.5582939999995,2584.091973,607.57197,7382.9863239999995,1,3,0.8372120002015457,1.9807296351804748,MEDIUM,SYNTHETIC_UNCALIBRATED_OOF_RANK_PLUS_GRAPH,SYSTEM_DEMO,Demo-only band from uncalibrated ranking evidence; recorded after all inputs were available,2026-07-08T18:33:36+00:00
U0000070,2026-03-21T14:24:33+00:00,IOS,L2,49,35-49,SALARIED,TR,N/A,N/A,NONE,BASELINE,0,1996.331631,1449.959098,1180.715312,815.616319,1,1,0.2200043090268392,0.5288190539019008,LOW,SYNTHETIC_UNCALIBRATED_OOF_RANK_PLUS_GRAPH,SYSTEM_DEMO,Demo-only band from uncalibrated ranking evidence; recorded after all inputs were available,2026-07-08T18:33:36+00:00
U0000071,2026-03-11T13:42:54+00:00,IOS,L2,37,35-49,SALARIED,TR,N/A,N/A,NONE,BASELINE,0,4523.569065,4659.420062,2730.1337439999998,1793.435321,2,2,0.22140414013883522,0.4858389371681317,MEDIUM,SYNTHETIC_UNCALIBRATED_OOF_RANK_PLUS_GRAPH,SYSTEM_DEMO,Demo-only band from uncalibrated ranking evidence; recorded after all inputs were available,2026-07-08T18:33:36+00:00
U0000072,2026-03-09T02:11:29+00:00,ANDROID,L2,61,50+,SALARIED,TR,N/A,N/A,NONE,SYNTHETIC_GRAPH_SIGNAL,0,1752.14616,770.177902,221.155847,1530.990313,1,1,0.692514467264456,1.6741405409723376,LOW,SYNTHETIC_UNCALIBRATED_OOF_RANK_PLUS_GRAPH,SYSTEM_DEMO,Demo-only band from uncalibrated ranking evidence; recorded after all inputs were available,2026-07-08T18:33:36+00:00
U0000073,2026-03-25T21:35:10+00:00,IOS,L2,22,18-24,SALARIED,AE,KA_00,N/A,REVIEW_ONLY,BASELINE,0,4911.374637,3847.639481,4661.224092,250.1505449999995,1,1,0.10151541670829749,0.23779052339190926,LOW,SYNTHETIC_UNCALIBRATED_OOF_RANK_PLUS_GRAPH,SYSTEM_DEMO,Demo-only band from uncalibrated ranking evidence; recorded after all inputs were available,2026-07-08T18:33:36+00:00
U0000074,2026-02-12T16:22:23+00:00,IOS,L2,62,50+,SELF_EMPLOYED,TR,N/A,N/A,NONE,SYNTHETIC_GRAPH_SIGNAL,0,2412.886112,566.31619,1533.394792,879.4913200000001,3,2,0.5013576139431128,1.2276100991523617,LOW,SYNTHETIC_UNCALIBRATED_OOF_RANK_PLUS_GRAPH,SYSTEM_DEMO,Demo-only band from uncalibrated ranking evidence; recorded after all inputs were available,2026-07-08T18:33:36+00:00
U0000075,2026-04-13T19:31:24+00:00,ANDROID,L2,40,35-49,SELF_EMPLOYED,TR,N/A,N/A,NONE,BASELINE,0,2119.648432,549.034566,783.400265,1336.248167,1,1,0.6012042227375614,1.3649269843813727,LOW,SYNTHETIC_UNCALIBRATED_OOF_RANK_PLUS_GRAPH,SYSTEM_DEMO,Demo-only band from uncalibrated ranking evidence; recorded after all inputs were available,2026-07-08T18:33:36+00:00
U0000076,2026-01-25T02:59:45+00:00,IOS,L2,47,35-49,SELF_EMPLOYED,TR,N/A,N/A,NONE,BASELINE,0,12343.389356,7467.706735,3836.0338930000003,8507.355463,2,1,0.4421849910875823,1.079288116835684,LOW,SYNTHETIC_UNCALIBRATED_OOF_RANK_PLUS_GRAPH,SYSTEM_DEMO,Demo-only band from uncalibrated ranking evidence; recorded after all inputs were available,2026-07-08T18:33:36+00:00
U0000077,2026-03-18T21:05:34+00:00,IOS,L1,26,25-34,SELF_EMPLOYED,TR,N/A,N/A,NONE,BASELINE,0,10404.340079,6219.107506,6433.281797,3971.058282,1,1,0.25039677148239226,0.5445567543852087,LOW,SYNTHETIC_UNCALIBRATED_OOF_RANK_PLUS_GRAPH,SYSTEM_DEMO,Demo-only band from uncalibrated ranking evidence; recorded after all inputs were available,2026-07-08T18:33:36+00:00
U0000078,2026-03-29T07:43:39+00:00,ANDROID,L2,63,50+,SALARIED,TR,N/A,BD_05,NONE,BASELINE,0,6460.164858,2110.129667,1323.896405,5136.268453000001,1,1,0.6849063024846522,1.5573588045768592,LOW,SYNTHETIC_UNCALIBRATED_OOF_RANK_PLUS_GRAPH,SYSTEM_DEMO,Demo-only band from uncalibrated ranking evidence; recorded after all inputs were available,2026-07-08T18:33:36+00:00
U0000079,2026-01-14T21:15:57+00:00,WEB,L2,20,18-24,SALARIED,TR,N/A,N/A,NONE,BASELINE,0,14788.536452999999,12788.391355,4826.660097,9961.876355999999,3,2,0.398365606586689,0.9222938260916633,LOW,SYNTHETIC_UNCALIBRATED_OOF_RANK_PLUS_GRAPH,SYSTEM_DEMO,Demo-only band from uncalibrated ranking evidence; recorded after all inputs were available,2026-07-08T18:33:36+00:00
U0000080,2026-03-03T20:10:27+00:00,H5,L2,62,50+,SALARIED,GB,N/A,N/A,NONE,BASELINE,0,4709.39632,5756.15266,3015.9163399999998,1693.47998,1,1,0.2512414756804395,0.6097785934147996,LOW,SYNTHETIC_UNCALIBRATED_OOF_RANK_PLUS_GRAPH,SYSTEM_DEMO,Demo-only band from uncalibrated ranking evidence; recorded after all inputs were available,2026-07-08T18:33:36+00:00
U0000081,2026-03-29T13:15:33+00:00,H5,L1,61,50+,STUDENT,TR,N/A,N/A,NONE,BASELINE,0,5153.914675,4507.570813,3127.4802099999997,2026.4344650000003,1,3,0.19825818497652511,0.4753553601250734,LOW,SYNTHETIC_UNCALIBRATED_OOF_RANK_PLUS_GRAPH,SYSTEM_DEMO,Demo-only band from uncalibrated ranking evidence; recorded after all inputs were available,2026-07-08T18:33:36+00:00
U0000082,2026-04-22T04:30:41+00:00,WEB,L2,23,18-24,SELF_EMPLOYED,TR,KA_09,N/A,NONE,BASELINE,0,3808.687738,4102.377005,1152.020888,2656.66685,2,1,0.43925953348259855,0.9766065015125972,LOW,SYNTHETIC_UNCALIBRATED_OOF_RANK_PLUS_GRAPH,SYSTEM_DEMO,Demo-only band from uncalibrated ranking evidence; recorded after all inputs were available,2026-07-08T18:33:36+00:00
U0000083,2026-01-22T16:24:34+00:00,WEB,L2,69,50+,SALARIED,GB,N/A,N/A,NONE,BASELINE,0,8530.827238,9184.015927,2424.579788,6106.24745,2,2,0.4534647447666467,1.0068961987800806,LOW,SYNTHETIC_UNCALIBRATED_OOF_RANK_PLUS_GRAPH,SYSTEM_DEMO,Demo-only band from uncalibrated ranking evidence; recorded after all inputs were available,2026-07-08T18:33:36+00:00
U0000084,2026-02-13T13:19:25+00:00,ANDROID,L2,19,18-24,SALARIED,TR,N/A,N/A,NONE,SYNTHETIC_GRAPH_SIGNAL,0,6540.207189,8068.802531,6561.662192,-21.455003000000033,1,1,0.10140207735086755,0.2166103204027586,LOW,SYNTHETIC_UNCALIBRATED_OOF_RANK_PLUS_GRAPH,SYSTEM_DEMO,Demo-only band from uncalibrated ranking evidence; recorded after all inputs were available,2026-07-08T18:33:36+00:00
U0000085,2026-02-13T20:29:34+00:00,WEB,L2,71,50+,RETIRED,TR,N/A,N/A,NONE,BASELINE,0,9699.803531000001,7052.36731,4475.749007,5224.054524000001,1,1,0.3014110657784582,0.7382807022175829,LOW,SYNTHETIC_UNCALIBRATED_OOF_RANK_PLUS_GRAPH,SYSTEM_DEMO,Demo-only band from uncalibrated ranking evidence; recorded after all inputs were available,2026-07-08T18:33:36+00:00
U0000086,2026-02-17T17:29:57+00:00,IOS,L1,24,18-24,STUDENT,TR,N/A,N/A,NONE,BASELINE,0,3319.290724,2536.211352,1230.728252,2088.5624719999996,2,1,0.36472012157384903,0.8842060060117198,LOW,SYNTHETIC_UNCALIBRATED_OOF_RANK_PLUS_GRAPH,SYSTEM_DEMO,Demo-only band from uncalibrated ranking evidence; recorded after all inputs were available,2026-07-08T18:33:36+00:00
U0000087,2026-02-27T14:31:53+00:00,ANDROID,L1,62,50+,SALARIED,DE,N/A,N/A,NONE,BASELINE,0,4016.477505,1677.693467,1686.135445,2330.34206,1,1,0.4473509267588437,0.9506857463042918,LOW,SYNTHETIC_UNCALIBRATED_OOF_RANK_PLUS_GRAPH,SYSTEM_DEMO,Demo-only band from uncalibrated ranking evidence; recorded after all inputs were available,2026-07-08T18:33:36+00:00
U0000088,2026-04-10T15:18:18+00:00,ANDROID,L2,52,50+,SALARIED,TR,N/A,N/A,NONE,BASELINE,0,17812.978035,18513.154251,9060.45379,8752.524245,2,1,0.28425950829140184,0.6248123913861743,LOW,SYNTHETIC_UNCALIBRATED_OOF_RANK_PLUS_GRAPH,SYSTEM_DEMO,Demo-only band from uncalibrated ranking evidence; recorded after all inputs were available,2026-07-08T18:33:36+00:00
U0000089,2026-04-05T04:33:28+00:00,ANDROID,L2,35,35-49,SALARIED,TR,N/A,BD_00,NONE,BASELINE,0,2588.479616,3105.327668,1336.632818,1251.846798,2,1,0.3168613190841291,0.7547300699554412,LOW,SYNTHETIC_UNCALIBRATED_OOF_RANK_PLUS_GRAPH,SYSTEM_DEMO,Demo-only band from uncalibrated ranking evidence; recorded after all inputs were available,2026-07-08T18:33:36+00:00
U0000090,2026-01-05T07:06:47+00:00,WEB,L2,42,35-49,SELF_EMPLOYED,GB,N/A,N/A,NONE,BASELINE,0,1939.988259,2060.292332,687.304766,1252.683493,1,1,0.3973190889323511,0.878696041630288,MEDIUM,SYNTHETIC_UNCALIBRATED_OOF_RANK_PLUS_GRAPH,SYSTEM_DEMO,Demo-only band from uncalibrated ranking evidence; recorded after all inputs were available,2026-07-08T18:33:36+00:00
U0000091,2026-02-06T22:39:44+00:00,ANDROID,L1,60,50+,SELF_EMPLOYED,NL,KA_06,N/A,NONE,BASELINE,0,9077.863274,3721.40059,1991.120559,7086.742714999999,1,2,0.6119026445765681,1.4374358053830552,LOW,SYNTHETIC_UNCALIBRATED_OOF_RANK_PLUS_GRAPH,SYSTEM_DEMO,Demo-only band from uncalibrated ranking evidence; recorded after all inputs were available,2026-07-08T18:33:36+00:00
U0000092,2026-03-24T12:24:44+00:00,ANDROID,L2,19,18-24,SELF_EMPLOYED,TR,N/A,N/A,NONE,BASELINE,0,2513.169694,2156.4525830000002,323.946048,2189.2236460000004,1,3,0.57617237926623,1.3152260088480918,LOW,SYNTHETIC_UNCALIBRATED_OOF_RANK_PLUS_GRAPH,SYSTEM_DEMO,Demo-only band from uncalibrated ranking evidence; recorded after all inputs were available,2026-07-08T18:33:36+00:00
U0000093,2026-03-21T13:53:59+00:00,IOS,L2,35,35-49,RETIRED,DE,N/A,N/A,NONE,BASELINE,0,14539.035955,10582.137205,6562.649884,7976.386070999999,3,3,0.30833205220242205,0.7552484490198379,LOW,SYNTHETIC_UNCALIBRATED_OOF_RANK_PLUS_GRAPH,SYSTEM_DEMO,Demo-only band from uncalibrated ranking evidence; recorded after all inputs were available,2026-07-08T18:33:36+00:00
U0000094,2026-02-03T09:21:04+00:00,H5,L2,39,35-49,SALARIED,TR,N/A,N/A,NONE,BASELINE,0,1625.646869,1628.139198,707.37132,918.275549,1,3,0.32828881401274695,0.6973476093289095,LOW,SYNTHETIC_UNCALIBRATED_OOF_RANK_PLUS_GRAPH,SYSTEM_DEMO,Demo-only band from uncalibrated ranking evidence; recorded after all inputs were available,2026-07-08T18:33:36+00:00
U0000095,2026-04-28T03:42:20+00:00,WEB,L2,55,50+,OTHER,TR,N/A,N/A,NONE,BASELINE,0,2077.730992,2039.841871,511.646102,1566.0848899999999,2,1,0.47275337142562984,1.0149130351193056,MEDIUM,SYNTHETIC_UNCALIBRATED_OOF_RANK_PLUS_GRAPH,SYSTEM_DEMO,Demo-only band from uncalibrated ranking evidence; recorded after all inputs were available,2026-07-08T18:33:36+00:00
U0000096,2026-01-15T07:37:22+00:00,WEB,L1,19,18-24,SALARIED,TR,N/A,N/A,NONE,BASELINE,0,6241.58521,3941.1138539999997,2243.04151,3998.5437,2,3,0.39560508076051526,0.9653856064804722,LOW,SYNTHETIC_UNCALIBRATED_OOF_RANK_PLUS_GRAPH,SYSTEM_DEMO,Demo-only band from uncalibrated ranking evidence; recorded after all inputs were available,2026-07-08T18:33:36+00:00
U0000097,2026-04-19T09:10:59+00:00,ANDROID,L1,37,35-49,OTHER,TR,N/A,N/A,NONE,BASELINE,0,16539.348824,16513.798531,10701.15066,5838.198164000001,2,2,0.18828896913240795,0.40029426334289697,MEDIUM,SYNTHETIC_UNCALIBRATED_OOF_RANK_PLUS_GRAPH,SYSTEM_DEMO,Demo-only band from uncalibrated ranking evidence; recorded after all inputs were available,2026-07-08T18:33:36+00:00
U0000098,2026-03-05T10:39:07+00:00,ANDROID,L2,37,35-49,RETIRED,TR,N/A,N/A,NONE,BASELINE,0,2240.107952,2546.46152,492.407418,1747.7005339999998,2,2,0.5141724187133418,1.1673023834737797,LOW,SYNTHETIC_UNCALIBRATED_OOF_RANK_PLUS_GRAPH,SYSTEM_DEMO,Demo-only band from uncalibrated ranking evidence; recorded after all inputs were available,2026-07-08T18:33:36+00:00
U0000099,2026-02-28T06:30:12+00:00,IOS,L1,19,18-24,SALARIED,TR,N/A,N/A,NONE,BASELINE,0,2911.859434,1468.713716,252.889119,2658.970315,2,1,0.7036908122067066,1.7215875476895999,LOW,SYNTHETIC_UNCALIBRATED_OOF_RANK_PLUS_GRAPH,SYSTEM_DEMO,Demo-only band from uncalibrated ranking evidence; recorded after all inputs were available,2026-07-08T18:33:36+00:00
U0000100,2026-04-03T09:31:10+00:00,ANDROID,L2,31,25-34,OTHER,DE,KA_03,BD_03,NONE,BASELINE,0,3756.420909,1480.279781,190.464931,3565.955978,1,3,0.8149232528690527,1.9711703458257146,MEDIUM,SYNTHETIC_UNCALIBRATED_OOF_RANK_PLUS_GRAPH,SYSTEM_DEMO,Demo-only band from uncalibrated ranking evidence; recorded after all inputs were available,2026-07-08T18:33:36+00:00
U0000101,2026-01-11T23:27:18+00:00,ANDROID,L2,37,35-49,SALARIED,TR,N/A,N/A,NONE,BASELINE,0,3732.906575,2721.018729,2257.574532,1475.3320429999999,2,2,0.212139545708921,0.5080636184724138,MEDIUM,SYNTHETIC_UNCALIBRATED_OOF_RANK_PLUS_GRAPH,SYSTEM_DEMO,Demo-only band from uncalibrated ranking evidence; recorded after all inputs were available,2026-07-08T18:33:36+00:00
U0000102,2026-04-08T01:24:45+00:00,IOS,L2,46,35-49,STUDENT,TR,N/A,N/A,NONE,BASELINE,0,2352.828161,1460.598598,1241.868823,1110.959338,2,1,0.2851619488946159,0.6592844987871966,MEDIUM,SYNTHETIC_UNCALIBRATED_OOF_RANK_PLUS_GRAPH,SYSTEM_DEMO,Demo-only band from uncalibrated ranking evidence; recorded after all inputs were available,2026-07-08T18:33:36+00:00
U0000103,2026-01-19T07:24:21+00:00,WEB,L2,31,25-34,RETIRED,TR,N/A,N/A,NONE,BASELINE,0,7518.88781,14395.395836,11388.724184,-3869.8363740000004,1,1,0.25355233331918325,0.6194492756722267,MEDIUM,SYNTHETIC_UNCALIBRATED_OOF_RANK_PLUS_GRAPH,SYSTEM_DEMO,Demo-only band from uncalibrated ranking evidence; recorded after all inputs were available,2026-07-08T18:33:36+00:00
U0000104,2026-04-09T13:10:46+00:00,WEB,L2,60,50+,SALARIED,NL,N/A,N/A,NONE,BASELINE,0,2990.972276,4043.999446,2617.904771,373.067505,2,1,0.18767168376262994,0.4432133808095953,LOW,SYNTHETIC_UNCALIBRATED_OOF_RANK_PLUS_GRAPH,SYSTEM_DEMO,Demo-only band from uncalibrated ranking evidence; recorded after all inputs were available,2026-07-08T18:33:36+00:00
U0000105,2026-03-25T12:01:15+00:00,ANDROID,L2,25,25-34,SALARIED,TR,N/A,N/A,REVIEW_ONLY,SYNTHETIC_GRAPH_SIGNAL,0,1996.184622,3137.377512,1274.295048,721.889574,2,1,0.35908772248680154,0.8722490581875769,LOW,SYNTHETIC_UNCALIBRATED_OOF_RANK_PLUS_GRAPH,SYSTEM_DEMO,Demo-only band from uncalibrated ranking evidence; recorded after all inputs were available,2026-07-08T18:33:36+00:00
U0000106,2026-01-01T13:10:22+00:00,WEB,L2,63,50+,STUDENT,AE,N/A,N/A,REVIEW_ONLY,SYNTHETIC_GRAPH_SIGNAL,1,12370.297727000001,11063.973167,11644.877876,725.4198510000006,3,1,0.04570163295368028,0.1117180381341392,MEDIUM,SYNTHETIC_UNCALIBRATED_OOF_RANK_PLUS_GRAPH,SYSTEM_DEMO,Demo-only band from uncalibrated ranking evidence; recorded after all inputs were available,2026-07-08T18:33:36+00:00
U0000107,2026-01-23T11:06:00+00:00,WEB,L2,64,50+,SELF_EMPLOYED,TR,N/A,N/A,REVIEW_ONLY,BASELINE,0,7751.819878,10764.082521,7365.300036000001,386.5198419999997,1,1,0.1761101791833923,0.3939673004222997,LOW,SYNTHETIC_UNCALIBRATED_OOF_RANK_PLUS_GRAPH,SYSTEM_DEMO,Demo-only band from uncalibrated ranking evidence; recorded after all inputs were available,2026-07-08T18:33:36+00:00
U0000108,2026-03-18T22:22:43+00:00,IOS,L1,36,35-49,STUDENT,TR,N/A,N/A,NONE,BASELINE,0,4748.460017,5386.233501,4334.722282,413.7377350000006,1,1,0.08967465659566913,0.2180138922402106,MEDIUM,SYNTHETIC_UNCALIBRATED_OOF_RANK_PLUS_GRAPH,SYSTEM_DEMO,Demo-only band from uncalibrated ranking evidence; recorded after all inputs were available,2026-07-08T18:33:36+00:00
U0000109,2026-03-16T08:51:03+00:00,WEB,L1,69,50+,STUDENT,TR,KA_00,N/A,NONE,BASELINE,0,545.426428,1193.526702,515.196232,30.230195999999978,2,3,0.41641368725487254,0.9027757629132649,LOW,SYNTHETIC_UNCALIBRATED_OOF_RANK_PLUS_GRAPH,SYSTEM_DEMO,Demo-only band from uncalibrated ranking evidence; recorded after all inputs were available,2026-07-08T18:33:36+00:00
U0000110,2026-02-16T18:55:13+00:00,ANDROID,L2,48,35-49,SELF_EMPLOYED,DE,N/A,N/A,REVIEW_ONLY,BASELINE,0,15993.100864,14853.523766,10981.793285,5011.307579,1,1,0.15382960969074347,0.35941887086312,MEDIUM,SYNTHETIC_UNCALIBRATED_OOF_RANK_PLUS_GRAPH,SYSTEM_DEMO,Demo-only band from uncalibrated ranking evidence; recorded after all inputs were available,2026-07-08T18:33:36+00:00
U0000111,2026-01-25T23:22:25+00:00,ANDROID,L2,37,35-49,SALARIED,DE,N/A,BD_06,NONE,BASELINE,0,6752.784084000001,4635.519796,7208.571889999999,-455.78780599999845,1,2,0.18084784838215875,0.4150781226625358,MEDIUM,SYNTHETIC_UNCALIBRATED_OOF_RANK_PLUS_GRAPH,SYSTEM_DEMO,Demo-only band from uncalibrated ranking evidence; recorded after all inputs were available,2026-07-08T18:33:36+00:00
U0000112,2026-04-09T19:13:28+00:00,IOS,L2,69,50+,SALARIED,TR,N/A,N/A,NONE,BASELINE,0,4891.025664,2930.97092,2920.579784,1970.4458799999998,2,1,0.2587193878797791,0.5502718749674146,LOW,SYNTHETIC_UNCALIBRATED_OOF_RANK_PLUS_GRAPH,SYSTEM_DEMO,Demo-only band from uncalibrated ranking evidence; recorded after all inputs were available,2026-07-08T18:33:36+00:00
U0000113,2026-03-22T01:11:59+00:00,WEB,L1,48,35-49,SALARIED,TR,N/A,N/A,NONE,BASELINE,0,1492.384168,1568.323833,623.9652140000001,868.418954,2,1,0.3487954010917366,0.7688811711895596,LOW,SYNTHETIC_UNCALIBRATED_OOF_RANK_PLUS_GRAPH,SYSTEM_DEMO,Demo-only band from uncalibrated ranking evidence; recorded after all inputs were available,2026-07-08T18:33:36+00:00
U0000114,2026-04-26T02:33:39+00:00,IOS,L2,71,50+,SELF_EMPLOYED,TR,N/A,N/A,NONE,BASELINE,0,3534.986372,2562.407424,1148.9283560000001,2386.058016,3,3,0.40557061431783714,0.9878354698906574,LOW,SYNTHETIC_UNCALIBRATED_OOF_RANK_PLUS_GRAPH,SYSTEM_DEMO,Demo-only band from uncalibrated ranking evidence; recorded after all inputs were available,2026-07-08T18:33:36+00:00
U0000115,2026-03-04T03:58:27+00:00,IOS,L1,50,50+,SELF_EMPLOYED,TR,N/A,N/A,NONE,BASELINE,0,2316.535584,1920.1600290000001,2307.793901,8.741683000000194,2,1,0.0847249817665249,0.1816989182206214,MEDIUM,SYNTHETIC_UNCALIBRATED_OOF_RANK_PLUS_GRAPH,SYSTEM_DEMO,Demo-only band from uncalibrated ranking evidence; recorded after all inputs were available,2026-07-08T18:33:36+00:00
U0000116,2026-03-17T06:51:33+00:00,WEB,L2,63,50+,OTHER,TR,N/A,N/A,NONE,BASELINE,0,3283.754362,1168.4762230000001,1583.672778,1700.081584,3,1,0.45484027674194283,1.0513479151935852,LOW,SYNTHETIC_UNCALIBRATED_OOF_RANK_PLUS_GRAPH,SYSTEM_DEMO,Demo-only band from uncalibrated ranking evidence; recorded after all inputs were available,2026-07-08T18:33:36+00:00
U0000117,2026-01-25T05:41:42+00:00,IOS,L2,68,50+,SALARIED,TR,N/A,N/A,NONE,BASELINE,0,10579.304848,9040.304117,10495.573935,83.73091299999942,2,3,0.07038811686721906,0.15331144454048792,LOW,SYNTHETIC_UNCALIBRATED_OOF_RANK_PLUS_GRAPH,SYSTEM_DEMO,Demo-only band from uncalibrated ranking evidence; recorded after all inputs were available,2026-07-08T18:33:36+00:00
U0000118,2026-03-06T02:29:52+00:00,ANDROID,L2,57,50+,STUDENT,TR,KA_09,N/A,NONE,BASELINE,0,3046.894053,2849.766062,3125.350469,-78.45641599999999,3,1,0.038549652188131674,0.09163735880183928,MEDIUM,SYNTHETIC_UNCALIBRATED_OOF_RANK_PLUS_GRAPH,SYSTEM_DEMO,Demo-only band from uncalibrated ranking evidence; recorded after all inputs were available,2026-07-08T18:33:36+00:00
U0000119,2026-03-10T12:59:43+00:00,IOS,L2,33,25-34,SELF_EMPLOYED,TR,N/A,N/A,NONE,SYNTHETIC_GRAPH_SIGNAL,0,7431.216213,1886.8139330000001,2176.512201,5254.704012,3,2,0.6650425496657646,1.4470525522350315,LOW,SYNTHETIC_UNCALIBRATED_OOF_RANK_PLUS_GRAPH,SYSTEM_DEMO,Demo-only band from uncalibrated ranking evidence; recorded after all inputs were available,2026-07-08T18:33:36+00:00
U0000120,2026-02-14T07:19:49+00:00,ANDROID,L2,33,25-34,SELF_EMPLOYED,TR,N/A,N/A,NONE,BASELINE,0,2416.022738,1898.800756,2551.516907,-135.49416900000006,2,3,0.12288218687595123,0.28518080063651075,LOW,SYNTHETIC_UNCALIBRATED_OOF_RANK_PLUS_GRAPH,SYSTEM_DEMO,Demo-only band from uncalibrated ranking evidence; recorded after all inputs were available,2026-07-08T18:33:36+00:00
U0000121,2026-03-15T04:00:02+00:00,IOS,L1,59,50+,SALARIED,TR,N/A,N/A,NONE,BASELINE,0,3419.624608,3090.331361,444.214774,2975.409834,1,1,0.5745366877052025,1.283579283839853,LOW,SYNTHETIC_UNCALIBRATED_OOF_RANK_PLUS_GRAPH,SYSTEM_DEMO,Demo-only band from uncalibrated ranking evidence; recorded after all inputs were available,2026-07-08T18:33:36+00:00
U0000122,2026-04-23T22:01:17+00:00,IOS,L2,51,50+,SALARIED,TR,N/A,BD_01,NONE,BASELINE,0,2898.807185,500.212383,946.86615,1951.9410350000003,2,2,0.7189680164863144,1.6557693581762059,LOW,SYNTHETIC_UNCALIBRATED_OOF_RANK_PLUS_GRAPH,SYSTEM_DEMO,Demo-only band from uncalibrated ranking evidence; recorded after all inputs were available,2026-07-08T18:33:36+00:00
U0000123,2026-03-02T10:44:03+00:00,ANDROID,L2,61,50+,RETIRED,TR,N/A,N/A,NONE,BASELINE,0,7164.316823,2079.469921,2698.59324,4465.723583,2,2,0.5690414807014369,1.2773451126523794,MEDIUM,SYNTHETIC_UNCALIBRATED_OOF_RANK_PLUS_GRAPH,SYSTEM_DEMO,Demo-only band from uncalibrated ranking evidence; recorded after all inputs were available,2026-07-08T18:33:36+00:00
U0000124,2026-04-19T11:54:41+00:00,ANDROID,L2,52,50+,STUDENT,DE,N/A,N/A,NONE,BASELINE,0,4916.495272,5982.422525,312.457946,4604.037326,3,1,0.6583654788758446,1.5171995058340983,MEDIUM,SYNTHETIC_UNCALIBRATED_OOF_RANK_PLUS_GRAPH,SYSTEM_DEMO,Demo-only band from uncalibrated ranking evidence; recorded after all inputs were available,2026-07-08T18:33:36+00:00
U0000125,2026-02-08T01:54:50+00:00,IOS,L1,49,35-49,OTHER,TR,N/A,N/A,NONE,BASELINE,0,5801.38792,11258.695129,2435.778306,3365.609614,1,1,0.559430301700528,1.3576599662374855,LOW,SYNTHETIC_UNCALIBRATED_OOF_RANK_PLUS_GRAPH,SYSTEM_DEMO,Demo-only band from uncalibrated ranking evidence; recorded after all inputs were available,2026-07-08T18:33:36+00:00
U0000126,2026-04-25T17:03:07+00:00,WEB,L1,21,18-24,SELF_EMPLOYED,TR,N/A,N/A,NONE,BASELINE,0,7343.020529,6290.440689,1379.518973,5963.501556,2,2,0.5193301565069351,1.1916691050271966,LOW,SYNTHETIC_UNCALIBRATED_OOF_RANK_PLUS_GRAPH,SYSTEM_DEMO,Demo-only band from uncalibrated ranking evidence; recorded after all inputs were available,2026-07-08T18:33:36+00:00
U0000127,2026-04-13T01:44:08+00:00,ANDROID,L2,34,25-34,SALARIED,AE,KA_06,N/A,NONE,BASELINE,0,6261.185797,7884.636887,3976.188888,2284.996909,1,1,0.2654039714386304,0.6470222111057814,LOW,SYNTHETIC_UNCALIBRATED_OOF_RANK_PLUS_GRAPH,SYSTEM_DEMO,Demo-only band from uncalibrated ranking evidence; recorded after all inputs were available,2026-07-08T18:33:36+00:00
U0000128,2026-02-28T11:18:39+00:00,WEB,L2,65,50+,SELF_EMPLOYED,DE,N/A,N/A,NONE,BASELINE,0,1373.3640329999998,1608.54412,1055.1310349999999,318.23299799999995,3,2,0.16852184700735598,0.41125170643253134,LOW,SYNTHETIC_UNCALIBRATED_OOF_RANK_PLUS_GRAPH,SYSTEM_DEMO,Demo-only band from uncalibrated ranking evidence; recorded after all inputs were available,2026-07-08T18:33:36+00:00
U0000129,2026-01-23T15:56:23+00:00,ANDROID,L2,25,25-34,SELF_EMPLOYED,TR,N/A,N/A,NONE,BASELINE,0,3161.8457740000003,1877.7972359999999,713.389345,2448.4564290000003,1,1,0.5214515335372375,1.2767821965430266,LOW,SYNTHETIC_UNCALIBRATED_OOF_RANK_PLUS_GRAPH,SYSTEM_DEMO,Demo-only band from uncalibrated ranking evidence; recorded after all inputs were available,2026-07-08T18:33:36+00:00
U0000130,2026-01-03T03:50:33+00:00,IOS,L2,45,35-49,RETIRED,TR,N/A,N/A,NONE,BASELINE,0,12457.555493,3830.003388,8030.557606,4426.9978869999995,1,2,0.43456339698908686,1.064336390066902,LOW,SYNTHETIC_UNCALIBRATED_OOF_RANK_PLUS_GRAPH,SYSTEM_DEMO,Demo-only band from uncalibrated ranking evidence; recorded after all inputs were available,2026-07-08T18:33:36+00:00
U0000131,2026-02-27T00:47:35+00:00,ANDROID,L2,67,50+,OTHER,TR,N/A,N/A,NONE,BASELINE,0,1219.359852,2664.376991,2111.487436,-892.1275839999998,1,3,0.29789710741901176,0.7230841108288086,LOW,SYNTHETIC_UNCALIBRATED_OOF_RANK_PLUS_GRAPH,SYSTEM_DEMO,Demo-only band from uncalibrated ranking evidence; recorded after all inputs were available,2026-07-08T18:33:36+00:00
U0000132,2026-04-10T19:14:40+00:00,ANDROID,L2,61,50+,SELF_EMPLOYED,TR,N/A,N/A,REVIEW_ONLY,SYNTHETIC_GRAPH_SIGNAL,0,15216.290839000001,11662.671159,7530.526633,7685.764206000001,1,1,0.2738193865718484,0.6700853030761799,LOW,SYNTHETIC_UNCALIBRATED_OOF_RANK_PLUS_GRAPH,SYSTEM_DEMO,Demo-only band from uncalibrated ranking evidence; recorded after all inputs were available,2026-07-08T18:33:36+00:00
U0000133,2026-03-04T17:18:24+00:00,ANDROID,L2,41,35-49,SALARIED,TR,N/A,BD_04,NONE,BASELINE,0,2731.6274590000003,3930.178842,2389.8038509999997,341.8236080000006,3,2,0.2189052413027147,0.5105307117075671,LOW,SYNTHETIC_UNCALIBRATED_OOF_RANK_PLUS_GRAPH,SYSTEM_DEMO,Demo-only band from uncalibrated ranking evidence; recorded after all inputs were available,2026-07-08T18:33:36+00:00
U0000134,2026-02-03T11:20:05+00:00,ANDROID,L2,71,50+,SELF_EMPLOYED,TR,N/A,N/A,NONE,BASELINE,0,854.1029599999999,840.554736,539.624347,314.478613,2,2,0.19490651225360042,0.42225458596679055,LOW,SYNTHETIC_UNCALIBRATED_OOF_RANK_PLUS_GRAPH,SYSTEM_DEMO,Demo-only band from uncalibrated ranking evidence; recorded after all inputs were available,2026-07-08T18:33:36+00:00
U0000135,2026-02-06T23:11:17+00:00,WEB,L2,23,18-24,OTHER,TR,N/A,N/A,NONE,BASELINE,0,4971.552654,2326.712946,1550.232751,3421.319903,1,1,0.4965337527329547,1.159966279232005,LOW,SYNTHETIC_UNCALIBRATED_OOF_RANK_PLUS_GRAPH,SYSTEM_DEMO,Demo-only band from uncalibrated ranking evidence; recorded after all inputs were available,2026-07-08T18:33:36+00:00
U0000136,2026-04-12T05:51:50+00:00,WEB,L2,60,50+,SALARIED,TR,KA_03,N/A,NONE,BASELINE,0,3446.667759,1473.049656,2415.369647,1031.298112,2,1,0.3296480775405006,0.8071961871691278,MEDIUM,SYNTHETIC_UNCALIBRATED_OOF_RANK_PLUS_GRAPH,SYSTEM_DEMO,Demo-only band from uncalibrated ranking evidence; recorded after all inputs were available,2026-07-08T18:33:36+00:00
U0000137,2026-04-15T07:58:05+00:00,ANDROID,L2,42,35-49,SELF_EMPLOYED,AE,N/A,N/A,NONE,SYNTHETIC_GRAPH_SIGNAL,0,7004.45886,9771.999451,7144.9203449999995,-140.4614849999998,1,2,0.15962496748093036,0.34707956813005525,MEDIUM,SYNTHETIC_UNCALIBRATED_OOF_RANK_PLUS_GRAPH,SYSTEM_DEMO,Demo-only band from uncalibrated ranking evidence; recorded after all inputs were available,2026-07-08T18:33:36+00:00
U0000138,2026-02-12T07:38:31+00:00,IOS,L2,52,50+,SALARIED,TR,N/A,N/A,NONE,BASELINE,0,779.961503,614.036075,739.1873009999999,40.77420200000006,2,3,0.09928525154365507,0.2333488713989708,MEDIUM,SYNTHETIC_UNCALIBRATED_OOF_RANK_PLUS_GRAPH,SYSTEM_DEMO,Demo-only band from uncalibrated ranking evidence; recorded after all inputs were available,2026-07-08T18:33:36+00:00
U0000139,2026-03-15T10:46:56+00:00,IOS,L2,70,50+,RETIRED,TR,N/A,N/A,NONE,BASELINE,0,5453.628461,5368.826399,2569.1254950000002,2884.502966,1,1,0.30023945415015385,0.6461902679596027,LOW,SYNTHETIC_UNCALIBRATED_OOF_RANK_PLUS_GRAPH,SYSTEM_DEMO,Demo-only band from uncalibrated ranking evidence; recorded after all inputs were available,2026-07-08T18:33:36+00:00
U0000140,2026-01-11T09:50:49+00:00,IOS,L2,51,50+,SALARIED,DE,N/A,N/A,NONE,BASELINE,0,15811.047121,12475.225974,16376.560682,-565.5135609999998,2,3,0.11562408359073341,0.2620524300459234,LOW,SYNTHETIC_UNCALIBRATED_OOF_RANK_PLUS_GRAPH,SYSTEM_DEMO,Demo-only band from uncalibrated ranking evidence; recorded after all inputs were available,2026-07-08T18:33:36+00:00
U0000141,2026-02-23T22:23:42+00:00,ANDROID,L2,21,18-24,OTHER,NL,N/A,N/A,NONE,BASELINE,0,1226.5444499999999,705.006537,945.8333230000001,280.7111269999998,2,3,0.22220639240669052,0.5437625184659465,LOW,SYNTHETIC_UNCALIBRATED_OOF_RANK_PLUS_GRAPH,SYSTEM_DEMO,Demo-only band from uncalibrated ranking evidence; recorded after all inputs were available,2026-07-08T18:33:36+00:00
U0000142,2026-03-24T20:44:15+00:00,ANDROID,L1,41,35-49,SALARIED,AE,N/A,N/A,NONE,BASELINE,0,5268.606188,2722.245274,2463.447393,2805.158795,2,2,0.36323308712151187,0.8049775983757258,MEDIUM,SYNTHETIC_UNCALIBRATED_OOF_RANK_PLUS_GRAPH,SYSTEM_DEMO,Demo-only band from uncalibrated ranking evidence; recorded after all inputs were available,2026-07-08T18:33:36+00:00
U0000143,2026-03-14T09:00:46+00:00,WEB,L2,62,50+,SALARIED,NL,N/A,N/A,NONE,BASELINE,0,4230.081634,2967.267729,1371.985311,2858.096323,2,1,0.4094045167752806,1.000578142316583,LOW,SYNTHETIC_UNCALIBRATED_OOF_RANK_PLUS_GRAPH,SYSTEM_DEMO,Demo-only band from uncalibrated ranking evidence; recorded after all inputs were available,2026-07-08T18:33:36+00:00
U0000144,2026-02-03T01:09:19+00:00,ANDROID,L1,64,50+,SALARIED,TR,N/A,BD_07,NONE,SYNTHETIC_GRAPH_SIGNAL,0,4977.305651000001,4953.282254,5026.2677220000005,-48.96207099999992,2,2,0.0060916143467067314,0.014639200207612078,MEDIUM,SYNTHETIC_UNCALIBRATED_OOF_RANK_PLUS_GRAPH,SYSTEM_DEMO,Demo-only band from uncalibrated ranking evidence; recorded after all inputs were available,2026-07-08T18:33:36+00:00
U0000145,2026-03-04T01:11:31+00:00,IOS,L2,56,50+,SELF_EMPLOYED,TR,KA_00,N/A,NONE,BASELINE,0,1807.676904,5232.983112,609.5017929999999,1198.175111,1,1,0.7682835077524022,1.8130915794071412,LOW,SYNTHETIC_UNCALIBRATED_OOF_RANK_PLUS_GRAPH,SYSTEM_DEMO,Demo-only band from uncalibrated ranking evidence; recorded after all inputs were available,2026-07-08T18:33:36+00:00
U0000146,2026-01-26T10:21:05+00:00,H5,L2,47,35-49,SELF_EMPLOYED,TR,N/A,N/A,NONE,BASELINE,0,6604.459025,1820.742944,4039.31607,2565.1429550000003,2,1,0.470451779555489,1.1513600604609788,LOW,SYNTHETIC_UNCALIBRATED_OOF_RANK_PLUS_GRAPH,SYSTEM_DEMO,Demo-only band from uncalibrated ranking evidence; recorded after all inputs were available,2026-07-08T18:33:36+00:00
U0000147,2026-03-18T23:18:58+00:00,ANDROID,L2,37,35-49,SALARIED,GB,N/A,N/A,NONE,SYNTHETIC_GRAPH_SIGNAL,0,5012.139395,8251.730011,1024.975309,3987.164086,2,1,0.6205331782205615,1.517286004461978,LOW,SYNTHETIC_UNCALIBRATED_OOF_RANK_PLUS_GRAPH,SYSTEM_DEMO,Demo-only band from uncalibrated ranking evidence; recorded after all inputs were available,2026-07-08T18:33:36+00:00
U0000148,2026-01-24T06:31:04+00:00,ANDROID,L2,64,50+,OTHER,GB,N/A,N/A,NONE,BASELINE,0,1781.483292,1681.9464,779.556657,1001.9266349999999,2,1,0.3186581223944798,0.7084114012547816,MEDIUM,SYNTHETIC_UNCALIBRATED_OOF_RANK_PLUS_GRAPH,SYSTEM_DEMO,Demo-only band from uncalibrated ranking evidence; recorded after all inputs were available,2026-07-08T18:33:36+00:00
U0000149,2026-03-03T03:08:25+00:00,WEB,L1,63,50+,STUDENT,TR,N/A,N/A,NONE,BASELINE,0,4212.774359,2824.3932489999997,1527.821367,2684.952992,1,2,0.38400786803723874,0.9404400869062415,LOW,SYNTHETIC_UNCALIBRATED_OOF_RANK_PLUS_GRAPH,SYSTEM_DEMO,Demo-only band from uncalibrated ranking evidence; recorded after all inputs were available,2026-07-08T18:33:36+00:00
U0000150,2026-04-13T23:31:48+00:00,ANDROID,L2,41,35-49,OTHER,AE,N/A,N/A,REVIEW_ONLY,BASELINE,0,2924.699496,1596.103525,869.8451,2054.854396,1,2,0.473497544144164,1.1435662372368751,MEDIUM,SYNTHETIC_UNCALIBRATED_OOF_RANK_PLUS_GRAPH,SYSTEM_DEMO,Demo-only band from uncalibrated ranking evidence; recorded after all inputs were available,2026-07-08T18:33:36+00:00
U0000151,2026-01-20T08:14:15+00:00,ANDROID,L2,35,35-49,RETIRED,NL,N/A,N/A,NONE,BASELINE,0,1873.489062,2789.300242,617.471574,1256.017488,1,1,0.5058068234950259,1.2339325943433053,LOW,SYNTHETIC_UNCALIBRATED_OOF_RANK_PLUS_GRAPH,SYSTEM_DEMO,Demo-only band from uncalibrated ranking evidence; recorded after all inputs were available,2026-07-08T18:33:36+00:00
U0000152,2026-02-11T19:34:42+00:00,ANDROID,L2,67,50+,RETIRED,TR,N/A,N/A,NONE,BASELINE,0,1866.777247,2282.197596,1371.766627,495.01062,3,2,0.202230990349636,0.4947329850242019,MEDIUM,SYNTHETIC_UNCALIBRATED_OOF_RANK_PLUS_GRAPH,SYSTEM_DEMO,Demo-only band from uncalibrated ranking evidence; recorded after all inputs were available,2026-07-08T18:33:36+00:00
U0000153,2026-04-27T08:06:56+00:00,IOS,L2,24,18-24,SELF_EMPLOYED,TR,N/A,N/A,NONE,SYNTHETIC_GRAPH_SIGNAL,0,3124.107737,2796.482124,3174.9486190000002,-50.84088200000042,2,1,0.055318363186920336,0.12483037562829377,LOW,SYNTHETIC_UNCALIBRATED_OOF_RANK_PLUS_GRAPH,SYSTEM_DEMO,Demo-only band from uncalibrated ranking evidence; recorded after all inputs were available,2026-07-08T18:33:36+00:00
U0000154,2026-01-10T18:23:12+00:00,WEB,L2,52,50+,SALARIED,TR,KA_09,N/A,NONE,BASELINE,0,1393.971619,360.174611,730.206315,663.7653039999999,1,3,0.5164566692798939,1.248369934549688,LOW,SYNTHETIC_UNCALIBRATED_OOF_RANK_PLUS_GRAPH,SYSTEM_DEMO,Demo-only band from uncalibrated ranking evidence; recorded after all inputs were available,2026-07-08T18:33:36+00:00
U0000155,2026-04-21T01:28:32+00:00,WEB,L2,65,50+,SALARIED,AE,N/A,BD_02,NONE,BASELINE,0,5646.484802,3866.927713,3800.350853,1846.133949,3,2,0.19266130834979706,0.4159907078048047,MEDIUM,SYNTHETIC_UNCALIBRATED_OOF_RANK_PLUS_GRAPH,SYSTEM_DEMO,Demo-only band from uncalibrated ranking evidence; recorded after all inputs were available,2026-07-08T18:33:36+00:00
U0000156,2026-04-05T23:26:16+00:00,ANDROID,L2,21,18-24,SALARIED,TR,N/A,N/A,NONE,BASELINE,0,5305.3387920000005,3867.450132,954.332798,4351.005994,1,2,0.5361851154817431,1.2889168650598748,LOW,SYNTHETIC_UNCALIBRATED_OOF_RANK_PLUS_GRAPH,SYSTEM_DEMO,Demo-only band from uncalibrated ranking evidence; recorded after all inputs were available,2026-07-08T18:33:36+00:00
U0000157,2026-04-14T08:31:55+00:00,WEB,L2,43,35-49,SALARIED,TR,N/A,N/A,NONE,BASELINE,0,5065.051762,6749.574963,389.010623,4676.041139,1,1,0.6614552039138665,1.5636070194373002,LOW,SYNTHETIC_UNCALIBRATED_OOF_RANK_PLUS_GRAPH,SYSTEM_DEMO,Demo-only band from uncalibrated ranking evidence; recorded after all inputs were available,2026-07-08T18:33:36+00:00
U0000158,2026-03-30T00:49:12+00:00,WEB,L2,65,50+,SALARIED,TR,N/A,N/A,NONE,BASELINE,0,9650.811918,9959.398255,7333.402551,2317.4093669999993,2,1,0.1304905755666065,0.2923879285491173,MEDIUM,SYNTHETIC_UNCALIBRATED_OOF_RANK_PLUS_GRAPH,SYSTEM_DEMO,Demo-only band from uncalibrated ranking evidence; recorded after all inputs were available,2026-07-08T18:33:36+00:00
U0000159,2026-02-05T05:13:42+00:00,ANDROID,L2,32,25-34,SALARIED,NL,N/A,N/A,NONE,BASELINE,0,2196.849267,2449.820555,3435.299993,-1238.450726,1,2,0.19831631200055444,0.4597087421811906,LOW,SYNTHETIC_UNCALIBRATED_OOF_RANK_PLUS_GRAPH,SYSTEM_DEMO,Demo-only band from uncalibrated ranking evidence; recorded after all inputs were available,2026-07-08T18:33:36+00:00
U0000160,2026-01-11T22:40:37+00:00,IOS,L2,24,18-24,SALARIED,TR,N/A,N/A,NONE,BASELINE,0,21166.939226,24216.433031,30471.345231,-9304.406005,3,2,0.15317106970899486,0.36798262440850554,LOW,SYNTHETIC_UNCALIBRATED_OOF_RANK_PLUS_GRAPH,SYSTEM_DEMO,Demo-only band from uncalibrated ranking evidence; recorded after all inputs were available,2026-07-08T18:33:36+00:00
U0000161,2026-04-03T18:49:49+00:00,ANDROID,L1,65,50+,RETIRED,TR,N/A,N/A,NONE,BASELINE,0,2546.9564,2049.158025,268.243153,2278.713247,1,1,0.6032903711808013,1.4053530463956365,LOW,SYNTHETIC_UNCALIBRATED_OOF_RANK_PLUS_GRAPH,SYSTEM_DEMO,Demo-only band from uncalibrated ranking evidence; recorded after all inputs were available,2026-07-08T18:33:36+00:00
U0000162,2026-04-13T03:16:51+00:00,IOS,L2,67,50+,SALARIED,TR,N/A,N/A,NONE,BASELINE,0,6308.140398,7814.6482510000005,5941.930945,366.2094529999995,2,1,0.12116802553677276,0.2800015166760671,MEDIUM,SYNTHETIC_UNCALIBRATED_OOF_RANK_PLUS_GRAPH,SYSTEM_DEMO,Demo-only band from uncalibrated ranking evidence; recorded after all inputs were available,2026-07-08T18:33:36+00:00
U0000163,2026-03-16T03:31:59+00:00,IOS,L1,70,50+,SALARIED,TR,KA_06,N/A,NONE,BASELINE,0,4537.848805,6424.222552,3975.115006,562.7337989999996,3,2,0.21035858173220953,0.4918812994259487,MEDIUM,SYNTHETIC_UNCALIBRATED_OOF_RANK_PLUS_GRAPH,SYSTEM_DEMO,Demo-only band from uncalibrated ranking evidence; recorded after all inputs were available,2026-07-08T18:33:36+00:00
U0000164,2026-03-30T03:21:59+00:00,IOS,L1,46,35-49,SALARIED,AE,N/A,N/A,NONE,BASELINE,0,11006.457157,13201.952244,14521.125812999999,-3514.668655999998,3,3,0.11229011425690642,0.2722471599449645,MEDIUM,SYNTHETIC_UNCALIBRATED_OOF_RANK_PLUS_GRAPH,SYSTEM_DEMO,Demo-only band from uncalibrated ranking evidence; recorded after all inputs were available,2026-07-08T18:33:36+00:00
U0000165,2026-04-07T13:46:36+00:00,ANDROID,L2,63,50+,SALARIED,TR,N/A,N/A,NONE,BASELINE,0,2147.868422,863.982711,1391.907001,755.961421,1,3,0.3589385167793318,0.874629581325685,LOW,SYNTHETIC_UNCALIBRATED_OOF_RANK_PLUS_GRAPH,SYSTEM_DEMO,Demo-only band from uncalibrated ranking evidence; recorded after all inputs were available,2026-07-08T18:33:36+00:00
U0000166,2026-02-24T06:55:45+00:00,IOS,L2,52,50+,RETIRED,TR,N/A,BD_05,NONE,BASELINE,0,2635.565829,1753.898913,2599.422733,36.14309600000024,1,1,0.17486477358673674,0.37845805322541703,LOW,SYNTHETIC_UNCALIBRATED_OOF_RANK_PLUS_GRAPH,SYSTEM_DEMO,Demo-only band from uncalibrated ranking evidence; recorded after all inputs were available,2026-07-08T18:33:36+00:00
U0000167,2026-02-05T01:50:59+00:00,IOS,L2,69,50+,SALARIED,DE,N/A,N/A,NONE,BASELINE,0,4139.476331,3013.426687,3404.494743,734.9815879999996,1,1,0.13264631685285722,0.31997931767610316,LOW,SYNTHETIC_UNCALIBRATED_OOF_RANK_PLUS_GRAPH,SYSTEM_DEMO,Demo-only band from uncalibrated ranking evidence; recorded after all inputs were available,2026-07-08T18:33:36+00:00
U0000168,2026-04-02T12:56:39+00:00,WEB,L2,68,50+,STUDENT,NL,N/A,N/A,NONE,BASELINE,0,3042.048731,3625.525456,1338.98261,1703.0661209999998,1,1,0.36347480783964076,0.8567513741450323,MEDIUM,SYNTHETIC_UNCALIBRATED_OOF_RANK_PLUS_GRAPH,SYSTEM_DEMO,Demo-only band from uncalibrated ranking evidence; recorded after all inputs were available,2026-07-08T18:33:36+00:00
U0000169,2026-04-10T06:53:44+00:00,ANDROID,L2,52,50+,SALARIED,TR,N/A,N/A,NONE,BASELINE,0,4650.247066,3369.042102,1177.564652,3472.682414,2,2,0.46772289530077693,1.132783824327437,LOW,SYNTHETIC_UNCALIBRATED_OOF_RANK_PLUS_GRAPH,SYSTEM_DEMO,Demo-only band from uncalibrated ranking evidence; recorded after all inputs were available,2026-07-08T18:33:36+00:00
U0000170,2026-02-08T21:57:13+00:00,WEB,L2,21,18-24,SALARIED,TR,N/A,N/A,NONE,BASELINE,0,4141.9039219999995,674.117275,2460.35925,1681.5446719999995,2,1,0.5837791358796209,1.429743815180696,LOW,SYNTHETIC_UNCALIBRATED_OOF_RANK_PLUS_GRAPH,SYSTEM_DEMO,Demo-only band from uncalibrated ranking evidence; recorded after all inputs were available,2026-07-08T18:33:36+00:00
U0000171,2026-01-08T03:23:39+00:00,WEB,L2,45,35-49,SALARIED,TR,N/A,N/A,NONE,BASELINE,0,4695.253978,1636.043933,917.37811,3777.8758679999996,2,2,0.6779196647628978,1.5635445109100705,LOW,SYNTHETIC_UNCALIBRATED_OOF_RANK_PLUS_GRAPH,SYSTEM_DEMO,Demo-only band from uncalibrated ranking evidence; recorded after all inputs were available,2026-07-08T18:33:36+00:00
U0000172,2026-03-31T01:06:39+00:00,ANDROID,L2,34,25-34,STUDENT,AE,KA_03,N/A,NONE,BASELINE,0,1690.022853,783.951992,415.644327,1274.378526,1,1,0.5559355061986249,1.3230586282945662,LOW,SYNTHETIC_UNCALIBRATED_OOF_RANK_PLUS_GRAPH,SYSTEM_DEMO,Demo-only band from uncalibrated ranking evidence; recorded after all inputs were available,2026-07-08T18:33:36+00:00
U0000173,2026-01-07T10:21:54+00:00,IOS,L2,26,25-34,SELF_EMPLOYED,AE,N/A,N/A,NONE,BASELINE,0,1900.293112,3025.673897,296.775693,1603.517419,2,1,0.6431986669549761,1.5675086978466284,LOW,SYNTHETIC_UNCALIBRATED_OOF_RANK_PLUS_GRAPH,SYSTEM_DEMO,Demo-only band from uncalibrated ranking evidence; recorded after all inputs were available,2026-07-08T18:33:36+00:00
U0000174,2026-01-10T17:32:16+00:00,ANDROID,L1,21,18-24,STUDENT,DE,N/A,N/A,NONE,BASELINE,0,2943.32229,2400.179691,4723.463624,-1780.141334,1,1,0.2957034495504375,0.6923488241122286,LOW,SYNTHETIC_UNCALIBRATED_OOF_RANK_PLUS_GRAPH,SYSTEM_DEMO,Demo-only band from uncalibrated ranking evidence; recorded after all inputs were available,2026-07-08T18:33:36+00:00
U0000175,2026-04-27T00:13:23+00:00,WEB,L2,61,50+,RETIRED,TR,N/A,N/A,REVIEW_ONLY,BASELINE,0,8500.060941,13094.00962,3776.600741,4723.4601999999995,1,2,0.44980347829591183,1.1017535288786975,LOW,SYNTHETIC_UNCALIBRATED_OOF_RANK_PLUS_GRAPH,SYSTEM_DEMO,Demo-only band from uncalibrated ranking evidence; recorded after all inputs were available,2026-07-08T18:33:36+00:00
U0000176,2026-03-12T03:25:12+00:00,WEB,L2,41,35-49,STUDENT,TR,N/A,N/A,NONE,BASELINE,0,1074.2435070000001,1022.446831,97.379471,976.8640360000002,2,2,0.6136376952317907,1.3356877233253064,MEDIUM,SYNTHETIC_UNCALIBRATED_OOF_RANK_PLUS_GRAPH,SYSTEM_DEMO,Demo-only band from uncalibrated ranking evidence; recorded after all inputs were available,2026-07-08T18:33:36+00:00
U0000177,2026-03-12T01:19:37+00:00,WEB,L2,56,50+,STUDENT,NL,N/A,BD_00,NONE,BASELINE,0,11909.42115,19921.007696,7670.854539,4238.566611,1,1,0.385776708416588,0.930361150872263,LOW,SYNTHETIC_UNCALIBRATED_OOF_RANK_PLUS_GRAPH,SYSTEM_DEMO,Demo-only band from uncalibrated ranking evidence; recorded after all inputs were available,2026-07-08T18:33:36+00:00
U0000178,2026-04-08T05:40:18+00:00,IOS,L2,31,25-34,SELF_EMPLOYED,TR,N/A,N/A,REVIEW_ONLY,SYNTHETIC_GRAPH_SIGNAL,0,2632.700842,1431.3758639999999,1506.428736,1126.2721060000001,2,1,0.2959201038347895,0.6469744929835402,MEDIUM,SYNTHETIC_UNCALIBRATED_OOF_RANK_PLUS_GRAPH,SYSTEM_DEMO,Demo-only band from uncalibrated ranking evidence; recorded after all inputs were available,2026-07-08T18:33:36+00:00
U0000179,2026-02-12T18:07:04+00:00,IOS,L2,23,18-24,SALARIED,TR,N/A,N/A,NONE,BASELINE,0,2347.369657,4363.5173,1745.490905,601.8787520000001,2,2,0.3971848926105816,0.9287758084100618,MEDIUM,SYNTHETIC_UNCALIBRATED_OOF_RANK_PLUS_GRAPH,SYSTEM_DEMO,Demo-only band from uncalibrated ranking evidence; recorded after all inputs were available,2026-07-08T18:33:36+00:00
U0000180,2026-02-22T05:26:19+00:00,IOS,L2,68,50+,OTHER,TR,N/A,N/A,NONE,BASELINE,0,21633.693561,20464.705962,9290.471215,12343.222346,1,3,0.324795452390797,0.7205775590359111,MEDIUM,SYNTHETIC_UNCALIBRATED_OOF_RANK_PLUS_GRAPH,SYSTEM_DEMO,Demo-only band from uncalibrated ranking evidence; recorded after all inputs were available,2026-07-08T18:33:36+00:00
U0000181,2026-02-06T17:47:59+00:00,ANDROID,L2,39,35-49,SALARIED,TR,KA_00,N/A,NONE,BASELINE,0,3243.153478,3432.54219,928.980628,2314.17285,1,1,0.4490053271247326,0.9876402878516422,LOW,SYNTHETIC_UNCALIBRATED_OOF_RANK_PLUS_GRAPH,SYSTEM_DEMO,Demo-only band from uncalibrated ranking evidence; recorded after all inputs were available,2026-07-08T18:33:36+00:00
U0000182,2026-03-08T10:57:30+00:00,ANDROID,L2,41,35-49,SALARIED,NL,N/A,N/A,NONE,BASELINE,0,8665.458956,3341.156703,1200.491029,7464.967927000001,2,1,0.7129307317592085,1.6956706953346599,LOW,SYNTHETIC_UNCALIBRATED_OOF_RANK_PLUS_GRAPH,SYSTEM_DEMO,Demo-only band from uncalibrated ranking evidence; recorded after all inputs were available,2026-07-08T18:33:36+00:00
U0000183,2026-01-28T16:20:32+00:00,ANDROID,L2,36,35-49,RETIRED,GB,N/A,N/A,NONE,BASELINE,0,5089.150385,5634.046537,5121.834603,-32.68421800000033,2,1,0.047242529947408324,0.10316725804052958,LOW,SYNTHETIC_UNCALIBRATED_OOF_RANK_PLUS_GRAPH,SYSTEM_DEMO,Demo-only band from uncalibrated ranking evidence; recorded after all inputs were available,2026-07-08T18:33:36+00:00
U0000184,2026-04-20T01:38:55+00:00,ANDROID,L2,68,50+,SALARIED,TR,N/A,N/A,NONE,BASELINE,0,3388.098228,2969.260162,1540.2670010000002,1847.8312269999997,1,1,0.30049135316383435,0.70191904611192,MEDIUM,SYNTHETIC_UNCALIBRATED_OOF_RANK_PLUS_GRAPH,SYSTEM_DEMO,Demo-only band from uncalibrated ranking evidence; recorded after all inputs were available,2026-07-08T18:33:36+00:00
U0000185,2026-04-15T11:05:33+00:00,IOS,L2,61,50+,STUDENT,TR,N/A,N/A,NONE,BASELINE,0,6829.669385,8563.155032,2140.064199,4689.605186000001,3,3,0.464248837442939,1.0990358132666986,LOW,SYNTHETIC_UNCALIBRATED_OOF_RANK_PLUS_GRAPH,SYSTEM_DEMO,Demo-only band from uncalibrated ranking evidence; recorded after all inputs were available,2026-07-08T18:33:36+00:00
U0000186,2026-02-10T03:51:34+00:00,ANDROID,L2,71,50+,SALARIED,TR,N/A,N/A,NONE,BASELINE,0,6379.210936,6752.135222,650.472224,5728.738712,3,2,0.6078890589350305,1.328198390562712,MEDIUM,SYNTHETIC_UNCALIBRATED_OOF_RANK_PLUS_GRAPH,SYSTEM_DEMO,Demo-only band from uncalibrated ranking evidence; recorded after all inputs were available,2026-07-08T18:33:36+00:00
U0000187,2026-01-17T00:25:17+00:00,IOS,L2,37,35-49,SALARIED,GB,N/A,N/A,NONE,SYNTHETIC_GRAPH_SIGNAL,0,5428.782719,1441.074269,2165.6979069999998,3263.084812,2,2,0.5758725278550445,1.3240056077374982,LOW,SYNTHETIC_UNCALIBRATED_OOF_RANK_PLUS_GRAPH,SYSTEM_DEMO,Demo-only band from uncalibrated ranking evidence; recorded after all inputs were available,2026-07-08T18:33:36+00:00
U0000188,2026-01-31T23:23:58+00:00,IOS,L2,35,35-49,SALARIED,TR,N/A,BD_03,NONE,BASELINE,0,4473.305192,2942.390869,2255.762549,2217.5426429999998,1,1,0.28752278667280884,0.6878619034900673,LOW,SYNTHETIC_UNCALIBRATED_OOF_RANK_PLUS_GRAPH,SYSTEM_DEMO,Demo-only band from uncalibrated ranking evidence; recorded after all inputs were available,2026-07-08T18:33:36+00:00
U0000189,2026-01-10T14:24:29+00:00,WEB,L2,48,35-49,SELF_EMPLOYED,TR,N/A,N/A,NONE,BASELINE,0,3387.450455,2364.343794,1169.747529,2217.702926,2,1,0.39280638471358564,0.9612177447439224,LOW,SYNTHETIC_UNCALIBRATED_OOF_RANK_PLUS_GRAPH,SYSTEM_DEMO,Demo-only band from uncalibrated ranking evidence; recorded after all inputs were available,2026-07-08T18:33:36+00:00
U0000190,2026-03-31T12:48:13+00:00,ANDROID,L1,28,25-34,OTHER,TR,KA_09,N/A,NONE,BASELINE,0,4432.415127,2721.589236,1051.269119,3381.146008,2,2,0.5046925361926395,1.23620962131875,LOW,SYNTHETIC_UNCALIBRATED_OOF_RANK_PLUS_GRAPH,SYSTEM_DEMO,Demo-only band from uncalibrated ranking evidence; recorded after all inputs were available,2026-07-08T18:33:36+00:00
U0000191,2026-01-28T04:14:03+00:00,ANDROID,L2,39,35-49,SALARIED,AE,N/A,N/A,NONE,BASELINE,0,3683.727349,5213.939983,2053.630992,1630.096357,2,1,0.3534938469130562,0.8657354308595858,LOW,SYNTHETIC_UNCALIBRATED_OOF_RANK_PLUS_GRAPH,SYSTEM_DEMO,Demo-only band from uncalibrated ranking evidence; recorded after all inputs were available,2026-07-08T18:33:36+00:00
U0000192,2026-02-19T12:20:51+00:00,IOS,L2,42,35-49,SALARIED,TR,N/A,N/A,NONE,BASELINE,0,3328.7050010000003,3086.747201,1342.405321,1986.2996800000003,1,1,0.3421762133596972,0.7681114305506949,LOW,SYNTHETIC_UNCALIBRATED_OOF_RANK_PLUS_GRAPH,SYSTEM_DEMO,Demo-only band from uncalibrated ranking evidence; recorded after all inputs were available,2026-07-08T18:33:36+00:00
U0000193,2026-04-23T22:48:31+00:00,IOS,L2,20,18-24,SALARIED,TR,N/A,N/A,NONE,BASELINE,0,7102.0109680000005,3093.063683,2285.494138,4816.5168300000005,2,3,0.5062620386986828,1.1577637793828277,MEDIUM,SYNTHETIC_UNCALIBRATED_OOF_RANK_PLUS_GRAPH,SYSTEM_DEMO,Demo-only band from uncalibrated ranking evidence; recorded after all inputs were available,2026-07-08T18:33:36+00:00
U0000194,2026-01-22T03:59:36+00:00,ANDROID,L1,68,50+,SELF_EMPLOYED,TR,N/A,N/A,NONE,BASELINE,0,3080.834892,3038.2443869999997,3215.871983,-135.03709100000015,2,1,0.024334085297357238,0.057084688826305824,MEDIUM,SYNTHETIC_UNCALIBRATED_OOF_RANK_PLUS_GRAPH,SYSTEM_DEMO,Demo-only band from uncalibrated ranking evidence; recorded after all inputs were available,2026-07-08T18:33:36+00:00
U0000195,2026-02-14T12:50:55+00:00,WEB,L2,30,25-34,SALARIED,TR,N/A,N/A,NONE,BASELINE,0,2427.115671,3054.29961,3003.265641,-576.1499699999999,2,3,0.10055512433940611,0.22175870068623427,MEDIUM,SYNTHETIC_UNCALIBRATED_OOF_RANK_PLUS_GRAPH,SYSTEM_DEMO,Demo-only band from uncalibrated ranking evidence; recorded after all inputs were available,2026-07-08T18:33:36+00:00
U0000196,2026-03-02T20:10:18+00:00,ANDROID,L2,65,50+,OTHER,GB,N/A,N/A,NONE,BASELINE,0,2239.110714,886.2678040000001,2377.800585,-138.68987100000004,3,1,0.36677658375490607,0.8130933519064861,LOW,SYNTHETIC_UNCALIBRATED_OOF_RANK_PLUS_GRAPH,SYSTEM_DEMO,Demo-only band from uncalibrated ranking evidence; recorded after all inputs were available,2026-07-08T18:33:36+00:00
U0000197,2026-03-22T11:51:39+00:00,ANDROID,L2,57,50+,SELF_EMPLOYED,TR,N/A,N/A,NONE,BASELINE,0,2462.0758690000002,1458.921228,545.370503,1916.7053660000001,1,2,0.5257807181484344,1.287425624796311,LOW,SYNTHETIC_UNCALIBRATED_OOF_RANK_PLUS_GRAPH,SYSTEM_DEMO,Demo-only band from uncalibrated ranking evidence; recorded after all inputs were available,2026-07-08T18:33:36+00:00
U0000198,2026-01-14T07:52:36+00:00,ANDROID,L2,62,50+,OTHER,TR,N/A,N/A,NONE,BASELINE,0,3373.391938,2664.3791929999998,1052.344146,2321.0477920000003,1,1,0.41092751533035565,0.9820917014689607,LOW,SYNTHETIC_UNCALIBRATED_OOF_RANK_PLUS_GRAPH,SYSTEM_DEMO,Demo-only band from uncalibrated ranking evidence; recorded after all inputs were available,2026-07-08T18:33:36+00:00
U0000199,2026-03-15T04:36:37+00:00,ANDROID,L2,39,35-49,SALARIED,DE,KA_06,BD_06,NONE,BASELINE,0,3012.62401,2983.125043,1136.14701,1876.477,2,2,0.36920450741979643,0.7893316097531581,LOW,SYNTHETIC_UNCALIBRATED_OOF_RANK_PLUS_GRAPH,SYSTEM_DEMO,Demo-only band from uncalibrated ranking evidence; recorded after all inputs were available,2026-07-08T18:33:36+00:00
U0000200,2026-03-28T20:32:53+00:00,WEB,L1,33,25-34,SALARIED,TR,N/A,N/A,NONE,BASELINE,0,901.615198,714.924552,1159.29159,-257.6763920000001,1,2,0.1968945454695098,0.48025292271539827,LOW,SYNTHETIC_UNCALIBRATED_OOF_RANK_PLUS_GRAPH,SYSTEM_DEMO,Demo-only band from uncalibrated ranking evidence; recorded after all inputs were available,2026-07-08T18:33:36+00:00
U0000201,2026-02-12T00:46:07+00:00,WEB,L2,20,18-24,SALARIED,TR,N/A,N/A,NONE,BASELINE,0,6514.121363,7756.02689,4316.281542,2197.8398210000005,1,2,0.22955963025551265,0.5552027020690125,LOW,SYNTHETIC_UNCALIBRATED_OOF_RANK_PLUS_GRAPH,SYSTEM_DEMO,Demo-only band from uncalibrated ranking evidence; recorded after all inputs were available,2026-07-08T18:33:36+00:00
U0000202,2026-02-21T04:26:16+00:00,WEB,L1,44,35-49,SALARIED,AE,N/A,N/A,NONE,BASELINE,0,2443.235996,2634.372655,1032.380993,1410.855003,1,1,0.3507742585517826,0.7865766173138214,LOW,SYNTHETIC_UNCALIBRATED_OOF_RANK_PLUS_GRAPH,SYSTEM_DEMO,Demo-only band from uncalibrated ranking evidence; recorded after all inputs were available,2026-07-08T18:33:36+00:00
U0000203,2026-02-01T01:29:37+00:00,ANDROID,L2,39,35-49,RETIRED,DE,N/A,N/A,NONE,BASELINE,0,6014.240954,4866.3226700000005,2040.954129,3973.286825,1,1,0.3876274956259335,0.9224814532513068,LOW,SYNTHETIC_UNCALIBRATED_OOF_RANK_PLUS_GRAPH,SYSTEM_DEMO,Demo-only band from uncalibrated ranking evidence; recorded after all inputs were available,2026-07-08T18:33:36+00:00
U0000204,2026-02-06T01:23:09+00:00,H5,L2,32,25-34,OTHER,TR,N/A,N/A,NONE,BASELINE,0,4899.685411,3463.142313,2781.0456729999996,2118.6397380000008,1,3,0.23771493704999844,0.5703509890655305,LOW,SYNTHETIC_UNCALIBRATED_OOF_RANK_PLUS_GRAPH,SYSTEM_DEMO,Demo-only band from uncalibrated ranking evidence; recorded after all inputs were available,2026-07-08T18:33:36+00:00
U0000205,2026-03-22T06:15:21+00:00,ANDROID,L1,49,35-49,SELF_EMPLOYED,TR,N/A,N/A,NONE,BASELINE,0,6240.90954,4938.125443,6270.068053,-29.158513000000312,2,1,0.106789177521665,0.2289990391916441,MEDIUM,SYNTHETIC_UNCALIBRATED_OOF_RANK_PLUS_GRAPH,SYSTEM_DEMO,Demo-only band from uncalibrated ranking evidence; recorded after all inputs were available,2026-07-08T18:33:36+00:00
U0000206,2026-04-04T13:31:54+00:00,IOS,L2,32,25-34,SALARIED,TR,N/A,N/A,NONE,BASELINE,0,1458.6878210000002,1635.898759,1489.237159,-30.549337999999807,1,2,0.050623392732440826,0.11598020436012212,MEDIUM,SYNTHETIC_UNCALIBRATED_OOF_RANK_PLUS_GRAPH,SYSTEM_DEMO,Demo-only band from uncalibrated ranking evidence; recorded after all inputs were available,2026-07-08T18:33:36+00:00
U0000207,2026-03-08T07:48:16+00:00,ANDROID,L2,54,50+,SALARIED,TR,N/A,N/A,NONE,BASELINE,0,18795.129552,16638.578252,9748.05629,9047.073261999998,2,1,0.2561863930745864,0.6007118210243647,LOW,SYNTHETIC_UNCALIBRATED_OOF_RANK_PLUS_GRAPH,SYSTEM_DEMO,Demo-only band from uncalibrated ranking evidence; recorded after all inputs were available,2026-07-08T18:33:36+00:00
U0000208,2026-02-05T02:36:14+00:00,IOS,L2,49,35-49,SALARIED,GB,KA_03,N/A,NONE,BASELINE,0,1523.566341,1297.000921,114.53259,1409.033751,1,2,0.6314466396123851,1.4401899308875712,LOW,SYNTHETIC_UNCALIBRATED_OOF_RANK_PLUS_GRAPH,SYSTEM_DEMO,Demo-only band from uncalibrated ranking evidence; recorded after all inputs were available,2026-07-08T18:33:36+00:00
U0000209,2026-04-28T22:55:22+00:00,WEB,L2,41,35-49,STUDENT,TR,N/A,N/A,NONE,SYNTHETIC_GRAPH_SIGNAL,0,12056.553443,1813.99991,5624.477562,6432.075881000001,1,2,0.6504602661119715,1.5761791162566101,MEDIUM,SYNTHETIC_UNCALIBRATED_OOF_RANK_PLUS_GRAPH,SYSTEM_DEMO,Demo-only band from uncalibrated ranking evidence; recorded after all inputs were available,2026-07-08T18:33:36+00:00
U0000210,2026-03-15T06:20:42+00:00,ANDROID,L2,39,35-49,RETIRED,TR,N/A,BD_01,NONE,BASELINE,0,3521.119011,3864.554099,3057.083805,464.03520599999956,2,2,0.09505296763205762,0.23197043670723033,MEDIUM,SYNTHETIC_UNCALIBRATED_OOF_RANK_PLUS_GRAPH,SYSTEM_DEMO,Demo-only band from uncalibrated ranking evidence; recorded after all inputs were available,2026-07-08T18:33:36+00:00
U0000211,2026-03-21T16:49:39+00:00,ANDROID,L2,44,35-49,SALARIED,TR,N/A,N/A,NONE,BASELINE,0,1516.685078,2163.553844,1293.4616839999999,223.2233940000001,3,3,0.2225597291590483,0.5248157633073262,MEDIUM,SYNTHETIC_UNCALIBRATED_OOF_RANK_PLUS_GRAPH,SYSTEM_DEMO,Demo-only band from uncalibrated ranking evidence; recorded after all inputs were available,2026-07-08T18:33:36+00:00
U0000212,2026-04-02T09:16:03+00:00,IOS,L2,69,50+,SALARIED,TR,N/A,N/A,NONE,BASELINE,0,2580.034212,1052.033756,426.413318,2153.620894,1,1,0.6686537467789005,1.5919409815408474,MEDIUM,MANUAL_REVIEW_SYNTHETIC,REVIEWER_DEMO,Synthetic documented override; T+1 must not overwrite,2026-07-08T19:33:36+00:00
U0000213,2026-04-08T03:08:36+00:00,ANDROID,L2,64,50+,SELF_EMPLOYED,DE,N/A,N/A,NONE,BASELINE,0,3630.669891,4658.561914,679.0793090000001,2951.590582,1,2,0.5642212531903671,1.3311812740710411,LOW,SYNTHETIC_UNCALIBRATED_OOF_RANK_PLUS_GRAPH,SYSTEM_DEMO,Demo-only band from uncalibrated ranking evidence; recorded after all inputs were available,2026-07-08T18:33:36+00:00
U0000214,2026-04-20T16:43:38+00:00,IOS,L2,32,25-34,STUDENT,TR,N/A,N/A,NONE,BASELINE,0,26236.170173,18516.487293000002,7967.039712,18269.130461,1,3,0.4261085858349477,1.0395998899225694,LOW,SYNTHETIC_UNCALIBRATED_OOF_RANK_PLUS_GRAPH,SYSTEM_DEMO,Demo-only band from uncalibrated ranking evidence; recorded after all inputs were available,2026-07-08T18:33:36+00:00
U0000215,2026-04-06T23:55:16+00:00,WEB,L2,28,25-34,SALARIED,TR,N/A,N/A,NONE,BASELINE,0,2292.252141,711.871676,1244.350003,1047.902138,2,1,0.46359641501240795,1.1159634249552703,LOW,SYNTHETIC_UNCALIBRATED_OOF_RANK_PLUS_GRAPH,SYSTEM_DEMO,Demo-only band from uncalibrated ranking evidence; recorded after all inputs were available,2026-07-08T18:33:36+00:00
U0000216,2026-01-13T14:14:46+00:00,WEB,L2,21,18-24,STUDENT,TR,N/A,N/A,NONE,BASELINE,0,8814.626376,2906.896785,758.129414,8056.496962,1,1,0.8188437198171321,1.9367118387909128,LOW,SYNTHETIC_UNCALIBRATED_OOF_RANK_PLUS_GRAPH,SYSTEM_DEMO,Demo-only band from uncalibrated ranking evidence; recorded after all inputs were available,2026-07-08T18:33:36+00:00
U0000217,2026-01-04T22:08:38+00:00,WEB,L2,62,50+,SELF_EMPLOYED,DE,KA_00,N/A,NONE,BASELINE,0,1587.823271,3992.429089,1947.356839,-359.53356800000006,1,1,0.4220544016790296,0.9583145542356681,LOW,SYNTHETIC_UNCALIBRATED_OOF_RANK_PLUS_GRAPH,SYSTEM_DEMO,Demo-only band from uncalibrated ranking evidence; recorded after all inputs were available,2026-07-08T18:33:36+00:00
U0000218,2026-02-15T10:59:23+00:00,ANDROID,L2,50,50+,SELF_EMPLOYED,TR,N/A,N/A,REVIEW_ONLY,BASELINE,0,3062.480386,1487.737742,1792.479158,1270.001228,3,1,0.322555231670995,0.7448294816824402,LOW,SYNTHETIC_UNCALIBRATED_OOF_RANK_PLUS_GRAPH,SYSTEM_DEMO,Demo-only band from uncalibrated ranking evidence; recorded after all inputs were available,2026-07-08T18:33:36+00:00
U0000219,2026-03-22T18:12:52+00:00,WEB,L2,53,50+,STUDENT,DE,N/A,N/A,REVIEW_ONLY,BASELINE,0,2890.747898,1805.584825,1811.013061,1079.734837,1,3,0.2352462094063295,0.5002791194843936,MEDIUM,SYNTHETIC_UNCALIBRATED_OOF_RANK_PLUS_GRAPH,SYSTEM_DEMO,Demo-only band from uncalibrated ranking evidence; recorded after all inputs were available,2026-07-08T18:33:36+00:00
U0000220,2026-03-19T06:00:04+00:00,ANDROID,L2,71,50+,SALARIED,TR,N/A,N/A,NONE,BASELINE,0,2735.916327,2312.246894,1482.9397250000002,1252.9766019999997,2,2,0.23903348678423897,0.5755428810538303,MEDIUM,SYNTHETIC_UNCALIBRATED_OOF_RANK_PLUS_GRAPH,SYSTEM_DEMO,Demo-only band from uncalibrated ranking evidence; recorded after all inputs were available,2026-07-08T18:33:36+00:00
U0000221,2026-02-25T08:11:21+00:00,ANDROID,L2,60,50+,SALARIED,TR,N/A,BD_04,NONE,BASELINE,0,9899.270806,8761.027487,6902.048105999999,2997.222700000001,3,2,0.14498050297247556,0.3517544109468667,LOW,SYNTHETIC_UNCALIBRATED_OOF_RANK_PLUS_GRAPH,SYSTEM_DEMO,Demo-only band from uncalibrated ranking evidence; recorded after all inputs were available,2026-07-08T18:33:36+00:00
U0000222,2026-03-18T04:09:49+00:00,IOS,L2,58,50+,OTHER,TR,N/A,N/A,NONE,BASELINE,0,1152.90695,459.81304800000004,1006.2430909999999,146.66385900000012,2,2,0.3416210104487181,0.7939331847528762,LOW,SYNTHETIC_UNCALIBRATED_OOF_RANK_PLUS_GRAPH,SYSTEM_DEMO,Demo-only band from uncalibrated ranking evidence; recorded after all inputs were available,2026-07-08T18:33:36+00:00
U0000223,2026-04-02T18:51:45+00:00,ANDROID,L2,42,35-49,SALARIED,TR,N/A,N/A,NONE,SYNTHETIC_GRAPH_SIGNAL,0,682.311061,1037.116432,182.892878,499.418183,1,1,0.5525837631790221,1.3471288543542594,LOW,SYNTHETIC_UNCALIBRATED_OOF_RANK_PLUS_GRAPH,SYSTEM_DEMO,Demo-only band from uncalibrated ranking evidence; recorded after all inputs were available,2026-07-08T18:33:36+00:00
U0000224,2026-04-27T03:26:09+00:00,IOS,L2,63,50+,SALARIED,DE,N/A,N/A,NONE,BASELINE,0,2467.6878260000003,1375.371394,1288.897349,1178.7904770000002,3,2,0.31360429009073837,0.6890883395938577,MEDIUM,SYNTHETIC_UNCALIBRATED_OOF_RANK_PLUS_GRAPH,SYSTEM_DEMO,Demo-only band from uncalibrated ranking evidence; recorded after all inputs were available,2026-07-08T18:33:36+00:00
U0000225,2026-01-25T07:35:28+00:00,WEB,L2,55,50+,OTHER,DE,N/A,N/A,NONE,BASELINE,0,7860.421754999999,9099.759328,5953.376768,1907.0449869999993,2,1,0.16943383394199013,0.4119459641047431,MEDIUM,SYNTHETIC_UNCALIBRATED_OOF_RANK_PLUS_GRAPH,SYSTEM_DEMO,Demo-only band from uncalibrated ranking evidence; recorded after all inputs were available,2026-07-08T18:33:36+00:00
U0000226,2026-01-01T17:24:55+00:00,ANDROID,L1,37,35-49,OTHER,TR,KA_09,N/A,NONE,BASELINE,0,2221.732505,3870.564543,1992.177062,229.55544299999997,3,2,0.3104613560793036,0.6970351276194513,LOW,SYNTHETIC_UNCALIBRATED_OOF_RANK_PLUS_GRAPH,SYSTEM_DEMO,Demo-only band from uncalibrated ranking evidence; recorded after all inputs were available,2026-07-08T18:33:36+00:00
U0000227,2026-03-15T20:16:45+00:00,ANDROID,L2,41,35-49,SELF_EMPLOYED,TR,N/A,N/A,NONE,BASELINE,0,442.204841,524.469415,496.183428,-53.978587000000005,2,3,0.06998490221858603,0.1687065834901819,LOW,SYNTHETIC_UNCALIBRATED_OOF_RANK_PLUS_GRAPH,SYSTEM_DEMO,Demo-only band from uncalibrated ranking evidence; recorded after all inputs were available,2026-07-08T18:33:36+00:00
U0000228,2026-02-17T10:05:06+00:00,ANDROID,L2,31,25-34,SELF_EMPLOYED,TR,N/A,N/A,NONE,BASELINE,0,5731.110582,8709.285415,7132.428812,-1401.3182299999999,1,3,0.16917653329535112,0.4141564481287862,MEDIUM,SYNTHETIC_UNCALIBRATED_OOF_RANK_PLUS_GRAPH,SYSTEM_DEMO,Demo-only band from uncalibrated ranking evidence; recorded after all inputs were available,2026-07-08T18:33:36+00:00
U0000229,2026-02-25T00:18:30+00:00,IOS,L2,29,25-34,SELF_EMPLOYED,TR,N/A,N/A,NONE,BASELINE,0,9042.154982,3700.510441,1435.792758,7606.362224,1,1,0.6747242070191041,1.6094194714753238,LOW,SYNTHETIC_UNCALIBRATED_OOF_RANK_PLUS_GRAPH,SYSTEM_DEMO,Demo-only band from uncalibrated ranking evidence; recorded after all inputs were available,2026-07-08T18:33:36+00:00
U0000230,2026-02-22T13:00:24+00:00,H5,L1,50,50+,SALARIED,TR,N/A,N/A,NONE,BASELINE,0,1977.420002,1736.580675,1495.189937,482.23006499999997,2,2,0.11337825228663119,0.27771880551115496,LOW,SYNTHETIC_UNCALIBRATED_OOF_RANK_PLUS_GRAPH,SYSTEM_DEMO,Demo-only band from uncalibrated ranking evidence; recorded after all inputs were available,2026-07-08T18:33:36+00:00
U0000231,2026-01-24T05:25:12+00:00,WEB,L2,21,18-24,STUDENT,TR,N/A,N/A,NONE,BASELINE,0,951.384473,340.781078,111.263171,840.121302,1,1,0.7578829509272262,1.795861711030309,LOW,SYNTHETIC_UNCALIBRATED_OOF_RANK_PLUS_GRAPH,SYSTEM_DEMO,Demo-only band from uncalibrated ranking evidence; recorded after all inputs were available,2026-07-08T18:33:36+00:00
U0000232,2026-04-01T22:12:21+00:00,IOS,L2,61,50+,SALARIED,TR,N/A,BD_07,NONE,BASELINE,0,1112.548658,1281.524069,1621.37789,-508.82923200000005,2,2,0.15808728730988994,0.38015352238112216,LOW,SYNTHETIC_UNCALIBRATED_OOF_RANK_PLUS_GRAPH,SYSTEM_DEMO,Demo-only band from uncalibrated ranking evidence; recorded after all inputs were available,2026-07-08T18:33:36+00:00
U0000233,2026-01-03T09:00:17+00:00,IOS,L1,23,18-24,SALARIED,TR,N/A,N/A,NONE,BASELINE,0,1695.962207,1601.135928,337.450439,1358.511768,2,2,0.511152093110112,1.1213319126217296,LOW,SYNTHETIC_UNCALIBRATED_OOF_RANK_PLUS_GRAPH,SYSTEM_DEMO,Demo-only band from uncalibrated ranking evidence; recorded after all inputs were available,2026-07-08T18:33:36+00:00
U0000234,2026-04-03T15:08:15+00:00,IOS,L1,46,35-49,STUDENT,TR,N/A,N/A,NONE,SYNTHETIC_GRAPH_SIGNAL,0,5463.908819,5636.70869,854.655458,4609.253361,1,3,0.5557403936288267,1.1999859589655157,LOW,SYNTHETIC_UNCALIBRATED_OOF_RANK_PLUS_GRAPH,SYSTEM_DEMO,Demo-only band from uncalibrated ranking evidence; recorded after all inputs were available,2026-07-08T18:33:36+00:00
U0000235,2026-04-25T15:41:18+00:00,WEB,L2,35,35-49,OTHER,TR,KA_06,N/A,NONE,BASELINE,0,796.4335040000001,1654.938794,243.14931,553.2841940000001,1,3,0.6466823013705276,1.5718443078820543,LOW,SYNTHETIC_UNCALIBRATED_OOF_RANK_PLUS_GRAPH,SYSTEM_DEMO,Demo-only band from uncalibrated ranking evidence; recorded after all inputs were available,2026-07-08T18:33:36+00:00
U0000236,2026-02-27T13:13:10+00:00,ANDROID,L2,35,35-49,SALARIED,AE,N/A,N/A,NONE,SYNTHETIC_GRAPH_SIGNAL,0,2639.47982,975.045703,1454.2268330000002,1185.2529869999998,2,2,0.41405787026743757,0.9851146791753026,LOW,SYNTHETIC_UNCALIBRATED_OOF_RANK_PLUS_GRAPH,SYSTEM_DEMO,Demo-only band from uncalibrated ranking evidence; recorded after all inputs were available,2026-07-08T18:33:36+00:00
U0000237,2026-03-03T16:22:00+00:00,WEB,L2,24,18-24,SELF_EMPLOYED,DE,N/A,N/A,NONE,BASELINE,0,3189.936796,2807.240574,871.73983,2318.196966,1,1,0.44317296157971947,1.0124726642504878,LOW,SYNTHETIC_UNCALIBRATED_OOF_RANK_PLUS_GRAPH,SYSTEM_DEMO,Demo-only band from uncalibrated ranking evidence; recorded after all inputs were available,2026-07-08T18:33:36+00:00
U0000238,2026-01-10T09:28:26+00:00,IOS,L1,24,18-24,OTHER,TR,N/A,N/A,NONE,BASELINE,0,4421.628704,6618.108778,1015.142428,3406.4862759999996,1,1,0.5736546913661703,1.3943647033809397,LOW,SYNTHETIC_UNCALIBRATED_OOF_RANK_PLUS_GRAPH,SYSTEM_DEMO,Demo-only band from uncalibrated ranking evidence; recorded after all inputs were available,2026-07-08T18:33:36+00:00
U0000239,2026-03-29T05:06:48+00:00,ANDROID,L2,71,50+,SELF_EMPLOYED,TR,N/A,N/A,NONE,BASELINE,0,4045.4314130000002,914.806313,1376.851099,2668.5803140000003,1,1,0.6532209639330091,1.48204886492182,LOW,SYNTHETIC_UNCALIBRATED_OOF_RANK_PLUS_GRAPH,SYSTEM_DEMO,Demo-only band from uncalibrated ranking evidence; recorded after all inputs were available,2026-07-08T18:33:36+00:00
U0000240,2026-01-05T18:13:46+00:00,ANDROID,L2,65,50+,STUDENT,TR,N/A,N/A,NONE,BASELINE,0,12758.783762000001,7294.069372,9169.632953,3589.1508090000007,2,1,0.23275499554741566,0.5610112404944612,LOW,SYNTHETIC_UNCALIBRATED_OOF_RANK_PLUS_GRAPH,SYSTEM_DEMO,Demo-only band from uncalibrated ranking evidence; recorded after all inputs were available,2026-07-08T18:33:36+00:00
U0000241,2026-03-12T10:38:45+00:00,ANDROID,L2,25,25-34,SALARIED,TR,N/A,N/A,NONE,BASELINE,0,5550.442720999999,3702.280345,2901.491886,2648.9508349999996,3,2,0.27379374381627325,0.6538351128710563,LOW,SYNTHETIC_UNCALIBRATED_OOF_RANK_PLUS_GRAPH,SYSTEM_DEMO,Demo-only band from uncalibrated ranking evidence; recorded after all inputs were available,2026-07-08T18:33:36+00:00
U0000242,2026-02-25T20:23:45+00:00,ANDROID,L2,39,35-49,SALARIED,TR,N/A,N/A,NONE,BASELINE,0,4087.905819,6424.453799,1870.511122,2217.394697,2,2,0.4504653567408054,1.1032843932440175,LOW,SYNTHETIC_UNCALIBRATED_OOF_RANK_PLUS_GRAPH,SYSTEM_DEMO,Demo-only band from uncalibrated ranking evidence; recorded after all inputs were available,2026-07-08T18:33:36+00:00
U0000243,2026-03-29T21:45:31+00:00,ANDROID,L1,65,50+,RETIRED,TR,N/A,BD_02,REVIEW_ONLY,BASELINE,0,1359.7369489999999,2107.022977,181.217729,1178.51922,1,3,0.65193637179304,1.58373112183989,LOW,SYNTHETIC_UNCALIBRATED_OOF_RANK_PLUS_GRAPH,SYSTEM_DEMO,Demo-only band from uncalibrated ranking evidence; recorded after all inputs were available,2026-07-08T18:33:36+00:00
U0000244,2026-04-30T08:22:22+00:00,ANDROID,L2,28,25-34,SALARIED,TR,KA_03,N/A,NONE,BASELINE,0,2531.101327,4312.693845,227.575965,2303.525362,2,2,0.7094551421783787,1.733094388989924,LOW,SYNTHETIC_UNCALIBRATED_OOF_RANK_PLUS_GRAPH,SYSTEM_DEMO,Demo-only band from uncalibrated ranking evidence; recorded after all inputs were available,2026-07-08T18:33:36+00:00
U0000245,2026-04-09T13:03:08+00:00,ANDROID,L1,66,50+,OTHER,TR,N/A,N/A,NONE,BASELINE,0,5158.360858999999,2619.626534,1770.530221,3387.8306379999995,1,1,0.4521974966605761,1.0644052118727125,MEDIUM,SYNTHETIC_UNCALIBRATED_OOF_RANK_PLUS_GRAPH,SYSTEM_DEMO,Demo-only band from uncalibrated ranking evidence; recorded after all inputs were available,2026-07-08T18:33:36+00:00
U0000246,2026-04-21T01:12:26+00:00,ANDROID,L2,38,35-49,SALARIED,TR,N/A,N/A,NONE,BASELINE,0,414.488767,783.2849120000001,887.998688,-473.509921,1,2,0.2920986811592934,0.6810569482436719,LOW,SYNTHETIC_UNCALIBRATED_OOF_RANK_PLUS_GRAPH,SYSTEM_DEMO,Demo-only band from uncalibrated ranking evidence; recorded after all inputs were available,2026-07-08T18:33:36+00:00
U0000247,2026-04-01T18:06:26+00:00,H5,L2,64,50+,OTHER,DE,N/A,N/A,NONE,BASELINE,0,1875.708196,2509.118489,456.813316,1418.89488,1,3,0.5316762255609939,1.2716590902521336,LOW,SYNTHETIC_UNCALIBRATED_OOF_RANK_PLUS_GRAPH,SYSTEM_DEMO,Demo-only band from uncalibrated ranking evidence; recorded after all inputs were available,2026-07-08T18:33:36+00:00
U0000248,2026-04-06T05:15:25+00:00,ANDROID,L2,53,50+,SALARIED,TR,N/A,N/A,NONE,BASELINE,0,1548.327442,1438.109117,1207.78012,340.5473220000001,1,1,0.10148332355067838,0.24358349703658708,MEDIUM,SYNTHETIC_UNCALIBRATED_OOF_RANK_PLUS_GRAPH,SYSTEM_DEMO,Demo-only band from uncalibrated ranking evidence; recorded after all inputs were available,2026-07-08T18:33:36+00:00
U0000249,2026-02-25T11:53:37+00:00,ANDROID,L2,41,35-49,SALARIED,TR,N/A,N/A,NONE,BASELINE,0,52659.52408,48439.752164000005,19473.744424999997,33185.779655000006,3,3,0.36700404145771764,0.8257016239006506,LOW,SYNTHETIC_UNCALIBRATED_OOF_RANK_PLUS_GRAPH,SYSTEM_DEMO,Demo-only band from uncalibrated ranking evidence; recorded after all inputs were available,2026-07-08T18:33:36+00:00
U0000250,2026-02-03T06:47:24+00:00,ANDROID,L2,45,35-49,SELF_EMPLOYED,TR,N/A,N/A,NONE,BASELINE,0,2590.520059,1446.341876,1436.201603,1154.318456,2,1,0.2969689639995227,0.6327270538623152,LOW,SYNTHETIC_UNCALIBRATED_OOF_RANK_PLUS_GRAPH,SYSTEM_DEMO,Demo-only band from uncalibrated ranking evidence; recorded after all inputs were available,2026-07-08T18:33:36+00:00
U0000251,2026-02-17T03:37:31+00:00,ANDROID,L2,23,18-24,SALARIED,TR,N/A,N/A,NONE,BASELINE,0,7652.097811,5707.401261,7104.704246,547.3935649999994,1,1,0.12003437965140076,0.2850875530966027,MEDIUM,SYNTHETIC_UNCALIBRATED_OOF_RANK_PLUS_GRAPH,SYSTEM_DEMO,Demo-only band from uncalibrated ranking evidence; recorded after all inputs were available,2026-07-08T18:33:36+00:00
U0000252,2026-03-19T04:53:27+00:00,IOS,L2,31,25-34,SELF_EMPLOYED,TR,N/A,N/A,NONE,BASELINE,0,1613.1373939999999,1705.920597,1352.902738,260.23465599999986,1,1,0.0959505400463276,0.22668289363525604,MEDIUM,SYNTHETIC_UNCALIBRATED_OOF_RANK_PLUS_GRAPH,SYSTEM_DEMO,Demo-only band from uncalibrated ranking evidence; recorded after all inputs were available,2026-07-08T18:33:36+00:00
U0000253,2026-04-08T14:05:41+00:00,ANDROID,L2,59,50+,RETIRED,GB,KA_00,N/A,NONE,BASELINE,0,3958.0854040000004,3143.436532,4455.902696,-497.8172919999997,3,2,0.1404268972709408,0.34068130378269545,LOW,SYNTHETIC_UNCALIBRATED_OOF_RANK_PLUS_GRAPH,SYSTEM_DEMO,Demo-only band from uncalibrated ranking evidence; recorded after all inputs were available,2026-07-08T18:33:36+00:00
U0000254,2026-04-23T10:12:59+00:00,IOS,L2,64,50+,SALARIED,TR,N/A,BD_05,NONE,SYNTHETIC_GRAPH_SIGNAL,0,1593.105485,547.7714,158.606983,1434.498502,1,1,0.7902334723875268,1.8715049780901527,LOW,SYNTHETIC_UNCALIBRATED_OOF_RANK_PLUS_GRAPH,SYSTEM_DEMO,Demo-only band from uncalibrated ranking evidence; recorded after all inputs were available,2026-07-08T18:33:36+00:00
U0000255,2026-02-18T00:50:42+00:00,IOS,L2,65,50+,OTHER,AE,N/A,N/A,REVIEW_ONLY,SYNTHETIC_GRAPH_SIGNAL,0,1063.439387,918.497714,1062.904609,0.5347779999999602,1,2,0.06719606547176685,0.14280710145684383,LOW,SYNTHETIC_UNCALIBRATED_OOF_RANK_PLUS_GRAPH,SYSTEM_DEMO,Demo-only band from uncalibrated ranking evidence; recorded after all inputs were available,2026-07-08T18:33:36+00:00
U0000256,2026-04-09T06:49:41+00:00,H5,L2,58,50+,SALARIED,TR,N/A,N/A,NONE,BASELINE,0,6389.780092,9248.249485,5284.737113,1105.0429789999998,2,2,0.23945826914173576,0.5683061562638875,MEDIUM,SYNTHETIC_UNCALIBRATED_OOF_RANK_PLUS_GRAPH,SYSTEM_DEMO,Demo-only band from uncalibrated ranking evidence; recorded after all inputs were available,2026-07-08T18:33:36+00:00
U0000257,2026-03-28T00:47:18+00:00,IOS,L2,53,50+,RETIRED,TR,N/A,N/A,NONE,BASELINE,0,424.52740900000003,682.477983,600.064476,-175.53706699999998,1,1,0.18904504657303758,0.4533216457664051,LOW,SYNTHETIC_UNCALIBRATED_OOF_RANK_PLUS_GRAPH,SYSTEM_DEMO,Demo-only band from uncalibrated ranking evidence; recorded after all inputs were available,2026-07-08T18:33:36+00:00
U0000258,2026-04-21T09:58:35+00:00,ANDROID,L2,24,18-24,RETIRED,NL,N/A,N/A,NONE,BASELINE,0,6269.991494,6781.758753,945.606373,5324.385121,1,2,0.5655741636552984,1.2508402561511647,MEDIUM,SYNTHETIC_UNCALIBRATED_OOF_RANK_PLUS_GRAPH,SYSTEM_DEMO,Demo-only band from uncalibrated ranking evidence; recorded after all inputs were available,2026-07-08T18:33:36+00:00
U0000259,2026-04-25T22:59:17+00:00,ANDROID,L2,58,50+,OTHER,TR,N/A,N/A,NONE,BASELINE,0,2035.840428,2157.906771,778.8828000000001,1256.9576279999999,1,1,0.37603971282709203,0.8319685787665618,LOW,SYNTHETIC_UNCALIBRATED_OOF_RANK_PLUS_GRAPH,SYSTEM_DEMO,Demo-only band from uncalibrated ranking evidence; recorded after all inputs were available,2026-07-08T18:33:36+00:00
U0000260,2026-02-27T18:12:06+00:00,WEB,L2,32,25-34,OTHER,TR,N/A,N/A,NONE,BASELINE,0,10298.452138,11737.589856,2862.351944,7436.100194000001,3,1,0.46861484100123413,1.0693747477167095,LOW,SYNTHETIC_UNCALIBRATED_OOF_RANK_PLUS_GRAPH,SYSTEM_DEMO,Demo-only band from uncalibrated ranking evidence; recorded after all inputs were available,2026-07-08T18:33:36+00:00
U0000261,2026-01-01T23:53:15+00:00,ANDROID,L1,69,50+,OTHER,GB,N/A,N/A,NONE,BASELINE,0,2823.74977,3767.302408,1219.135711,1604.614059,2,1,0.40404489556942896,0.9787856834746118,LOW,SYNTHETIC_UNCALIBRATED_OOF_RANK_PLUS_GRAPH,SYSTEM_DEMO,Demo-only band from uncalibrated ranking evidence; recorded after all inputs were available,2026-07-08T18:33:36+00:00
U0000262,2026-04-20T12:09:24+00:00,IOS,L2,25,25-34,SALARIED,TR,KA_09,N/A,NONE,BASELINE,0,6704.768016,5518.619429,1890.119835,4814.6481810000005,1,1,0.4353568221626234,1.0234128382438472,MEDIUM,SYNTHETIC_UNCALIBRATED_OOF_RANK_PLUS_GRAPH,SYSTEM_DEMO,Demo-only band from uncalibrated ranking evidence; recorded after all inputs were available,2026-07-08T18:33:36+00:00
U0000263,2026-02-11T02:39:52+00:00,IOS,L2,37,35-49,SALARIED,GB,N/A,N/A,NONE,BASELINE,0,5113.745175,5282.776662,2108.043173,3005.702002,3,3,0.34988249808874916,0.7616578792931558,LOW,SYNTHETIC_UNCALIBRATED_OOF_RANK_PLUS_GRAPH,SYSTEM_DEMO,Demo-only band from uncalibrated ranking evidence; recorded after all inputs were available,2026-07-08T18:33:36+00:00
U0000264,2026-02-18T08:04:43+00:00,IOS,L2,53,50+,STUDENT,GB,N/A,N/A,NONE,BASELINE,0,21188.025847,16759.891105,3980.5174,17207.508447,3,2,0.5219967234793031,1.2312056516972616,LOW,SYNTHETIC_UNCALIBRATED_OOF_RANK_PLUS_GRAPH,SYSTEM_DEMO,Demo-only band from uncalibrated ranking evidence; recorded after all inputs were available,2026-07-08T18:33:36+00:00
U0000265,2026-01-18T01:01:41+00:00,ANDROID,L2,52,50+,SELF_EMPLOYED,TR,N/A,BD_00,NONE,BASELINE,0,30673.519151,32724.123682,28154.694352,2518.824799000002,3,2,0.061234591498012296,0.14973170987759318,MEDIUM,SYNTHETIC_UNCALIBRATED_OOF_RANK_PLUS_GRAPH,SYSTEM_DEMO,Demo-only band from uncalibrated ranking evidence; recorded after all inputs were available,2026-07-08T18:33:36+00:00
U0000266,2026-02-28T01:10:20+00:00,ANDROID,L2,34,25-34,SALARIED,TR,N/A,N/A,NONE,BASELINE,0,17070.310245,13150.477191,14241.734691,2828.575554000001,2,2,0.11145294799301167,0.2644811540022605,LOW,SYNTHETIC_UNCALIBRATED_OOF_RANK_PLUS_GRAPH,SYSTEM_DEMO,Demo-only band from uncalibrated ranking evidence; recorded after all inputs were available,2026-07-08T18:33:36+00:00
U0000267,2026-03-10T00:02:40+00:00,WEB,L1,32,25-34,OTHER,TR,N/A,N/A,NONE,BASELINE,0,322.05503899999997,439.844935,453.11857100000003,-131.06353200000007,2,1,0.14544247415966435,0.32360871989818085,MEDIUM,SYNTHETIC_UNCALIBRATED_OOF_RANK_PLUS_GRAPH,SYSTEM_DEMO,Demo-only band from uncalibrated ranking evidence; recorded after all inputs were available,2026-07-08T18:33:36+00:00
U0000268,2026-04-10T08:51:56+00:00,IOS,L2,69,50+,SALARIED,GB,N/A,N/A,NONE,BASELINE,0,4005.1229439999997,4673.1387349999995,3854.545326,150.5776179999998,3,2,0.08515617725258133,0.19594814043017325,MEDIUM,SYNTHETIC_UNCALIBRATED_OOF_RANK_PLUS_GRAPH,SYSTEM_DEMO,Demo-only band from uncalibrated ranking evidence; recorded after all inputs were available,2026-07-08T18:33:36+00:00
U0000269,2026-04-07T10:18:51+00:00,IOS,L1,70,50+,SALARIED,TR,N/A,N/A,NONE,BASELINE,0,3277.0412100000003,1227.536221,921.046208,2355.9950020000006,2,2,0.578310165607324,1.3027046246249963,LOW,SYNTHETIC_UNCALIBRATED_OOF_RANK_PLUS_GRAPH,SYSTEM_DEMO,Demo-only band from uncalibrated ranking evidence; recorded after all inputs were available,2026-07-08T18:33:36+00:00
U0000270,2026-03-31T08:23:22+00:00,IOS,L2,65,50+,OTHER,TR,N/A,N/A,NONE,BASELINE,0,885.126803,1269.159619,465.88718800000004,419.23961499999996,2,1,0.3755929443795745,0.9197166492337886,LOW,SYNTHETIC_UNCALIBRATED_OOF_RANK_PLUS_GRAPH,SYSTEM_DEMO,Demo-only band from uncalibrated ranking evidence; recorded after all inputs were available,2026-07-08T18:33:36+00:00
U0000271,2026-01-16T18:22:27+00:00,IOS,L2,39,35-49,SELF_EMPLOYED,TR,KA_06,N/A,NONE,BASELINE,0,3390.862907,1175.972764,2182.09103,1208.7718770000001,3,2,0.4025021601497162,0.984552170053269,LOW,SYNTHETIC_UNCALIBRATED_OOF_RANK_PLUS_GRAPH,SYSTEM_DEMO,Demo-only band from uncalibrated ranking evidence; recorded after all inputs were available,2026-07-08T18:33:36+00:00
U0000272,2026-02-18T07:10:43+00:00,ANDROID,L2,44,35-49,SALARIED,TR,N/A,N/A,NONE,BASELINE,0,3331.212033,4216.330989,919.215205,2411.996828,3,1,0.49369172940747064,1.1682567385067248,MEDIUM,SYNTHETIC_UNCALIBRATED_OOF_RANK_PLUS_GRAPH,SYSTEM_DEMO,Demo-only band from uncalibrated ranking evidence; recorded after all inputs were available,2026-07-08T18:33:36+00:00
U0000273,2026-01-16T00:58:57+00:00,ANDROID,L2,35,35-49,SALARIED,AE,N/A,N/A,NONE,BASELINE,0,6627.243017000001,8631.804222,5000.974781,1626.2682360000008,3,1,0.219885142273065,0.5376345747426785,LOW,SYNTHETIC_UNCALIBRATED_OOF_RANK_PLUS_GRAPH,SYSTEM_DEMO,Demo-only band from uncalibrated ranking evidence; recorded after all inputs were available,2026-07-08T18:33:36+00:00
U0000274,2026-02-13T09:01:25+00:00,ANDROID,L1,33,25-34,SALARIED,DE,N/A,N/A,NONE,BASELINE,0,7935.688622,9508.78198,4004.4932559999997,3931.195366,2,1,0.3237686669348055,0.7698677792233333,LOW,SYNTHETIC_UNCALIBRATED_OOF_RANK_PLUS_GRAPH,SYSTEM_DEMO,Demo-only band from uncalibrated ranking evidence; recorded after all inputs were available,2026-07-08T18:33:36+00:00
U0000275,2026-03-29T05:34:47+00:00,IOS,L2,61,50+,SALARIED,NL,N/A,N/A,NONE,BASELINE,0,2839.914169,1631.334762,326.921831,2512.992338,1,3,0.6416029230577832,1.5712189890585642,LOW,SYNTHETIC_UNCALIBRATED_OOF_RANK_PLUS_GRAPH,SYSTEM_DEMO,Demo-only band from uncalibrated ranking evidence; recorded after all inputs were available,2026-07-08T18:33:36+00:00
U0000276,2026-03-08T17:05:22+00:00,ANDROID,L2,65,50+,SELF_EMPLOYED,TR,N/A,BD_03,NONE,BASELINE,0,1827.960382,3315.4611729999997,2678.046262,-850.0858799999999,3,3,0.2337163648624548,0.570545385777939,MEDIUM,SYNTHETIC_UNCALIBRATED_OOF_RANK_PLUS_GRAPH,SYSTEM_DEMO,Demo-only band from uncalibrated ranking evidence; recorded after all inputs were available,2026-07-08T18:33:36+00:00
U0000277,2026-04-07T17:57:51+00:00,WEB,L2,51,50+,SALARIED,AE,N/A,N/A,NONE,SYNTHETIC_GRAPH_SIGNAL,0,827.812153,576.106044,581.647862,246.16429099999993,2,3,0.17733630993633778,0.3803038048405721,LOW,SYNTHETIC_UNCALIBRATED_OOF_RANK_PLUS_GRAPH,SYSTEM_DEMO,Demo-only band from uncalibrated ranking evidence; recorded after all inputs were available,2026-07-08T18:33:36+00:00
U0000278,2026-03-20T02:33:48+00:00,IOS,L2,47,35-49,STUDENT,TR,N/A,N/A,NONE,BASELINE,0,2232.654809,1713.160717,1573.3442929999999,659.3105160000002,1,2,0.15418077778865438,0.3583754797588696,MEDIUM,SYNTHETIC_UNCALIBRATED_OOF_RANK_PLUS_GRAPH,SYSTEM_DEMO,Demo-only band from uncalibrated ranking evidence; recorded after all inputs were available,2026-07-08T18:33:36+00:00
U0000279,2026-01-15T18:17:27+00:00,ANDROID,L2,70,50+,SALARIED,DE,N/A,N/A,NONE,BASELINE,0,6692.096184,7201.353808,2259.7158360000003,4432.380348,1,2,0.4121614143057652,0.9177714185477126,LOW,SYNTHETIC_UNCALIBRATED_OOF_RANK_PLUS_GRAPH,SYSTEM_DEMO,Demo-only band from uncalibrated ranking evidence; recorded after all inputs were available,2026-07-08T18:33:36+00:00
U0000280,2026-04-11T16:28:25+00:00,WEB,L2,24,18-24,SALARIED,AE,KA_03,N/A,NONE,BASELINE,0,6694.980216,9489.196797,2141.195709,4553.784507,2,2,0.4957622068570884,1.2029225052288135,LOW,SYNTHETIC_UNCALIBRATED_OOF_RANK_PLUS_GRAPH,SYSTEM_DEMO,Demo-only band from uncalibrated ranking evidence; recorded after all inputs were available,2026-07-08T18:33:36+00:00
U0000281,2026-01-07T18:24:54+00:00,ANDROID,L2,54,50+,SELF_EMPLOYED,DE,N/A,N/A,NONE,BASELINE,0,2306.580057,2190.301265,1763.422088,543.1579690000001,1,3,0.11190316464103262,0.2602867305755713,MEDIUM,SYNTHETIC_UNCALIBRATED_OOF_RANK_PLUS_GRAPH,SYSTEM_DEMO,Demo-only band from uncalibrated ranking evidence; recorded after all inputs were available,2026-07-08T18:33:36+00:00
U0000282,2026-01-21T09:16:24+00:00,ANDROID,L1,33,25-34,STUDENT,DE,N/A,N/A,NONE,BASELINE,0,3554.8522789999997,1789.498835,260.75138000000004,3294.1008989999996,1,1,0.7203973046330215,1.7630904533108078,LOW,SYNTHETIC_UNCALIBRATED_OOF_RANK_PLUS_GRAPH,SYSTEM_DEMO,Demo-only band from uncalibrated ranking evidence; recorded after all inputs were available,2026-07-08T18:33:36+00:00
U0000283,2026-04-14T04:23:48+00:00,ANDROID,L2,32,25-34,SALARIED,TR,N/A,N/A,NONE,BASELINE,0,4590.841686,4849.3948869999995,2847.558995,1743.2826909999999,2,2,0.2170498480287802,0.4887375968102532,MEDIUM,SYNTHETIC_UNCALIBRATED_OOF_RANK_PLUS_GRAPH,SYSTEM_DEMO,Demo-only band from uncalibrated ranking evidence; recorded after all inputs were available,2026-07-08T18:33:36+00:00
U0000284,2026-01-06T13:25:32+00:00,IOS,L2,48,35-49,SELF_EMPLOYED,TR,N/A,N/A,NONE,BASELINE,0,5757.8760010000005,3928.401326,3641.2828799999997,2116.593121000001,3,2,0.21101853120621403,0.4764397432370949,MEDIUM,SYNTHETIC_UNCALIBRATED_OOF_RANK_PLUS_GRAPH,SYSTEM_DEMO,Demo-only band from uncalibrated ranking evidence; recorded after all inputs were available,2026-07-08T18:33:36+00:00
U0000285,2026-01-24T22:43:43+00:00,WEB,L2,53,50+,SALARIED,TR,N/A,N/A,NONE,BASELINE,0,768.2403370000001,581.212354,796.261257,-28.020919999999933,3,1,0.13346375919338901,0.3006676214233194,MEDIUM,SYNTHETIC_UNCALIBRATED_OOF_RANK_PLUS_GRAPH,SYSTEM_DEMO,Demo-only band from uncalibrated ranking evidence; recorded after all inputs were available,2026-07-08T18:33:36+00:00
U0000286,2026-01-23T22:31:34+00:00,ANDROID,L1,29,25-34,SELF_EMPLOYED,DE,N/A,N/A,NONE,BASELINE,0,12161.57076,14203.566368,4044.0111580000003,8117.559602,1,2,0.43288378591347226,1.00228606678971,LOW,SYNTHETIC_UNCALIBRATED_OOF_RANK_PLUS_GRAPH,SYSTEM_DEMO,Demo-only band from uncalibrated ranking evidence; recorded after all inputs were available,2026-07-08T18:33:36+00:00
U0000287,2026-04-17T03:28:24+00:00,WEB,L2,27,25-34,SALARIED,TR,N/A,BD_06,NONE,BASELINE,0,86770.605601,59192.432722,46858.801225999996,39911.80437500001,1,1,0.2595983454741492,0.6209639603327857,LOW,SYNTHETIC_UNCALIBRATED_OOF_RANK_PLUS_GRAPH,SYSTEM_DEMO,Demo-only band from uncalibrated ranking evidence; recorded after all inputs were available,2026-07-08T18:33:36+00:00
U0000288,2026-04-15T23:45:12+00:00,IOS,L2,37,35-49,SELF_EMPLOYED,AE,N/A,N/A,NONE,BASELINE,0,1671.122007,1520.809984,423.247343,1247.874664,1,1,0.4615706652287833,1.0355292631798385,LOW,SYNTHETIC_UNCALIBRATED_OOF_RANK_PLUS_GRAPH,SYSTEM_DEMO,Demo-only band from uncalibrated ranking evidence; recorded after all inputs were available,2026-07-08T18:33:36+00:00
U0000289,2026-01-13T10:50:50+00:00,ANDROID,L2,41,35-49,OTHER,TR,KA_00,N/A,NONE,BASELINE,0,2165.302647,3685.726715,292.558601,1872.744046,1,1,0.6776538193459665,1.656931487480356,LOW,SYNTHETIC_UNCALIBRATED_OOF_RANK_PLUS_GRAPH,SYSTEM_DEMO,Demo-only band from uncalibrated ranking evidence; recorded after all inputs were available,2026-07-08T18:33:36+00:00
U0000290,2026-04-15T05:19:19+00:00,IOS,L2,28,25-34,STUDENT,TR,N/A,N/A,NONE,BASELINE,0,4273.592321,8632.88017,615.669252,3657.923069,2,2,0.7270708015862251,1.7786851529234113,LOW,SYNTHETIC_UNCALIBRATED_OOF_RANK_PLUS_GRAPH,SYSTEM_DEMO,Demo-only band from uncalibrated ranking evidence; recorded after all inputs were available,2026-07-08T18:33:36+00:00
U0000291,2026-02-17T13:16:52+00:00,IOS,L2,33,25-34,OTHER,TR,N/A,N/A,NONE,BASELINE,0,1077.5469,2229.010597,398.30463599999996,679.2422640000001,3,3,0.6118649179827808,1.4824081668466234,LOW,SYNTHETIC_UNCALIBRATED_OOF_RANK_PLUS_GRAPH,SYSTEM_DEMO,Demo-only band from uncalibrated ranking evidence; recorded after all inputs were available,2026-07-08T18:33:36+00:00
U0000292,2026-03-13T05:19:30+00:00,WEB,L2,37,35-49,SALARIED,NL,N/A,N/A,NONE,BASELINE,0,6384.065045,5443.7460790000005,370.954531,6013.110514,2,3,0.6494970271714259,1.4787833500683805,LOW,SYNTHETIC_UNCALIBRATED_OOF_RANK_PLUS_GRAPH,SYSTEM_DEMO,Demo-only band from uncalibrated ranking evidence; recorded after all inputs were available,2026-07-08T18:33:36+00:00
U0000293,2026-01-09T22:49:30+00:00,IOS,L1,54,50+,SALARIED,DE,N/A,N/A,NONE,BASELINE,0,999.627378,283.158241,79.98060100000001,919.646777,2,2,0.8683571634994317,2.024514763067726,LOW,SYNTHETIC_UNCALIBRATED_OOF_RANK_PLUS_GRAPH,SYSTEM_DEMO,Demo-only band from uncalibrated ranking evidence; recorded after all inputs were available,2026-07-08T18:33:36+00:00
U0000294,2026-03-15T03:04:52+00:00,IOS,L2,58,50+,SALARIED,TR,N/A,N/A,NONE,BASELINE,0,7136.595558,14974.152861,12265.742386,-5129.146828,1,1,0.28363665194889387,0.6839753377497195,LOW,SYNTHETIC_UNCALIBRATED_OOF_RANK_PLUS_GRAPH,SYSTEM_DEMO,Demo-only band from uncalibrated ranking evidence; recorded after all inputs were available,2026-07-08T18:33:36+00:00
U0000295,2026-03-30T21:36:48+00:00,IOS,L1,21,18-24,SELF_EMPLOYED,TR,N/A,N/A,NONE,BASELINE,0,2725.293442,1773.068127,1345.351951,1379.941491,1,2,0.29609471034502094,0.7084235835366549,LOW,SYNTHETIC_UNCALIBRATED_OOF_RANK_PLUS_GRAPH,SYSTEM_DEMO,Demo-only band from uncalibrated ranking evidence; recorded after all inputs were available,2026-07-08T18:33:36+00:00
U0000296,2026-03-27T07:02:51+00:00,IOS,L2,66,50+,SELF_EMPLOYED,TR,N/A,N/A,NONE,BASELINE,0,1958.995263,1829.717198,1392.699274,566.295989,1,3,0.14029061788099556,0.327881290638255,MEDIUM,SYNTHETIC_UNCALIBRATED_OOF_RANK_PLUS_GRAPH,SYSTEM_DEMO,Demo-only band from uncalibrated ranking evidence; recorded after all inputs were available,2026-07-08T18:33:36+00:00
U0000297,2026-04-08T11:43:40+00:00,ANDROID,L1,67,50+,SELF_EMPLOYED,DE,N/A,N/A,NONE,BASELINE,0,2094.841936,2126.284933,2308.957645,-214.11570900000015,3,1,0.04336885025260638,0.09836735276899672,MEDIUM,SYNTHETIC_UNCALIBRATED_OOF_RANK_PLUS_GRAPH,SYSTEM_DEMO,Demo-only band from uncalibrated ranking evidence; recorded after all inputs were available,2026-07-08T18:33:36+00:00
U0000298,2026-02-17T03:49:28+00:00,H5,L2,64,50+,SALARIED,TR,KA_09,BD_01,NONE,BASELINE,0,9638.486532,12049.84992,1949.9079219999999,7688.5786100000005,2,1,0.5465904637729622,1.2818137216369232,LOW,SYNTHETIC_UNCALIBRATED_OOF_RANK_PLUS_GRAPH,SYSTEM_DEMO,Demo-only band from uncalibrated ranking evidence; recorded after all inputs were available,2026-07-08T18:33:36+00:00
U0000299,2026-04-04T06:45:43+00:00,ANDROID,L2,48,35-49,SELF_EMPLOYED,TR,N/A,N/A,NONE,BASELINE,0,2629.974226,3053.007511,2394.3601230000004,235.61410299999943,2,2,0.10120762191727523,0.24462777461297125,MEDIUM,SYNTHETIC_UNCALIBRATED_OOF_RANK_PLUS_GRAPH,SYSTEM_DEMO,Demo-only band from uncalibrated ranking evidence; recorded after all inputs were available,2026-07-08T18:33:36+00:00
U0000300,2026-01-25T14:27:57+00:00,WEB,L2,60,50+,SALARIED,AE,N/A,N/A,NONE,BASELINE,0,723.981934,1273.961602,243.740778,480.24115600000005,2,2,0.5632911480951522,1.378723334368659,LOW,SYNTHETIC_UNCALIBRATED_OOF_RANK_PLUS_GRAPH,SYSTEM_DEMO,Demo-only band from uncalibrated ranking evidence; recorded after all inputs were available,2026-07-08T18:33:36+00:00
U0000301,2026-01-31T20:18:26+00:00,ANDROID,L2,45,35-49,SALARIED,AE,N/A,N/A,REVIEW_ONLY,SYNTHETIC_GRAPH_SIGNAL,0,9393.235698,6327.165488000001,7169.4577389999995,2223.777959000001,2,1,0.1695131846123296,0.40184654086940813,MEDIUM,SYNTHETIC_UNCALIBRATED_OOF_RANK_PLUS_GRAPH,SYSTEM_DEMO,Demo-only band from uncalibrated ranking evidence; recorded after all inputs were available,2026-07-08T18:33:36+00:00
U0000302,2026-04-08T15:36:36+00:00,IOS,L1,55,50+,SALARIED,TR,N/A,N/A,NONE,BASELINE,0,1675.408454,1227.340061,1049.478537,625.9299169999999,2,2,0.1999014361142439,0.475121931582791,MEDIUM,SYNTHETIC_UNCALIBRATED_OOF_RANK_PLUS_GRAPH,SYSTEM_DEMO,Demo-only band from uncalibrated ranking evidence; recorded after all inputs were available,2026-07-08T18:33:36+00:00
U0000303,2026-02-09T11:38:47+00:00,WEB,L2,22,18-24,SALARIED,TR,N/A,N/A,NONE,BASELINE,0,6037.414930999999,5308.341348,578.2593469999999,5459.155583999999,3,3,0.6088553121389635,1.3734858512168808,LOW,SYNTHETIC_UNCALIBRATED_OOF_RANK_PLUS_GRAPH,SYSTEM_DEMO,Demo-only band from uncalibrated ranking evidence; recorded after all inputs were available,2026-07-08T18:33:36+00:00
U0000304,2026-03-01T15:20:14+00:00,WEB,L2,63,50+,STUDENT,NL,N/A,N/A,NONE,BASELINE,0,17002.34016,13803.089789,6625.796656,10376.543504,3,2,0.34773633086872946,0.8316486884199985,MEDIUM,SYNTHETIC_UNCALIBRATED_OOF_RANK_PLUS_GRAPH,SYSTEM_DEMO,Demo-only band from uncalibrated ranking evidence; recorded after all inputs were available,2026-07-08T18:33:36+00:00
U0000305,2026-02-12T16:40:24+00:00,WEB,L2,51,50+,SALARIED,NL,N/A,N/A,REVIEW_ONLY,BASELINE,0,29718.320713,24032.226407,16843.927525,12874.393188000002,1,1,0.2238643379372107,0.5471133507009612,MEDIUM,SYNTHETIC_UNCALIBRATED_OOF_RANK_PLUS_GRAPH,SYSTEM_DEMO,Demo-only band from uncalibrated ranking evidence; recorded after all inputs were available,2026-07-08T18:33:36+00:00
U0000306,2026-01-18T08:25:10+00:00,IOS,L2,50,50+,SALARIED,TR,N/A,N/A,NONE,BASELINE,0,13970.903638,15774.33848,8199.593658,5771.30998,1,2,0.25542654233042805,0.5988755518708296,LOW,SYNTHETIC_UNCALIBRATED_OOF_RANK_PLUS_GRAPH,SYSTEM_DEMO,Demo-only band from uncalibrated ranking evidence; recorded after all inputs were available,2026-07-08T18:33:36+00:00
U0000307,2026-04-07T09:23:16+00:00,IOS,L2,35,35-49,RETIRED,TR,KA_06,N/A,NONE,BASELINE,0,4177.79573,1520.982365,481.916804,3695.878926,3,1,0.7553867798802134,1.7939142700271316,LOW,SYNTHETIC_UNCALIBRATED_OOF_RANK_PLUS_GRAPH,SYSTEM_DEMO,Demo-only band from uncalibrated ranking evidence; recorded after all inputs were available,2026-07-08T18:33:36+00:00
U0000308,2026-02-12T15:19:53+00:00,WEB,L2,42,35-49,SELF_EMPLOYED,TR,N/A,N/A,NONE,BASELINE,0,3614.21737,6149.843299,5328.629724,-1714.4123540000005,2,1,0.20997378399297734,0.5040107223380184,MEDIUM,SYNTHETIC_UNCALIBRATED_OOF_RANK_PLUS_GRAPH,SYSTEM_DEMO,Demo-only band from uncalibrated ranking evidence; recorded after all inputs were available,2026-07-08T18:33:36+00:00
U0000309,2026-02-04T09:54:37+00:00,ANDROID,L2,35,35-49,SALARIED,TR,N/A,BD_04,NONE,BASELINE,0,899.953487,1397.664117,468.528821,431.424666,2,2,0.41173473715968223,1.0076855884445814,LOW,SYNTHETIC_UNCALIBRATED_OOF_RANK_PLUS_GRAPH,SYSTEM_DEMO,Demo-only band from uncalibrated ranking evidence; recorded after all inputs were available,2026-07-08T18:33:36+00:00
U0000310,2026-02-03T09:24:44+00:00,ANDROID,L2,61,50+,SALARIED,TR,N/A,N/A,NONE,BASELINE,0,5107.715542,2271.238137,890.047445,4217.668097,2,2,0.6369655696787099,1.5301732459892696,LOW,SYNTHETIC_UNCALIBRATED_OOF_RANK_PLUS_GRAPH,SYSTEM_DEMO,Demo-only band from uncalibrated ranking evidence; recorded after all inputs were available,2026-07-08T18:33:36+00:00
U0000311,2026-01-05T06:37:18+00:00,ANDROID,L2,69,50+,SELF_EMPLOYED,TR,N/A,N/A,NONE,BASELINE,0,6138.954962,1345.2661130000001,842.517288,5296.437674,3,2,0.8600386717285929,1.9082277272700705,LOW,SYNTHETIC_UNCALIBRATED_OOF_RANK_PLUS_GRAPH,SYSTEM_DEMO,Demo-only band from uncalibrated ranking evidence; recorded after all inputs were available,2026-07-08T18:33:36+00:00
U0000312,2026-01-16T17:04:57+00:00,H5,L2,60,50+,RETIRED,TR,N/A,N/A,NONE,BASELINE,0,6939.419659,7062.42827,333.892651,6605.527008,2,2,0.6577832224393707,1.4080616724580826,LOW,SYNTHETIC_UNCALIBRATED_OOF_RANK_PLUS_GRAPH,SYSTEM_DEMO,Demo-only band from uncalibrated ranking evidence; recorded after all inputs were available,2026-07-08T18:33:36+00:00
U0000313,2026-04-12T17:53:49+00:00,ANDROID,L2,35,35-49,SALARIED,GB,N/A,N/A,NONE,BASELINE,0,3168.700632,3826.616466,4942.414731,-1773.7140989999998,2,3,0.1839832397790553,0.44574148366053057,MEDIUM,SYNTHETIC_UNCALIBRATED_OOF_RANK_PLUS_GRAPH,SYSTEM_DEMO,Demo-only band from uncalibrated ranking evidence; recorded after all inputs were available,2026-07-08T18:33:36+00:00
U0000314,2026-01-17T09:21:59+00:00,H5,L1,57,50+,STUDENT,TR,N/A,N/A,NONE,SYNTHETIC_GRAPH_SIGNAL,0,4668.943977,2597.918402,2984.0809050000003,1684.8630719999996,1,2,0.2631560210205258,0.606098049015408,LOW,SYNTHETIC_UNCALIBRATED_OOF_RANK_PLUS_GRAPH,SYSTEM_DEMO,Demo-only band from uncalibrated ranking evidence; recorded after all inputs were available,2026-07-08T18:33:36+00:00
U0000315,2026-02-21T14:17:26+00:00,ANDROID,L1,27,25-34,OTHER,TR,N/A,N/A,NONE,BASELINE,0,7825.332658,5192.950736,1356.627683,6468.704975000001,3,2,0.5543075025561337,1.3499989545013587,LOW,SYNTHETIC_UNCALIBRATED_OOF_RANK_PLUS_GRAPH,SYSTEM_DEMO,Demo-only band from uncalibrated ranking evidence; recorded after all inputs were available,2026-07-08T18:33:36+00:00
U0000316,2026-04-12T07:44:53+00:00,ANDROID,L2,60,50+,SALARIED,TR,KA_03,N/A,NONE,BASELINE,0,5414.601092,7283.412447000001,5871.473544,-456.8724520000005,2,1,0.12851025834630053,0.30191647404911803,MEDIUM,SYNTHETIC_UNCALIBRATED_OOF_RANK_PLUS_GRAPH,SYSTEM_DEMO,Demo-only band from uncalibrated ranking evidence; recorded after all inputs were available,2026-07-08T18:33:36+00:00
U0000317,2026-03-16T06:39:42+00:00,ANDROID,L2,68,50+,RETIRED,TR,N/A,N/A,NONE,BASELINE,0,10263.902765,5676.433053,2646.617187,7617.285578000001,1,1,0.5054096175281363,1.229456852226006,LOW,SYNTHETIC_UNCALIBRATED_OOF_RANK_PLUS_GRAPH,SYSTEM_DEMO,Demo-only band from uncalibrated ranking evidence; recorded after all inputs were available,2026-07-08T18:33:36+00:00
U0000318,2026-02-14T08:58:27+00:00,ANDROID,L1,69,50+,SALARIED,TR,N/A,N/A,NONE,BASELINE,0,5489.284952,5843.509688,3262.373606,2226.911346,1,1,0.23482916128191317,0.5305460077942016,LOW,SYNTHETIC_UNCALIBRATED_OOF_RANK_PLUS_GRAPH,SYSTEM_DEMO,Demo-only band from uncalibrated ranking evidence; recorded after all inputs were available,2026-07-08T18:33:36+00:00
U0000319,2026-04-10T02:11:22+00:00,ANDROID,L2,39,35-49,OTHER,TR,N/A,N/A,NONE,BASELINE,0,8167.436871,5912.589952,2083.622859,6083.814012,2,1,0.4660951227368746,1.1291658997240572,LOW,SYNTHETIC_UNCALIBRATED_OOF_RANK_PLUS_GRAPH,SYSTEM_DEMO,Demo-only band from uncalibrated ranking evidence; recorded after all inputs were available,2026-07-08T18:33:36+00:00
U0000320,2026-03-18T04:14:33+00:00,IOS,L2,36,35-49,SALARIED,TR,N/A,BD_07,NONE,BASELINE,0,952.0856739999999,986.720265,493.81496200000004,458.2707119999999,1,2,0.2770342518179583,0.6078694417170101,LOW,SYNTHETIC_UNCALIBRATED_OOF_RANK_PLUS_GRAPH,SYSTEM_DEMO,Demo-only band from uncalibrated ranking evidence; recorded after all inputs were available,2026-07-08T18:33:36+00:00
U0000321,2026-04-11T22:25:45+00:00,ANDROID,L1,52,50+,SELF_EMPLOYED,AE,N/A,N/A,NONE,BASELINE,0,896.7513769999999,600.749658,131.884152,764.867225,1,3,0.5797943279683772,1.408262265612459,LOW,SYNTHETIC_UNCALIBRATED_OOF_RANK_PLUS_GRAPH,SYSTEM_DEMO,Demo-only band from uncalibrated ranking evidence; recorded after all inputs were available,2026-07-08T18:33:36+00:00
U0000322,2026-04-07T06:55:46+00:00,H5,L2,38,35-49,OTHER,TR,N/A,N/A,NONE,BASELINE,0,1290.560349,484.22195,300.291392,990.2689570000001,2,1,0.6217663985333732,1.431663310987446,LOW,SYNTHETIC_UNCALIBRATED_OOF_RANK_PLUS_GRAPH,SYSTEM_DEMO,Demo-only band from uncalibrated ranking evidence; recorded after all inputs were available,2026-07-08T18:33:36+00:00
U0000323,2026-02-19T04:41:37+00:00,ANDROID,L2,39,35-49,OTHER,DE,N/A,N/A,NONE,BASELINE,0,21091.658327999998,17159.261932,15014.829096000001,6076.829231999996,1,2,0.1417268061484668,0.34225535013423136,MEDIUM,SYNTHETIC_UNCALIBRATED_OOF_RANK_PLUS_GRAPH,SYSTEM_DEMO,Demo-only band from uncalibrated ranking evidence; recorded after all inputs were available,2026-07-08T18:33:36+00:00
U0000324,2026-01-19T11:05:18+00:00,ANDROID,L2,56,50+,SELF_EMPLOYED,TR,N/A,N/A,NONE,BASELINE,0,4357.799097,6504.00988,272.071941,4085.727156,3,3,0.6965018538757217,1.6791821247858614,LOW,SYNTHETIC_UNCALIBRATED_OOF_RANK_PLUS_GRAPH,SYSTEM_DEMO,Demo-only band from uncalibrated ranking evidence; recorded after all inputs were available,2026-07-08T18:33:36+00:00
U0000325,2026-03-11T01:02:05+00:00,ANDROID,L2,24,18-24,SELF_EMPLOYED,NL,KA_00,N/A,NONE,BASELINE,0,9096.075021999999,5151.361932,936.602003,8159.473018999999,2,2,0.6582633879407408,1.6121151378971663,LOW,SYNTHETIC_UNCALIBRATED_OOF_RANK_PLUS_GRAPH,SYSTEM_DEMO,Demo-only band from uncalibrated ranking evidence; recorded after all inputs were available,2026-07-08T18:33:36+00:00
U0000326,2026-01-29T20:39:04+00:00,ANDROID,L2,48,35-49,SALARIED,DE,N/A,N/A,NONE,BASELINE,0,4055.749584,3917.82867,3491.2451880000003,564.5043959999998,2,2,0.06287711871269619,0.14771384806468257,MEDIUM,SYNTHETIC_UNCALIBRATED_OOF_RANK_PLUS_GRAPH,SYSTEM_DEMO,Demo-only band from uncalibrated ranking evidence; recorded after all inputs were available,2026-07-08T18:33:36+00:00
U0000327,2026-01-04T22:12:34+00:00,WEB,L2,21,18-24,SALARIED,AE,N/A,N/A,NONE,BASELINE,0,11707.613379,6185.359912,14897.372653,-3189.759274,1,1,0.32926499494376926,0.7970650345572944,LOW,SYNTHETIC_UNCALIBRATED_OOF_RANK_PLUS_GRAPH,SYSTEM_DEMO,Demo-only band from uncalibrated ranking evidence; recorded after all inputs were available,2026-07-08T18:33:36+00:00
U0000328,2026-04-28T02:45:23+00:00,WEB,L2,41,35-49,RETIRED,TR,N/A,N/A,NONE,BASELINE,0,7060.9454129999995,10479.573118,1339.848132,5721.097280999999,1,2,0.599120300615472,1.452258605323252,LOW,SYNTHETIC_UNCALIBRATED_OOF_RANK_PLUS_GRAPH,SYSTEM_DEMO,Demo-only band from uncalibrated ranking evidence; recorded after all inputs were available,2026-07-08T18:33:36+00:00
U0000329,2026-01-26T13:52:26+00:00,IOS,L2,71,50+,SELF_EMPLOYED,AE,N/A,N/A,NONE,BASELINE,0,4819.701387,3462.619338,2279.243497,2540.45789,1,2,0.2948271876681699,0.7216141008852165,MEDIUM,SYNTHETIC_UNCALIBRATED_OOF_RANK_PLUS_GRAPH,SYSTEM_DEMO,Demo-only band from uncalibrated ranking evidence; recorded after all inputs were available,2026-07-08T18:33:36+00:00
U0000330,2026-01-02T10:32:21+00:00,ANDROID,L2,49,35-49,RETIRED,GB,N/A,N/A,NONE,BASELINE,0,980.816552,766.049519,295.411109,685.405443,1,1,0.42047352192183474,1.006825297337945,LOW,SYNTHETIC_UNCALIBRATED_OOF_RANK_PLUS_GRAPH,SYSTEM_DEMO,Demo-only band from uncalibrated ranking evidence; recorded after all inputs were available,2026-07-08T18:33:36+00:00
U0000331,2026-02-16T15:53:25+00:00,H5,L2,68,50+,SALARIED,TR,N/A,BD_02,NONE,BASELINE,0,1612.730237,1480.901554,1530.52482,82.2054169999999,2,1,0.035269566900680824,0.08552609313863047,MEDIUM,SYNTHETIC_UNCALIBRATED_OOF_RANK_PLUS_GRAPH,SYSTEM_DEMO,Demo-only band from uncalibrated ranking evidence; recorded after all inputs were available,2026-07-08T18:33:36+00:00
U0000332,2026-03-27T18:44:34+00:00,WEB,L2,62,50+,OTHER,GB,N/A,N/A,REVIEW_ONLY,SYNTHETIC_GRAPH_SIGNAL,1,2998.747984,2282.447328,2424.366787,574.3811970000002,2,1,0.12056928343455461,0.2788767309108931,MEDIUM,SYNTHETIC_UNCALIBRATED_OOF_RANK_PLUS_GRAPH,SYSTEM_DEMO,Demo-only band from uncalibrated ranking evidence; recorded after all inputs were available,2026-07-08T18:33:36+00:00
U0000333,2026-03-09T12:03:48+00:00,ANDROID,L1,27,25-34,SALARIED,TR,N/A,N/A,NONE,BASELINE,0,2452.277618,2479.901146,867.859547,1584.418071,1,3,0.3897373386177376,0.8338091125757049,MEDIUM,SYNTHETIC_UNCALIBRATED_OOF_RANK_PLUS_GRAPH,SYSTEM_DEMO,Demo-only band from uncalibrated ranking evidence; recorded after all inputs were available,2026-07-08T18:33:36+00:00
U0000334,2026-02-28T15:47:25+00:00,IOS,L2,70,50+,SALARIED,TR,KA_09,N/A,NONE,BASELINE,0,5178.155619,2348.751581,3390.844963,1787.310656,2,1,0.32104906476550216,0.7774688404052941,LOW,SYNTHETIC_UNCALIBRATED_OOF_RANK_PLUS_GRAPH,SYSTEM_DEMO,Demo-only band from uncalibrated ranking evidence; recorded after all inputs were available,2026-07-08T18:33:36+00:00
U0000335,2026-02-09T20:21:08+00:00,H5,L2,57,50+,RETIRED,TR,N/A,N/A,NONE,BASELINE,0,4776.734478,2168.274345,2159.500253,2617.234225,1,2,0.4058581864951742,0.8623971495286364,LOW,SYNTHETIC_UNCALIBRATED_OOF_RANK_PLUS_GRAPH,SYSTEM_DEMO,Demo-only band from uncalibrated ranking evidence; recorded after all inputs were available,2026-07-08T18:33:36+00:00
U0000336,2026-03-23T15:00:10+00:00,WEB,L2,23,18-24,SALARIED,TR,N/A,N/A,NONE,BASELINE,0,9910.344131,13919.127727000001,1893.2776720000002,8017.066459,3,1,0.5830957380987827,1.4025541912976052,LOW,SYNTHETIC_UNCALIBRATED_OOF_RANK_PLUS_GRAPH,SYSTEM_DEMO,Demo-only band from uncalibrated ranking evidence; recorded after all inputs were available,2026-07-08T18:33:36+00:00
U0000337,2026-01-22T04:06:13+00:00,ANDROID,L2,22,18-24,SALARIED,TR,N/A,N/A,REVIEW_ONLY,SYNTHETIC_GRAPH_SIGNAL,0,11091.756444999999,12323.721028,8864.91583,2226.840614999999,1,3,0.13302716530573627,0.32144638067453973,MEDIUM,SYNTHETIC_UNCALIBRATED_OOF_RANK_PLUS_GRAPH,SYSTEM_DEMO,Demo-only band from uncalibrated ranking evidence; recorded after all inputs were available,2026-07-08T18:33:36+00:00
U0000338,2026-04-20T15:00:56+00:00,IOS,L2,37,35-49,SELF_EMPLOYED,TR,N/A,N/A,NONE,BASELINE,0,4744.224006,4851.162717,2663.021363,2081.2026430000005,2,1,0.24650197845755425,0.5355037959208631,LOW,SYNTHETIC_UNCALIBRATED_OOF_RANK_PLUS_GRAPH,SYSTEM_DEMO,Demo-only band from uncalibrated ranking evidence; recorded after all inputs were available,2026-07-08T18:33:36+00:00
U0000339,2026-03-30T23:34:04+00:00,IOS,L2,68,50+,SALARIED,TR,N/A,N/A,NONE,BASELINE,0,4813.676347,4948.616271,2975.610455,1838.0658919999996,2,1,0.2119577741408285,0.46467753868737577,LOW,SYNTHETIC_UNCALIBRATED_OOF_RANK_PLUS_GRAPH,SYSTEM_DEMO,Demo-only band from uncalibrated ranking evidence; recorded after all inputs were available,2026-07-08T18:33:36+00:00
U0000340,2026-04-11T07:15:07+00:00,ANDROID,L2,35,35-49,SALARIED,GB,N/A,N/A,NONE,BASELINE,0,5432.436855,8612.690088,7286.92553,-1854.4886750000005,2,1,0.18342822529852512,0.4472499639252129,MEDIUM,SYNTHETIC_UNCALIBRATED_OOF_RANK_PLUS_GRAPH,SYSTEM_DEMO,Demo-only band from uncalibrated ranking evidence; recorded after all inputs were available,2026-07-08T18:33:36+00:00
U0000341,2026-01-16T11:19:03+00:00,IOS,L2,54,50+,SALARIED,DE,N/A,N/A,NONE,BASELINE,0,749.2633840000001,907.470023,523.816597,225.44678700000009,2,1,0.21658617273620884,0.527830261121588,LOW,SYNTHETIC_UNCALIBRATED_OOF_RANK_PLUS_GRAPH,SYSTEM_DEMO,Demo-only band from uncalibrated ranking evidence; recorded after all inputs were available,2026-07-08T18:33:36+00:00
U0000342,2026-01-06T20:21:52+00:00,WEB,L1,27,25-34,SALARIED,DE,N/A,BD_05,REVIEW_ONLY,BASELINE,0,6512.134034,5505.906238,641.3609240000001,5870.77311,1,2,0.6074853934053965,1.3912442664006082,LOW,SYNTHETIC_UNCALIBRATED_OOF_RANK_PLUS_GRAPH,SYSTEM_DEMO,Demo-only band from uncalibrated ranking evidence; recorded after all inputs were available,2026-07-08T18:33:36+00:00
U0000343,2026-03-21T13:53:09+00:00,ANDROID,L1,59,50+,SALARIED,TR,KA_06,N/A,NONE,BASELINE,0,6315.248662,6328.372024,1861.448689,4453.799973,1,2,0.4348772320950165,0.9238680394108766,MEDIUM,SYNTHETIC_UNCALIBRATED_OOF_RANK_PLUS_GRAPH,SYSTEM_DEMO,Demo-only band from uncalibrated ranking evidence; recorded after all inputs were available,2026-07-08T18:33:36+00:00
U0000344,2026-04-06T16:58:16+00:00,ANDROID,L1,65,50+,OTHER,TR,N/A,N/A,NONE,BASELINE,0,2856.370015,1674.668633,207.650021,2648.719994,3,1,0.6859015151358786,1.6768689688315963,LOW,SYNTHETIC_UNCALIBRATED_OOF_RANK_PLUS_GRAPH,SYSTEM_DEMO,Demo-only band from uncalibrated ranking evidence; recorded after all inputs were available,2026-07-08T18:33:36+00:00
U0000345,2026-03-28T13:07:19+00:00,WEB,L1,56,50+,RETIRED,TR,N/A,N/A,NONE,BASELINE,0,2353.571626,2974.187073,1512.8536980000001,840.7179279999998,1,2,0.2626248482507114,0.6408783118486051,MEDIUM,SYNTHETIC_UNCALIBRATED_OOF_RANK_PLUS_GRAPH,SYSTEM_DEMO,Demo-only band from uncalibrated ranking evidence; recorded after all inputs were available,2026-07-08T18:33:36+00:00
U0000346,2026-03-19T05:10:01+00:00,WEB,L2,39,35-49,SALARIED,TR,N/A,N/A,NONE,BASELINE,0,9691.486691,11740.27429,2561.097585,7130.3891060000005,2,2,0.4919141325396367,1.147738608938541,MEDIUM,SYNTHETIC_UNCALIBRATED_OOF_RANK_PLUS_GRAPH,SYSTEM_DEMO,Demo-only band from uncalibrated ranking evidence; recorded after all inputs were available,2026-07-08T18:33:36+00:00
U0000347,2026-03-04T22:59:06+00:00,WEB,L2,36,35-49,SALARIED,TR,N/A,N/A,NONE,BASELINE,0,10462.330257,11426.311392,1402.376264,9059.953993,1,2,0.5815931343583873,1.291133152545268,MEDIUM,SYNTHETIC_UNCALIBRATED_OOF_RANK_PLUS_GRAPH,SYSTEM_DEMO,Demo-only band from uncalibrated ranking evidence; recorded after all inputs were available,2026-07-08T18:33:36+00:00
U0000348,2026-03-14T20:51:59+00:00,WEB,L2,31,25-34,SELF_EMPLOYED,TR,N/A,N/A,NONE,BASELINE,0,3827.0234960000003,1557.866657,652.229597,3174.7938990000002,1,2,0.6635724499467354,1.577636702833334,MEDIUM,SYNTHETIC_UNCALIBRATED_OOF_RANK_PLUS_GRAPH,SYSTEM_DEMO,Demo-only band from uncalibrated ranking evidence; recorded after all inputs were available,2026-07-08T18:33:36+00:00
U0000349,2026-01-01T07:30:45+00:00,ANDROID,L2,36,35-49,SELF_EMPLOYED,TR,N/A,N/A,NONE,BASELINE,0,2784.064017,3304.666725,1070.150589,1713.913428,2,2,0.40004038059571984,0.9363960789476594,MEDIUM,SYNTHETIC_UNCALIBRATED_OOF_RANK_PLUS_GRAPH,SYSTEM_DEMO,Demo-only band from uncalibrated ranking evidence; recorded after all inputs were available,2026-07-08T18:33:36+00:00
U0000350,2026-02-27T10:56:55+00:00,ANDROID,L2,69,50+,SELF_EMPLOYED,DE,N/A,N/A,NONE,BASELINE,0,35869.611837,32441.816597,25776.070302,10093.541534999997,1,3,0.13362298642628018,0.3218347284368177,MEDIUM,SYNTHETIC_UNCALIBRATED_OOF_RANK_PLUS_GRAPH,SYSTEM_DEMO,Demo-only band from uncalibrated ranking evidence; recorded after all inputs were available,2026-07-08T18:33:36+00:00
U0000351,2026-01-06T04:51:17+00:00,WEB,L2,37,35-49,SALARIED,GB,N/A,N/A,NONE,BASELINE,0,4231.940615,3436.348013,332.849589,3899.0910260000005,2,2,0.6307279465414081,1.4619511325459709,LOW,SYNTHETIC_UNCALIBRATED_OOF_RANK_PLUS_GRAPH,SYSTEM_DEMO,Demo-only band from uncalibrated ranking evidence; recorded after all inputs were available,2026-07-08T18:33:36+00:00
U0000352,2026-01-15T23:52:11+00:00,WEB,L2,22,18-24,SALARIED,TR,KA_03,N/A,NONE,BASELINE,0,9676.746931,2995.494628,6403.816328,3272.930603,3,1,0.4289874542678333,1.0507284590837538,MEDIUM,SYNTHETIC_UNCALIBRATED_OOF_RANK_PLUS_GRAPH,SYSTEM_DEMO,Demo-only band from uncalibrated ranking evidence; recorded after all inputs were available,2026-07-08T18:33:36+00:00
U0000353,2026-02-09T16:57:04+00:00,IOS,L2,51,50+,SALARIED,TR,N/A,BD_00,NONE,BASELINE,0,3159.6594999999998,1898.007312,1644.683529,1514.9759709999998,1,2,0.29657286423070056,0.6781095707870577,LOW,SYNTHETIC_UNCALIBRATED_OOF_RANK_PLUS_GRAPH,SYSTEM_DEMO,Demo-only band from uncalibrated ranking evidence; recorded after all inputs were available,2026-07-08T18:33:36+00:00
U0000354,2026-03-05T06:46:47+00:00,IOS,L2,59,50+,OTHER,GB,N/A,N/A,NONE,BASELINE,0,10702.059405,10988.310473,9940.006446,762.0529590000006,2,2,0.0419614026339721,0.09942695745335643,MEDIUM,SYNTHETIC_UNCALIBRATED_OOF_RANK_PLUS_GRAPH,SYSTEM_DEMO,Demo-only band from uncalibrated ranking evidence; recorded after all inputs were available,2026-07-08T18:33:36+00:00
U0000355,2026-01-31T04:52:27+00:00,ANDROID,L2,68,50+,SALARIED,TR,N/A,N/A,NONE,BASELINE,0,2922.898834,1060.492338,977.841216,1945.057618,1,2,0.5430477364655643,1.1761539064595818,LOW,SYNTHETIC_UNCALIBRATED_OOF_RANK_PLUS_GRAPH,SYSTEM_DEMO,Demo-only band from uncalibrated ranking evidence; recorded after all inputs were available,2026-07-08T18:33:36+00:00
U0000356,2026-01-10T13:16:21+00:00,ANDROID,L2,23,18-24,OTHER,TR,N/A,N/A,NONE,BASELINE,0,11283.566549,6544.401951,801.447932,10482.118617,2,3,0.6901733888087057,1.687994681195927,LOW,SYNTHETIC_UNCALIBRATED_OOF_RANK_PLUS_GRAPH,SYSTEM_DEMO,Demo-only band from uncalibrated ranking evidence; recorded after all inputs were available,2026-07-08T18:33:36+00:00
U0000357,2026-01-13T13:58:28+00:00,ANDROID,L2,24,18-24,SALARIED,GB,N/A,N/A,NONE,BASELINE,0,2974.721198,2425.077689,92.146226,2882.5749720000003,1,1,0.6826097439861972,1.5746196908505046,LOW,SYNTHETIC_UNCALIBRATED_OOF_RANK_PLUS_GRAPH,SYSTEM_DEMO,Demo-only band from uncalibrated ranking evidence; recorded after all inputs were available,2026-07-08T18:33:36+00:00
U0000358,2026-04-13T04:21:52+00:00,WEB,L1,44,35-49,STUDENT,TR,N/A,N/A,NONE,BASELINE,0,3757.181264,1641.956342,2487.555894,1269.6253699999997,2,2,0.33067141164302855,0.8046052209332085,LOW,SYNTHETIC_UNCALIBRATED_OOF_RANK_PLUS_GRAPH,SYSTEM_DEMO,Demo-only band from uncalibrated ranking evidence; recorded after all inputs were available,2026-07-08T18:33:36+00:00
U0000359,2026-04-13T19:16:05+00:00,ANDROID,L2,33,25-34,SALARIED,TR,N/A,N/A,NONE,BASELINE,0,9199.765419,8942.549884,7570.997641,1628.7677779999995,3,2,0.08341234192734938,0.19003009626342918,MEDIUM,SYNTHETIC_UNCALIBRATED_OOF_RANK_PLUS_GRAPH,SYSTEM_DEMO,Demo-only band from uncalibrated ranking evidence; recorded after all inputs were available,2026-07-08T18:33:36+00:00
U0000360,2026-04-08T12:22:56+00:00,WEB,L2,46,35-49,OTHER,TR,N/A,N/A,NONE,BASELINE,0,15616.672281,13495.076479,9005.466507000001,6611.205773999998,1,1,0.21691935849524605,0.5203322746184703,LOW,SYNTHETIC_UNCALIBRATED_OOF_RANK_PLUS_GRAPH,SYSTEM_DEMO,Demo-only band from uncalibrated ranking evidence; recorded after all inputs were available,2026-07-08T18:33:36+00:00
U0000361,2026-01-27T01:23:06+00:00,WEB,L2,41,35-49,SALARIED,TR,KA_00,N/A,NONE,BASELINE,0,1396.619806,1015.0308650000001,1011.7471380000001,384.87266799999986,2,2,0.15831789147293013,0.3372725194146432,LOW,SYNTHETIC_UNCALIBRATED_OOF_RANK_PLUS_GRAPH,SYSTEM_DEMO,Demo-only band from uncalibrated ranking evidence; recorded after all inputs were available,2026-07-08T18:33:36+00:00
U0000362,2026-03-30T19:49:58+00:00,WEB,L1,22,18-24,SALARIED,TR,N/A,N/A,NONE,BASELINE,0,2236.245867,927.361916,346.27829099999997,1889.967576,1,2,0.6755909027148744,1.615409334793127,MEDIUM,SYNTHETIC_UNCALIBRATED_OOF_RANK_PLUS_GRAPH,SYSTEM_DEMO,Demo-only band from uncalibrated ranking evidence; recorded after all inputs were available,2026-07-08T18:33:36+00:00
U0000363,2026-02-26T22:31:11+00:00,IOS,L2,54,50+,SALARIED,AE,N/A,N/A,NONE,BASELINE,0,1389.9220500000001,438.54142,63.997313000000005,1325.924737,3,1,0.8847533472358823,2.101905755053102,LOW,SYNTHETIC_UNCALIBRATED_OOF_RANK_PLUS_GRAPH,SYSTEM_DEMO,Demo-only band from uncalibrated ranking evidence; recorded after all inputs were available,2026-07-08T18:33:36+00:00
U0000364,2026-03-15T07:23:54+00:00,ANDROID,L2,26,25-34,SELF_EMPLOYED,GB,N/A,BD_03,NONE,BASELINE,0,10326.538564,14204.389842999999,11480.196234000001,-1153.6576700000005,2,2,0.13544391804355935,0.32305444367474057,MEDIUM,SYNTHETIC_UNCALIBRATED_OOF_RANK_PLUS_GRAPH,SYSTEM_DEMO,Demo-only band from uncalibrated ranking evidence; recorded after all inputs were available,2026-07-08T18:33:36+00:00
U0000365,2026-02-14T09:33:50+00:00,H5,L2,32,25-34,OTHER,GB,N/A,N/A,NONE,BASELINE,0,12767.424082,4527.874433,4177.573482,8589.8506,1,1,0.5545561991836868,1.2000980494644728,MEDIUM,SYNTHETIC_UNCALIBRATED_OOF_RANK_PLUS_GRAPH,SYSTEM_DEMO,Demo-only band from uncalibrated ranking evidence; recorded after all inputs were available,2026-07-08T18:33:36+00:00
U0000366,2026-04-14T22:08:12+00:00,IOS,L2,52,50+,SALARIED,TR,N/A,N/A,NONE,BASELINE,0,2092.0664589999997,5072.852416,1544.1549340000001,547.9115249999995,2,2,0.5341048603597957,1.215524483793016,LOW,SYNTHETIC_UNCALIBRATED_OOF_RANK_PLUS_GRAPH,SYSTEM_DEMO,Demo-only band from uncalibrated ranking evidence; recorded after all inputs were available,2026-07-08T18:33:36+00:00
U0000367,2026-03-14T21:17:57+00:00,ANDROID,L2,35,35-49,SELF_EMPLOYED,TR,N/A,N/A,NONE,BASELINE,0,1555.5617490000002,1102.103159,1336.871971,218.68977800000016,2,3,0.13906179030777216,0.34055907135361324,LOW,SYNTHETIC_UNCALIBRATED_OOF_RANK_PLUS_GRAPH,SYSTEM_DEMO,Demo-only band from uncalibrated ranking evidence; recorded after all inputs were available,2026-07-08T18:33:36+00:00
U0000368,2026-01-19T04:27:21+00:00,ANDROID,L2,71,50+,SALARIED,AE,N/A,N/A,NONE,BASELINE,0,1966.711239,3948.32885,1086.223398,880.4878409999999,1,1,0.5128762728126991,1.226395260218836,LOW,SYNTHETIC_UNCALIBRATED_OOF_RANK_PLUS_GRAPH,SYSTEM_DEMO,Demo-only band from uncalibrated ranking evidence; recorded after all inputs were available,2026-07-08T18:33:36+00:00
U0000369,2026-03-12T05:20:16+00:00,ANDROID,L2,60,50+,STUDENT,TR,N/A,N/A,NONE,BASELINE,0,1029.95708,5464.10338,2014.558391,-984.6013110000001,2,1,0.6703258864201985,1.5634075439207846,LOW,SYNTHETIC_UNCALIBRATED_OOF_RANK_PLUS_GRAPH,SYSTEM_DEMO,Demo-only band from uncalibrated ranking evidence; recorded after all inputs were available,2026-07-08T18:33:36+00:00
U0000370,2026-02-05T02:17:58+00:00,ANDROID,L2,68,50+,STUDENT,AE,KA_09,N/A,NONE,BASELINE,0,1907.712272,419.567557,1078.70037,829.011902,2,2,0.5362778692136896,1.3107633879700071,MEDIUM,SYNTHETIC_UNCALIBRATED_OOF_RANK_PLUS_GRAPH,SYSTEM_DEMO,Demo-only band from uncalibrated ranking evidence; recorded after all inputs were available,2026-07-08T18:33:36+00:00
U0000371,2026-04-11T22:51:07+00:00,ANDROID,L2,52,50+,RETIRED,TR,N/A,N/A,NONE,BASELINE,0,5489.56134,4030.706258,2137.035544,3352.5257960000004,2,1,0.3532106997402974,0.8627705109395019,LOW,SYNTHETIC_UNCALIBRATED_OOF_RANK_PLUS_GRAPH,SYSTEM_DEMO,Demo-only band from uncalibrated ranking evidence; recorded after all inputs were available,2026-07-08T18:33:36+00:00
U0000372,2026-01-07T02:26:42+00:00,WEB,L2,50,50+,SALARIED,TR,N/A,N/A,NONE,BASELINE,0,2508.711967,717.51512,638.778353,1869.933614,1,1,0.6702721727746624,1.4514341387317684,LOW,SYNTHETIC_UNCALIBRATED_OOF_RANK_PLUS_GRAPH,SYSTEM_DEMO,Demo-only band from uncalibrated ranking evidence; recorded after all inputs were available,2026-07-08T18:33:36+00:00
U0000373,2026-03-04T11:00:41+00:00,ANDROID,L2,46,35-49,OTHER,TR,N/A,N/A,NONE,BASELINE,0,3022.947497,3104.637858,1808.90317,1214.044327,1,2,0.22396551499017167,0.4897889100142055,LOW,SYNTHETIC_UNCALIBRATED_OOF_RANK_PLUS_GRAPH,SYSTEM_DEMO,Demo-only band from uncalibrated ranking evidence; recorded after all inputs were available,2026-07-08T18:33:36+00:00
U0000374,2026-01-09T11:57:50+00:00,WEB,L2,20,18-24,SALARIED,TR,N/A,N/A,REVIEW_ONLY,BASELINE,0,6133.098331,5046.246015000001,7020.554691,-887.4563600000001,1,1,0.13308489221560318,0.3254373013805636,MEDIUM,SYNTHETIC_UNCALIBRATED_OOF_RANK_PLUS_GRAPH,SYSTEM_DEMO,Demo-only band from uncalibrated ranking evidence; recorded after all inputs were available,2026-07-08T18:33:36+00:00
U0000375,2026-02-18T08:01:17+00:00,ANDROID,L2,30,25-34,OTHER,GB,N/A,BD_06,NONE,BASELINE,0,6564.701497,3790.061751,4825.374367,1739.3271299999997,1,1,0.22624927501445433,0.5483428048619835,MEDIUM,SYNTHETIC_UNCALIBRATED_OOF_RANK_PLUS_GRAPH,SYSTEM_DEMO,Demo-only band from uncalibrated ranking evidence; recorded after all inputs were available,2026-07-08T18:33:36+00:00
U0000376,2026-01-19T07:57:29+00:00,ANDROID,L2,45,35-49,OTHER,AE,N/A,N/A,NONE,BASELINE,0,1783.368468,1390.199838,2307.574701,-524.2062330000001,1,2,0.2056805217605437,0.5021077876430601,LOW,SYNTHETIC_UNCALIBRATED_OOF_RANK_PLUS_GRAPH,SYSTEM_DEMO,Demo-only band from uncalibrated ranking evidence; recorded after all inputs were available,2026-07-08T18:33:36+00:00
U0000377,2026-02-13T03:50:39+00:00,ANDROID,L2,21,18-24,SALARIED,TR,N/A,N/A,NONE,BASELINE,0,11875.051604,7666.256151,6725.183642,5149.867962,2,1,0.2557325031823284,0.588186813856858,LOW,SYNTHETIC_UNCALIBRATED_OOF_RANK_PLUS_GRAPH,SYSTEM_DEMO,Demo-only band from uncalibrated ranking evidence; recorded after all inputs were available,2026-07-08T18:33:36+00:00
U0000378,2026-03-28T04:28:13+00:00,WEB,L2,43,35-49,STUDENT,TR,N/A,N/A,REVIEW_ONLY,BASELINE,1,4425.172462,3428.244634,3878.804537,546.3679250000005,3,3,0.10423092097525835,0.25492047265691137,MEDIUM,SYNTHETIC_UNCALIBRATED_OOF_RANK_PLUS_GRAPH,SYSTEM_DEMO,Demo-only band from uncalibrated ranking evidence; recorded after all inputs were available,2026-07-08T18:33:36+00:00
U0000379,2026-04-23T15:07:57+00:00,ANDROID,L2,30,25-34,OTHER,TR,KA_06,N/A,NONE,BASELINE,0,2399.046499,2346.859367,390.937401,2008.109098,1,1,0.5458063901871578,1.17276836782258,LOW,SYNTHETIC_UNCALIBRATED_OOF_RANK_PLUS_GRAPH,SYSTEM_DEMO,Demo-only band from uncalibrated ranking evidence; recorded after all inputs were available,2026-07-08T18:33:36+00:00
U0000380,2026-03-01T15:46:37+00:00,WEB,L1,29,25-34,SALARIED,TR,N/A,N/A,NONE,BASELINE,0,2828.095143,1265.377644,1475.932322,1352.162821,1,2,0.372966385464753,0.8417689870367089,LOW,SYNTHETIC_UNCALIBRATED_OOF_RANK_PLUS_GRAPH,SYSTEM_DEMO,Demo-only band from uncalibrated ranking evidence; recorded after all inputs were available,2026-07-08T18:33:36+00:00
U0000381,2026-03-28T02:26:06+00:00,WEB,L2,32,25-34,SALARIED,TR,N/A,N/A,NONE,BASELINE,0,1867.79351,1021.094695,313.058498,1554.735012,3,2,0.5954741380912986,1.4566779114811519,LOW,SYNTHETIC_UNCALIBRATED_OOF_RANK_PLUS_GRAPH,SYSTEM_DEMO,Demo-only band from uncalibrated ranking evidence; recorded after all inputs were available,2026-07-08T18:33:36+00:00
U0000382,2026-03-14T16:27:49+00:00,IOS,L2,65,50+,SELF_EMPLOYED,GB,N/A,N/A,NONE,BASELINE,0,2115.850023,1617.462264,1147.231103,968.6189199999999,1,1,0.24310369139386112,0.5953961532139969,LOW,SYNTHETIC_UNCALIBRATED_OOF_RANK_PLUS_GRAPH,SYSTEM_DEMO,Demo-only band from uncalibrated ranking evidence; recorded after all inputs were available,2026-07-08T18:33:36+00:00
U0000383,2026-03-30T08:22:58+00:00,WEB,L1,27,25-34,SALARIED,TR,N/A,N/A,NONE,BASELINE,0,2291.485852,826.995774,691.356893,1600.1289589999997,1,2,0.5704627775551339,1.2599974652626476,LOW,SYNTHETIC_UNCALIBRATED_OOF_RANK_PLUS_GRAPH,SYSTEM_DEMO,Demo-only band from uncalibrated ranking evidence; recorded after all inputs were available,2026-07-08T18:33:36+00:00
U0000384,2026-01-24T10:00:11+00:00,ANDROID,L2,64,50+,SALARIED,DE,N/A,N/A,NONE,BASELINE,0,3466.294871,2745.618822,3692.911341,-226.61646999999994,2,2,0.12232911783288808,0.28691850156310394,MEDIUM,SYNTHETIC_UNCALIBRATED_OOF_RANK_PLUS_GRAPH,SYSTEM_DEMO,Demo-only band from uncalibrated ranking evidence; recorded after all inputs were available,2026-07-08T18:33:36+00:00
U0000385,2026-01-17T02:09:06+00:00,WEB,L2,64,50+,RETIRED,TR,N/A,N/A,NONE,BASELINE,0,1549.651513,4301.605262,2687.018837,-1137.367324,1,2,0.3967184450096647,0.9669237234971563,LOW,SYNTHETIC_UNCALIBRATED_OOF_RANK_PLUS_GRAPH,SYSTEM_DEMO,Demo-only band from uncalibrated ranking evidence; recorded after all inputs were available,2026-07-08T18:33:36+00:00
U0000386,2026-03-27T12:21:42+00:00,IOS,L2,53,50+,OTHER,TR,N/A,BD_01,NONE,BASELINE,0,17555.533143,10307.747606,4067.428759,13488.104384,2,2,0.5178350331522861,1.2672538059908116,MEDIUM,SYNTHETIC_UNCALIBRATED_OOF_RANK_PLUS_GRAPH,SYSTEM_DEMO,Demo-only band from uncalibrated ranking evidence; recorded after all inputs were available,2026-07-08T18:33:36+00:00
U0000387,2026-02-05T14:06:46+00:00,IOS,L2,32,25-34,SALARIED,DE,N/A,N/A,NONE,BASELINE,0,3828.900099,5714.6044999999995,6613.056479,-2784.15638,1,2,0.21542992951048479,0.5169707278471133,LOW,SYNTHETIC_UNCALIBRATED_OOF_RANK_PLUS_GRAPH,SYSTEM_DEMO,Demo-only band from uncalibrated ranking evidence; recorded after all inputs were available,2026-07-08T18:33:36+00:00
U0000388,2026-03-04T23:37:54+00:00,WEB,L2,69,50+,SALARIED,TR,KA_03,N/A,NONE,BASELINE,0,2405.7143579999997,2784.086697,1680.855403,724.8589549999997,3,1,0.19986589415640907,0.4817143605173689,LOW,SYNTHETIC_UNCALIBRATED_OOF_RANK_PLUS_GRAPH,SYSTEM_DEMO,Demo-only band from uncalibrated ranking evidence; recorded after all inputs were available,2026-07-08T18:33:36+00:00
U0000389,2026-02-19T22:30:39+00:00,ANDROID,L2,64,50+,SALARIED,TR,N/A,N/A,REVIEW_ONLY,SYNTHETIC_GRAPH_SIGNAL,1,2601.242328,2400.628543,2500.919364,100.32296399999996,4,4,0.032747910799142306,0.0802156712568681,MEDIUM,SYNTHETIC_UNCALIBRATED_OOF_RANK_PLUS_GRAPH,SYSTEM_DEMO,Demo-only band from uncalibrated ranking evidence; recorded after all inputs were available,2026-07-08T18:33:36+00:00
U0000390,2026-02-24T22:35:19+00:00,IOS,L2,58,50+,SALARIED,TR,N/A,N/A,NONE,BASELINE,0,3073.927479,2853.482931,623.827718,2450.099761,2,2,0.5067870095086098,1.1219710136294405,MEDIUM,SYNTHETIC_UNCALIBRATED_OOF_RANK_PLUS_GRAPH,SYSTEM_DEMO,Demo-only band from uncalibrated ranking evidence; recorded after all inputs were available,2026-07-08T18:33:36+00:00
U0000391,2026-02-18T03:01:52+00:00,IOS,L2,66,50+,STUDENT,TR,N/A,N/A,NONE,BASELINE,0,11591.871978,11464.348554,6905.295142,4686.576835999999,2,1,0.2182637639107104,0.46925965498470257,MEDIUM,SYNTHETIC_UNCALIBRATED_OOF_RANK_PLUS_GRAPH,SYSTEM_DEMO,Demo-only band from uncalibrated ranking evidence; recorded after all inputs were available,2026-07-08T18:33:36+00:00
U0000392,2026-04-17T03:03:32+00:00,WEB,L2,40,35-49,SALARIED,TR,N/A,N/A,NONE,BASELINE,0,8065.604254,8105.108577,3316.290837,4749.313416999999,1,2,0.3461102011723474,0.7372325404542024,MEDIUM,SYNTHETIC_UNCALIBRATED_OOF_RANK_PLUS_GRAPH,SYSTEM_DEMO,Demo-only band from uncalibrated ranking evidence; recorded after all inputs were available,2026-07-08T18:33:36+00:00
U0000393,2026-04-03T11:21:32+00:00,ANDROID,L2,60,50+,SALARIED,GB,N/A,N/A,REVIEW_ONLY,BASELINE,0,821.444506,892.217427,52.710926,768.7335800000001,3,3,0.6456711930673906,1.4258141989488076,LOW,SYNTHETIC_UNCALIBRATED_OOF_RANK_PLUS_GRAPH,SYSTEM_DEMO,Demo-only band from uncalibrated ranking evidence; recorded after all inputs were available,2026-07-08T18:33:36+00:00
U0000394,2026-02-18T00:18:39+00:00,WEB,L2,69,50+,SALARIED,TR,N/A,N/A,NONE,BASELINE,0,5841.987999,2600.471631,1855.354202,3986.633797,2,2,0.504175456091473,1.1614019816356687,LOW,SYNTHETIC_UNCALIBRATED_OOF_RANK_PLUS_GRAPH,SYSTEM_DEMO,Demo-only band from uncalibrated ranking evidence; recorded after all inputs were available,2026-07-08T18:33:36+00:00
U0000395,2026-03-03T14:25:13+00:00,IOS,L2,68,50+,SALARIED,NL,N/A,N/A,NONE,BASELINE,0,2358.692081,1974.546997,1309.8351659999998,1048.8569150000003,2,2,0.2303374905197189,0.55759867918548,LOW,SYNTHETIC_UNCALIBRATED_OOF_RANK_PLUS_GRAPH,SYSTEM_DEMO,Demo-only band from uncalibrated ranking evidence; recorded after all inputs were available,2026-07-08T18:33:36+00:00
U0000396,2026-03-04T21:01:04+00:00,ANDROID,L2,29,25-34,SALARIED,NL,N/A,N/A,NONE,BASELINE,0,2506.000899,399.792078,120.760696,2385.2402030000003,1,1,1.055414129978466,2.3643131370299018,LOW,SYNTHETIC_UNCALIBRATED_OOF_RANK_PLUS_GRAPH,SYSTEM_DEMO,Demo-only band from uncalibrated ranking evidence; recorded after all inputs were available,2026-07-08T18:33:36+00:00
U0000397,2026-04-28T18:20:12+00:00,ANDROID,L2,51,50+,OTHER,TR,KA_00,BD_04,NONE,SYNTHETIC_GRAPH_SIGNAL,0,1368.593443,1327.419861,1584.469357,-215.87591399999997,2,2,0.07900732150990966,0.18015456411633846,MEDIUM,SYNTHETIC_UNCALIBRATED_OOF_RANK_PLUS_GRAPH,SYSTEM_DEMO,Demo-only band from uncalibrated ranking evidence; recorded after all inputs were available,2026-07-08T18:33:36+00:00
U0000398,2026-03-29T19:11:29+00:00,IOS,L1,51,50+,SALARIED,TR,N/A,N/A,NONE,BASELINE,0,4251.571637,4770.953381,1755.772116,2495.799521,3,3,0.3663314196786094,0.8392368184456475,LOW,SYNTHETIC_UNCALIBRATED_OOF_RANK_PLUS_GRAPH,SYSTEM_DEMO,Demo-only band from uncalibrated ranking evidence; recorded after all inputs were available,2026-07-08T18:33:36+00:00
U0000399,2026-04-12T18:01:46+00:00,IOS,L2,47,35-49,SALARIED,TR,N/A,N/A,NONE,BASELINE,0,1537.70959,3784.166572,357.678923,1180.030667,1,1,0.7507251039024728,1.809906373502494,LOW,SYNTHETIC_UNCALIBRATED_OOF_RANK_PLUS_GRAPH,SYSTEM_DEMO,Demo-only band from uncalibrated ranking evidence; recorded after all inputs were available,2026-07-08T18:33:36+00:00
U0000400,2026-03-26T21:40:06+00:00,WEB,L2,56,50+,SALARIED,TR,N/A,N/A,NONE,BASELINE,0,3569.60362,4914.2415249999995,1504.531561,2065.072059,1,2,0.42118773743416577,1.0241033346144603,LOW,SYNTHETIC_UNCALIBRATED_OOF_RANK_PLUS_GRAPH,SYSTEM_DEMO,Demo-only band from uncalibrated ranking evidence; recorded after all inputs were available,2026-07-08T18:33:36+00:00
U0000401,2026-03-22T11:33:02+00:00,IOS,L2,27,25-34,SELF_EMPLOYED,TR,N/A,N/A,NONE,BASELINE,0,2310.4367899999997,554.384293,327.320598,1983.1161919999997,3,1,0.8328503556174445,1.8637482826690357,LOW,SYNTHETIC_UNCALIBRATED_OOF_RANK_PLUS_GRAPH,SYSTEM_DEMO,Demo-only band from uncalibrated ranking evidence; recorded after all inputs were available,2026-07-08T18:33:36+00:00
U0000402,2026-01-31T05:44:42+00:00,ANDROID,L2,46,35-49,RETIRED,TR,N/A,N/A,NONE,BASELINE,0,9097.977051,8435.541349,1944.454595,7153.522456,1,1,0.49708700457730154,1.1017864833013646,LOW,SYNTHETIC_UNCALIBRATED_OOF_RANK_PLUS_GRAPH,SYSTEM_DEMO,Demo-only band from uncalibrated ranking evidence; recorded after all inputs were available,2026-07-08T18:33:36+00:00
U0000403,2026-04-30T14:05:15+00:00,WEB,L2,50,50+,SELF_EMPLOYED,TR,N/A,N/A,NONE,BASELINE,0,10812.892826,11261.821499,6446.0759,4366.8169259999995,2,1,0.2284750788330938,0.506551069694283,LOW,SYNTHETIC_UNCALIBRATED_OOF_RANK_PLUS_GRAPH,SYSTEM_DEMO,Demo-only band from uncalibrated ranking evidence; recorded after all inputs were available,2026-07-08T18:33:36+00:00
U0000404,2026-02-04T20:32:53+00:00,IOS,L2,57,50+,SALARIED,TR,N/A,N/A,NONE,BASELINE,0,3446.2684010000003,5419.593085,3733.8961229999995,-287.62772199999927,2,1,0.20724130427164317,0.4698482491259487,MEDIUM,SYNTHETIC_UNCALIBRATED_OOF_RANK_PLUS_GRAPH,SYSTEM_DEMO,Demo-only band from uncalibrated ranking evidence; recorded after all inputs were available,2026-07-08T18:33:36+00:00
U0000405,2026-01-06T08:19:52+00:00,IOS,L2,21,18-24,SALARIED,TR,N/A,N/A,NONE,BASELINE,0,4301.629065,4519.059437,4166.217293,135.41177200000038,2,2,0.03357350389799495,0.08150720800697088,LOW,SYNTHETIC_UNCALIBRATED_OOF_RANK_PLUS_GRAPH,SYSTEM_DEMO,Demo-only band from uncalibrated ranking evidence; recorded after all inputs were available,2026-07-08T18:33:36+00:00
U0000406,2026-02-09T17:58:24+00:00,IOS,L2,23,18-24,RETIRED,TR,KA_09,N/A,NONE,BASELINE,0,12661.172225,8965.438104,6827.0487299999995,5834.123495000001,1,1,0.25408584368251663,0.6151184439480354,LOW,SYNTHETIC_UNCALIBRATED_OOF_RANK_PLUS_GRAPH,SYSTEM_DEMO,Demo-only band from uncalibrated ranking evidence; recorded after all inputs were available,2026-07-08T18:33:36+00:00
U0000407,2026-01-15T08:33:06+00:00,WEB,L2,38,35-49,OTHER,TR,N/A,N/A,NONE,SYNTHETIC_GRAPH_SIGNAL,0,18377.620662,17495.722158,19828.735224,-1451.1145619999988,1,2,0.051803365898477796,0.12565131219110606,MEDIUM,SYNTHETIC_UNCALIBRATED_OOF_RANK_PLUS_GRAPH,SYSTEM_DEMO,Demo-only band from uncalibrated ranking evidence; recorded after all inputs were available,2026-07-08T18:33:36+00:00
U0000408,2026-01-19T02:11:12+00:00,ANDROID,L1,71,50+,SALARIED,AE,N/A,BD_07,NONE,BASELINE,0,11127.064837000002,11675.697037,5606.163884,5520.900953000002,1,3,0.2894573790094865,0.6409464269824573,LOW,SYNTHETIC_UNCALIBRATED_OOF_RANK_PLUS_GRAPH,SYSTEM_DEMO,Demo-only band from uncalibrated ranking evidence; recorded after all inputs were available,2026-07-08T18:33:36+00:00
U0000409,2026-01-03T08:55:13+00:00,WEB,L2,49,35-49,SELF_EMPLOYED,DE,N/A,N/A,NONE,BASELINE,0,5133.2321680000005,5129.656131,3113.810295,2019.4218730000002,3,2,0.21330887454695566,0.45289692194435643,LOW,SYNTHETIC_UNCALIBRATED_OOF_RANK_PLUS_GRAPH,SYSTEM_DEMO,Demo-only band from uncalibrated ranking evidence; recorded after all inputs were available,2026-07-08T18:33:36+00:00
U0000410,2026-04-19T05:33:52+00:00,ANDROID,L1,57,50+,SALARIED,TR,N/A,N/A,NONE,BASELINE,0,4789.190854,5920.870104,5197.817934000001,-408.6270800000002,2,2,0.088241639681358,0.21341863192756305,MEDIUM,SYNTHETIC_UNCALIBRATED_OOF_RANK_PLUS_GRAPH,SYSTEM_DEMO,Demo-only band from uncalibrated ranking evidence; recorded after all inputs were available,2026-07-08T18:33:36+00:00
U0000411,2026-03-02T04:23:43+00:00,ANDROID,L2,55,50+,SALARIED,TR,N/A,N/A,NONE,BASELINE,0,2326.8211690000003,1963.238895,1771.893189,554.9279800000004,2,1,0.11390240918535574,0.27462830386824844,MEDIUM,SYNTHETIC_UNCALIBRATED_OOF_RANK_PLUS_GRAPH,SYSTEM_DEMO,Demo-only band from uncalibrated ranking evidence; recorded after all inputs were available,2026-07-08T18:33:36+00:00
U0000412,2026-02-08T20:35:04+00:00,ANDROID,L2,19,18-24,SALARIED,TR,N/A,N/A,NONE,BASELINE,0,1291.259027,1429.472172,1723.880587,-432.62156000000004,2,3,0.12177438687739602,0.29200855833756284,MEDIUM,SYNTHETIC_UNCALIBRATED_OOF_RANK_PLUS_GRAPH,SYSTEM_DEMO,Demo-only band from uncalibrated ranking evidence; recorded after all inputs were available,2026-07-08T18:33:36+00:00
U0000413,2026-03-18T06:26:56+00:00,ANDROID,L2,49,35-49,RETIRED,TR,N/A,N/A,NONE,BASELINE,0,2564.952327,2795.204629,1321.59736,1243.354967,1,2,0.29060763236801385,0.6616259140827709,LOW,SYNTHETIC_UNCALIBRATED_OOF_RANK_PLUS_GRAPH,SYSTEM_DEMO,Demo-only band from uncalibrated ranking evidence; recorded after all inputs were available,2026-07-08T18:33:36+00:00
U0000414,2026-03-06T05:41:19+00:00,IOS,L1,70,50+,OTHER,DE,N/A,N/A,NONE,BASELINE,0,5717.095361,10595.700415,841.138822,4875.956539,1,2,0.6964495149632514,1.70594592230822,LOW,SYNTHETIC_UNCALIBRATED_OOF_RANK_PLUS_GRAPH,SYSTEM_DEMO,Demo-only band from uncalibrated ranking evidence; recorded after all inputs were available,2026-07-08T18:33:36+00:00
U0000415,2026-03-03T18:37:46+00:00,ANDROID,L2,38,35-49,SALARIED,TR,KA_06,N/A,NONE,BASELINE,0,5072.845266,3718.076805,5375.141183,-302.29591699999946,1,1,0.15259212205597636,0.3509226977788842,MEDIUM,SYNTHETIC_UNCALIBRATED_OOF_RANK_PLUS_GRAPH,SYSTEM_DEMO,Demo-only band from uncalibrated ranking evidence; recorded after all inputs were available,2026-07-08T18:33:36+00:00
U0000416,2026-01-13T02:28:01+00:00,WEB,L2,64,50+,SALARIED,DE,N/A,N/A,NONE,BASELINE,0,9443.945962,2403.765153,2107.528287,7336.417675,2,1,0.7289206804065195,1.5771318850929734,LOW,SYNTHETIC_UNCALIBRATED_OOF_RANK_PLUS_GRAPH,SYSTEM_DEMO,Demo-only band from uncalibrated ranking evidence; recorded after all inputs were available,2026-07-08T18:33:36+00:00
U0000417,2026-03-25T05:52:13+00:00,IOS,L1,64,50+,SALARIED,TR,N/A,N/A,NONE,BASELINE,0,1211.608993,1772.496056,1056.500959,155.1080340000001,3,2,0.22834697626089165,0.5315997864546066,LOW,SYNTHETIC_UNCALIBRATED_OOF_RANK_PLUS_GRAPH,SYSTEM_DEMO,Demo-only band from uncalibrated ranking evidence; recorded after all inputs were available,2026-07-08T18:33:36+00:00
U0000418,2026-03-18T22:33:23+00:00,IOS,L2,70,50+,SALARIED,TR,N/A,N/A,NONE,BASELINE,0,9379.970659999999,7872.91715,10225.993019000001,-846.0223590000023,2,2,0.10624803352044655,0.25689647445721314,MEDIUM,SYNTHETIC_UNCALIBRATED_OOF_RANK_PLUS_GRAPH,SYSTEM_DEMO,Demo-only band from uncalibrated ranking evidence; recorded after all inputs were available,2026-07-08T18:33:36+00:00
U0000419,2026-03-16T19:37:11+00:00,ANDROID,L2,24,18-24,SALARIED,TR,N/A,BD_02,NONE,BASELINE,0,6343.51601,1502.1993710000002,1637.63935,4705.87666,1,2,0.7120816378486111,1.531520261445338,LOW,SYNTHETIC_UNCALIBRATED_OOF_RANK_PLUS_GRAPH,SYSTEM_DEMO,Demo-only band from uncalibrated ranking evidence; recorded after all inputs were available,2026-07-08T18:33:36+00:00
U0000420,2026-03-20T12:15:28+00:00,IOS,L2,26,25-34,SALARIED,TR,N/A,N/A,NONE,BASELINE,0,6514.777004,1196.076302,1798.332252,4716.444751999999,3,3,0.7502380786106724,1.6779672674045427,LOW,SYNTHETIC_UNCALIBRATED_OOF_RANK_PLUS_GRAPH,SYSTEM_DEMO,Demo-only band from uncalibrated ranking evidence; recorded after all inputs were available,2026-07-08T18:33:36+00:00
U0000421,2026-04-12T01:20:34+00:00,WEB,L2,26,25-34,RETIRED,TR,N/A,N/A,NONE,BASELINE,0,2016.730591,2114.094852,1419.384254,597.346337,2,3,0.16600659297705067,0.37550505436335413,MEDIUM,SYNTHETIC_UNCALIBRATED_OOF_RANK_PLUS_GRAPH,SYSTEM_DEMO,Demo-only band from uncalibrated ranking evidence; recorded after all inputs were available,2026-07-08T18:33:36+00:00
U0000422,2026-04-06T21:28:31+00:00,IOS,L2,40,35-49,RETIRED,TR,N/A,N/A,NONE,BASELINE,0,2687.005664,3017.076541,919.535304,1767.4703599999998,1,2,0.41710016901549873,0.9500282439995584,LOW,SYNTHETIC_UNCALIBRATED_OOF_RANK_PLUS_GRAPH,SYSTEM_DEMO,Demo-only band from uncalibrated ranking evidence; recorded after all inputs were available,2026-07-08T18:33:36+00:00
U0000423,2026-03-31T06:59:27+00:00,ANDROID,L2,29,25-34,RETIRED,TR,N/A,N/A,NONE,BASELINE,0,3468.386496,2644.142985,1230.024551,2238.361945,2,2,0.37765766116408345,0.9145436050908996,MEDIUM,MANUAL_REVIEW_SYNTHETIC,REVIEWER_DEMO,Synthetic documented override; T+1 must not overwrite,2026-07-08T19:33:36+00:00
U0000424,2026-02-09T23:43:07+00:00,IOS,L2,64,50+,STUDENT,TR,KA_03,N/A,NONE,BASELINE,0,4163.284403,4885.496898,3279.652963,883.6314399999997,2,1,0.15979794120502702,0.3907659076438907,MEDIUM,SYNTHETIC_UNCALIBRATED_OOF_RANK_PLUS_GRAPH,SYSTEM_DEMO,Demo-only band from uncalibrated ranking evidence; recorded after all inputs were available,2026-07-08T18:33:36+00:00
U0000425,2026-03-31T09:25:16+00:00,WEB,L2,45,35-49,SELF_EMPLOYED,TR,N/A,N/A,NONE,BASELINE,0,7932.796306,7981.041649,7076.832176999999,855.9641290000009,2,1,0.05419731070925768,0.11798822741684149,MEDIUM,SYNTHETIC_UNCALIBRATED_OOF_RANK_PLUS_GRAPH,SYSTEM_DEMO,Demo-only band from uncalibrated ranking evidence; recorded after all inputs were available,2026-07-08T18:33:36+00:00
U0000426,2026-04-27T20:36:33+00:00,WEB,L2,31,25-34,SALARIED,TR,N/A,N/A,NONE,BASELINE,0,4902.323287,3778.343462,4627.960743,274.3625440000005,3,3,0.10785698977656182,0.2533649301572924,MEDIUM,SYNTHETIC_UNCALIBRATED_OOF_RANK_PLUS_GRAPH,SYSTEM_DEMO,Demo-only band from uncalibrated ranking evidence; recorded after all inputs were available,2026-07-08T18:33:36+00:00
U0000427,2026-03-20T07:26:20+00:00,ANDROID,L2,27,25-34,SALARIED,TR,N/A,N/A,NONE,BASELINE,0,29067.780502,20246.204129,4965.226739,24102.553763000004,2,1,0.5503165411595708,1.3321428123947339,LOW,SYNTHETIC_UNCALIBRATED_OOF_RANK_PLUS_GRAPH,SYSTEM_DEMO,Demo-only band from uncalibrated ranking evidence; recorded after all inputs were available,2026-07-08T18:33:36+00:00
U0000428,2026-03-01T07:36:42+00:00,ANDROID,L2,42,35-49,SELF_EMPLOYED,AE,N/A,N/A,NONE,BASELINE,0,1928.372336,2316.733629,1584.046359,344.32597699999997,1,1,0.15403526841179546,0.37708086662104523,MEDIUM,SYNTHETIC_UNCALIBRATED_OOF_RANK_PLUS_GRAPH,SYSTEM_DEMO,Demo-only band from uncalibrated ranking evidence; recorded after all inputs were available,2026-07-08T18:33:36+00:00
U0000429,2026-01-14T09:56:19+00:00,IOS,L2,31,25-34,SELF_EMPLOYED,NL,N/A,N/A,NONE,BASELINE,0,2194.3156480000002,1745.259205,909.4463460000001,1284.869302,3,1,0.3293909759431548,0.7949249441918145,LOW,SYNTHETIC_UNCALIBRATED_OOF_RANK_PLUS_GRAPH,SYSTEM_DEMO,Demo-only band from uncalibrated ranking evidence; recorded after all inputs were available,2026-07-08T18:33:36+00:00
U0000430,2026-01-02T01:52:12+00:00,ANDROID,L2,53,50+,SELF_EMPLOYED,TR,N/A,BD_05,REVIEW_ONLY,SYNTHETIC_GRAPH_SIGNAL,1,4271.067894,4074.615862,2648.58367,1622.4842239999998,3,2,0.19728579058136306,0.4427264212701532,MEDIUM,SYNTHETIC_UNCALIBRATED_OOF_RANK_PLUS_GRAPH,SYSTEM_DEMO,Demo-only band from uncalibrated ranking evidence; recorded after all inputs were available,2026-07-08T18:33:36+00:00
U0000431,2026-04-13T12:58:55+00:00,ANDROID,L1,67,50+,SALARIED,TR,N/A,N/A,NONE,BASELINE,0,1225.630524,298.913722,631.920122,593.7104019999999,3,3,0.5332176767618109,1.2892169456889444,LOW,SYNTHETIC_UNCALIBRATED_OOF_RANK_PLUS_GRAPH,SYSTEM_DEMO,Demo-only band from uncalibrated ranking evidence; recorded after all inputs were available,2026-07-08T18:33:36+00:00
U0000432,2026-01-05T23:45:59+00:00,ANDROID,L2,23,18-24,SALARIED,DE,N/A,N/A,NONE,BASELINE,0,6116.468934,3709.451498,7066.789528,-950.3205939999998,1,1,0.2509327357503218,0.5962343587174216,LOW,SYNTHETIC_UNCALIBRATED_OOF_RANK_PLUS_GRAPH,SYSTEM_DEMO,Demo-only band from uncalibrated ranking evidence; recorded after all inputs were available,2026-07-08T18:33:36+00:00
U0000433,2026-03-26T02:06:36+00:00,IOS,L2,42,35-49,RETIRED,GB,KA_00,N/A,NONE,BASELINE,0,5630.385037,5284.562901,1702.039581,3928.345456,1,2,0.4222757605055337,0.9340610308326642,MEDIUM,SYNTHETIC_UNCALIBRATED_OOF_RANK_PLUS_GRAPH,SYSTEM_DEMO,Demo-only band from uncalibrated ranking evidence; recorded after all inputs were available,2026-07-08T18:33:36+00:00
U0000434,2026-01-09T04:30:26+00:00,WEB,L1,63,50+,SELF_EMPLOYED,TR,N/A,N/A,NONE,BASELINE,0,14374.602729999999,12830.664754,5897.3868729999995,8477.215857,2,3,0.33410354202570663,0.7682661123403882,MEDIUM,SYNTHETIC_UNCALIBRATED_OOF_RANK_PLUS_GRAPH,SYSTEM_DEMO,Demo-only band from uncalibrated ranking evidence; recorded after all inputs were available,2026-07-08T18:33:36+00:00
U0000435,2026-04-06T03:32:37+00:00,IOS,L2,53,50+,OTHER,TR,N/A,N/A,NONE,BASELINE,0,3696.3131510000003,3510.9035480000002,1829.2504099999999,1867.0627410000004,1,2,0.2788229946660104,0.6198427057208471,LOW,SYNTHETIC_UNCALIBRATED_OOF_RANK_PLUS_GRAPH,SYSTEM_DEMO,Demo-only band from uncalibrated ranking evidence; recorded after all inputs were available,2026-07-08T18:33:36+00:00
U0000436,2026-04-03T04:43:56+00:00,ANDROID,L2,31,25-34,OTHER,TR,N/A,N/A,NONE,BASELINE,0,6410.621262,1264.003359,4833.957853,1576.6634089999998,1,2,0.516361983004586,1.2343408008935353,LOW,SYNTHETIC_UNCALIBRATED_OOF_RANK_PLUS_GRAPH,SYSTEM_DEMO,Demo-only band from uncalibrated ranking evidence; recorded after all inputs were available,2026-07-08T18:33:36+00:00
U0000437,2026-03-25T20:43:13+00:00,ANDROID,L2,35,35-49,SALARIED,NL,N/A,N/A,NONE,BASELINE,0,3475.919489,3188.354637,3258.028921,217.8905679999998,1,1,0.037033397767064526,0.0869449916933181,MEDIUM,SYNTHETIC_UNCALIBRATED_OOF_RANK_PLUS_GRAPH,SYSTEM_DEMO,Demo-only band from uncalibrated ranking evidence; recorded after all inputs were available,2026-07-08T18:33:36+00:00
U0000438,2026-01-03T02:08:16+00:00,ANDROID,L2,52,50+,SELF_EMPLOYED,TR,N/A,N/A,NONE,BASELINE,0,6622.476787,1582.829702,1708.910696,4913.566091,3,1,0.7100589175601225,1.5249757971688012,LOW,SYNTHETIC_UNCALIBRATED_OOF_RANK_PLUS_GRAPH,SYSTEM_DEMO,Demo-only band from uncalibrated ranking evidence; recorded after all inputs were available,2026-07-08T18:33:36+00:00
U0000439,2026-01-06T13:28:15+00:00,IOS,L2,49,35-49,SELF_EMPLOYED,TR,N/A,N/A,NONE,BASELINE,0,14439.024454,6159.6042449999995,3795.216473,10643.807981,2,3,0.5612276135561283,1.3089951058495632,LOW,SYNTHETIC_UNCALIBRATED_OOF_RANK_PLUS_GRAPH,SYSTEM_DEMO,Demo-only band from uncalibrated ranking evidence; recorded after all inputs were available,2026-07-08T18:33:36+00:00
U0000440,2026-04-27T04:59:43+00:00,WEB,L2,43,35-49,STUDENT,TR,N/A,N/A,NONE,BASELINE,0,2804.1820850000004,2434.872164,605.3640780000001,2198.8180070000003,2,2,0.4934870289578889,1.1286758838815063,LOW,SYNTHETIC_UNCALIBRATED_OOF_RANK_PLUS_GRAPH,SYSTEM_DEMO,Demo-only band from uncalibrated ranking evidence; recorded after all inputs were available,2026-07-08T18:33:36+00:00
U0000441,2026-01-06T18:00:14+00:00,WEB,L2,41,35-49,RETIRED,NL,N/A,BD_00,NONE,BASELINE,0,2166.2272620000003,1252.75668,1319.119131,847.1081310000004,1,1,0.2633052679162426,0.578377402048552,LOW,SYNTHETIC_UNCALIBRATED_OOF_RANK_PLUS_GRAPH,SYSTEM_DEMO,Demo-only band from uncalibrated ranking evidence; recorded after all inputs were available,2026-07-08T18:33:36+00:00
U0000442,2026-03-30T14:58:19+00:00,IOS,L1,53,50+,SALARIED,AE,KA_09,N/A,NONE,BASELINE,0,3228.268886,3335.1513210000003,527.3822210000001,2700.886665,2,2,0.5496425635147342,1.1879201804774924,LOW,SYNTHETIC_UNCALIBRATED_OOF_RANK_PLUS_GRAPH,SYSTEM_DEMO,Demo-only band from uncalibrated ranking evidence; recorded after all inputs were available,2026-07-08T18:33:36+00:00
U0000443,2026-02-28T12:41:11+00:00,IOS,L1,36,35-49,SELF_EMPLOYED,AE,N/A,N/A,NONE,BASELINE,0,1098.367605,1304.3943179999999,1188.767199,-90.39959399999998,2,2,0.07043237476859564,0.17209386810034058,MEDIUM,SYNTHETIC_UNCALIBRATED_OOF_RANK_PLUS_GRAPH,SYSTEM_DEMO,Demo-only band from uncalibrated ranking evidence; recorded after all inputs were available,2026-07-08T18:33:36+00:00
U0000444,2026-01-18T23:50:38+00:00,ANDROID,L2,65,50+,STUDENT,TR,N/A,N/A,NONE,BASELINE,0,1780.597861,1607.4949239999999,2489.384375,-708.7865140000001,2,2,0.1947406541029107,0.4501367306036457,LOW,SYNTHETIC_UNCALIBRATED_OOF_RANK_PLUS_GRAPH,SYSTEM_DEMO,Demo-only band from uncalibrated ranking evidence; recorded after all inputs were available,2026-07-08T18:33:36+00:00
U0000445,2026-01-17T00:36:18+00:00,ANDROID,L1,36,35-49,SALARIED,TR,N/A,N/A,NONE,BASELINE,0,2539.180523,1022.942225,2589.76213,-50.581607000000076,3,1,0.35451433577888164,0.7640682178253206,LOW,SYNTHETIC_UNCALIBRATED_OOF_RANK_PLUS_GRAPH,SYSTEM_DEMO,Demo-only band from uncalibrated ranking evidence; recorded after all inputs were available,2026-07-08T18:33:36+00:00
U0000446,2026-01-03T02:11:21+00:00,IOS,L2,28,25-34,SALARIED,TR,N/A,N/A,NONE,BASELINE,0,4728.539241,2984.248475,676.459274,4052.0799670000006,2,3,0.5934661496175893,1.449026344735143,LOW,SYNTHETIC_UNCALIBRATED_OOF_RANK_PLUS_GRAPH,SYSTEM_DEMO,Demo-only band from uncalibrated ranking evidence; recorded after all inputs were available,2026-07-08T18:33:36+00:00
U0000447,2026-02-22T01:59:26+00:00,IOS,L2,41,35-49,OTHER,TR,N/A,N/A,NONE,SYNTHETIC_GRAPH_SIGNAL,0,5284.494001,3549.942298,3870.434026,1414.0599750000001,3,2,0.17794286828133643,0.40957955302861393,MEDIUM,SYNTHETIC_UNCALIBRATED_OOF_RANK_PLUS_GRAPH,SYSTEM_DEMO,Demo-only band from uncalibrated ranking evidence; recorded after all inputs were available,2026-07-08T18:33:36+00:00
U0000448,2026-04-24T12:24:47+00:00,ANDROID,L2,63,50+,SELF_EMPLOYED,NL,N/A,N/A,NONE,BASELINE,0,4951.943845,9936.692577,11085.590603999999,-6133.646758999999,1,2,0.3074902271080804,0.708430717055826,LOW,SYNTHETIC_UNCALIBRATED_OOF_RANK_PLUS_GRAPH,SYSTEM_DEMO,Demo-only band from uncalibrated ranking evidence; recorded after all inputs were available,2026-07-08T18:33:36+00:00
U0000449,2026-03-03T10:07:32+00:00,IOS,L2,62,50+,SALARIED,TR,N/A,N/A,NONE,BASELINE,0,24025.152255,35741.010557,24946.720494,-921.5682390000002,2,1,0.18836622629534194,0.4149023564578705,LOW,SYNTHETIC_UNCALIBRATED_OOF_RANK_PLUS_GRAPH,SYSTEM_DEMO,Demo-only band from uncalibrated ranking evidence; recorded after all inputs were available,2026-07-08T18:33:36+00:00
U0000450,2026-03-06T02:35:19+00:00,ANDROID,L2,27,25-34,STUDENT,TR,N/A,N/A,NONE,BASELINE,0,6473.7913,15611.44485,13013.515438999999,-6539.724138999999,2,1,0.3285919440070845,0.7810238087952752,LOW,SYNTHETIC_UNCALIBRATED_OOF_RANK_PLUS_GRAPH,SYSTEM_DEMO,Demo-only band from uncalibrated ranking evidence; recorded after all inputs were available,2026-07-08T18:33:36+00:00
U0000451,2026-02-15T07:10:05+00:00,IOS,L2,22,18-24,SELF_EMPLOYED,TR,KA_06,N/A,REVIEW_ONLY,BASELINE,0,284.087737,432.108618,486.004797,-201.91706,2,3,0.21302310260034785,0.5038684075391736,LOW,SYNTHETIC_UNCALIBRATED_OOF_RANK_PLUS_GRAPH,SYSTEM_DEMO,Demo-only band from uncalibrated ranking evidence; recorded after all inputs were available,2026-07-08T18:33:36+00:00
U0000452,2026-03-22T16:51:45+00:00,WEB,L2,57,50+,SALARIED,TR,N/A,BD_03,NONE,BASELINE,0,2664.390739,1374.804886,520.370949,2144.01979,2,1,0.5798454146858231,1.410673419416115,LOW,SYNTHETIC_UNCALIBRATED_OOF_RANK_PLUS_GRAPH,SYSTEM_DEMO,Demo-only band from uncalibrated ranking evidence; recorded after all inputs were available,2026-07-08T18:33:36+00:00
U0000453,2026-01-02T03:25:32+00:00,ANDROID,L2,66,50+,SALARIED,TR,N/A,N/A,NONE,BASELINE,0,4693.844127,4356.905473,2424.482183,2269.361944,2,2,0.2614005431576009,0.5932852565196853,LOW,SYNTHETIC_UNCALIBRATED_OOF_RANK_PLUS_GRAPH,SYSTEM_DEMO,Demo-only band from uncalibrated ranking evidence; recorded after all inputs were available,2026-07-08T18:33:36+00:00
U0000454,2026-02-03T04:43:09+00:00,H5,L2,51,50+,OTHER,TR,N/A,N/A,NONE,BASELINE,0,1627.2144779999999,1574.282805,991.603266,635.6112119999999,3,1,0.2060283194011669,0.45475504670517736,LOW,SYNTHETIC_UNCALIBRATED_OOF_RANK_PLUS_GRAPH,SYSTEM_DEMO,Demo-only band from uncalibrated ranking evidence; recorded after all inputs were available,2026-07-08T18:33:36+00:00
U0000455,2026-04-16T13:45:52+00:00,ANDROID,L2,70,50+,SALARIED,TR,N/A,N/A,NONE,BASELINE,0,3353.231962,2961.45013,785.071279,2568.160683,1,2,0.47734564092702164,1.0851760119541765,LOW,SYNTHETIC_UNCALIBRATED_OOF_RANK_PLUS_GRAPH,SYSTEM_DEMO,Demo-only band from uncalibrated ranking evidence; recorded after all inputs were available,2026-07-08T18:33:36+00:00
U0000456,2026-01-14T10:18:25+00:00,IOS,L1,70,50+,SELF_EMPLOYED,TR,N/A,N/A,NONE,BASELINE,0,8499.646495,8471.636922,7032.045764,1467.6007310000005,1,3,0.0856540063151639,0.18342464746453044,MEDIUM,SYNTHETIC_UNCALIBRATED_OOF_RANK_PLUS_GRAPH,SYSTEM_DEMO,Demo-only band from uncalibrated ranking evidence; recorded after all inputs were available,2026-07-08T18:33:36+00:00
U0000457,2026-04-09T21:35:28+00:00,IOS,L2,21,18-24,OTHER,TR,N/A,N/A,NONE,SYNTHETIC_GRAPH_SIGNAL,0,3919.6897120000003,4152.030692,1577.9735699999999,2341.716142,2,2,0.3614212801766533,0.8002503899923159,LOW,SYNTHETIC_UNCALIBRATED_OOF_RANK_PLUS_GRAPH,SYSTEM_DEMO,Demo-only band from uncalibrated ranking evidence; recorded after all inputs were available,2026-07-08T18:33:36+00:00
U0000458,2026-02-28T18:46:55+00:00,ANDROID,L2,61,50+,SELF_EMPLOYED,TR,N/A,N/A,NONE,BASELINE,0,3110.149234,2895.948859,212.81982399999998,2897.32941,1,1,0.635913040785344,1.3976689105735947,LOW,SYNTHETIC_UNCALIBRATED_OOF_RANK_PLUS_GRAPH,SYSTEM_DEMO,Demo-only band from uncalibrated ranking evidence; recorded after all inputs were available,2026-07-08T18:33:36+00:00
U0000459,2026-02-10T00:14:29+00:00,ANDROID,L1,71,50+,STUDENT,GB,N/A,N/A,NONE,BASELINE,0,3323.844251,2566.4075080000002,1823.567649,1500.276602,2,1,0.2382069071398825,0.5834761702266701,LOW,SYNTHETIC_UNCALIBRATED_OOF_RANK_PLUS_GRAPH,SYSTEM_DEMO,Demo-only band from uncalibrated ranking evidence; recorded after all inputs were available,2026-07-08T18:33:36+00:00
U0000460,2026-01-21T22:59:25+00:00,H5,L2,22,18-24,SALARIED,TR,KA_03,N/A,NONE,BASELINE,0,1909.247092,1153.53028,733.5767,1175.670392,1,1,0.3844053500634945,0.9290522193420951,MEDIUM,SYNTHETIC_UNCALIBRATED_OOF_RANK_PLUS_GRAPH,SYSTEM_DEMO,Demo-only band from uncalibrated ranking evidence; recorded after all inputs were available,2026-07-08T18:33:36+00:00
U0000461,2026-02-01T21:26:50+00:00,ANDROID,L1,29,25-34,SELF_EMPLOYED,TR,N/A,N/A,NONE,BASELINE,0,8015.92742,7647.361475,3979.836743,4036.090677,2,3,0.27826272826191106,0.6164126959294258,MEDIUM,SYNTHETIC_UNCALIBRATED_OOF_RANK_PLUS_GRAPH,SYSTEM_DEMO,Demo-only band from uncalibrated ranking evidence; recorded after all inputs were available,2026-07-08T18:33:36+00:00
U0000462,2026-04-25T10:47:00+00:00,ANDROID,L2,32,25-34,SELF_EMPLOYED,TR,N/A,N/A,NONE,BASELINE,0,13832.755914,7805.934925,6222.529066,7610.226847999999,3,3,0.353032595209588,0.8194429612862281,LOW,SYNTHETIC_UNCALIBRATED_OOF_RANK_PLUS_GRAPH,SYSTEM_DEMO,Demo-only band from uncalibrated ranking evidence; recorded after all inputs were available,2026-07-08T18:33:36+00:00
U0000463,2026-03-15T04:18:23+00:00,ANDROID,L2,41,35-49,SALARIED,TR,N/A,BD_06,NONE,BASELINE,0,2681.7618039999998,2300.223971,1493.80132,1187.9604839999997,2,2,0.22941523388276092,0.5503395030932529,LOW,SYNTHETIC_UNCALIBRATED_OOF_RANK_PLUS_GRAPH,SYSTEM_DEMO,Demo-only band from uncalibrated ranking evidence; recorded after all inputs were available,2026-07-08T18:33:36+00:00
U0000464,2026-04-24T07:17:21+00:00,ANDROID,L2,20,18-24,SALARIED,TR,N/A,N/A,NONE,BASELINE,0,414.60058300000003,201.944367,235.08715999999998,179.51342300000005,3,1,0.3290868331554328,0.7491129567672127,LOW,SYNTHETIC_UNCALIBRATED_OOF_RANK_PLUS_GRAPH,SYSTEM_DEMO,Demo-only band from uncalibrated ranking evidence; recorded after all inputs were available,2026-07-08T18:33:36+00:00
U0000465,2026-03-21T01:33:41+00:00,H5,L1,58,50+,STUDENT,TR,N/A,N/A,NONE,BASELINE,0,5304.412506,3373.330574,3347.833262,1956.5792439999996,1,3,0.22861016097383252,0.48810448373269316,LOW,SYNTHETIC_UNCALIBRATED_OOF_RANK_PLUS_GRAPH,SYSTEM_DEMO,Demo-only band from uncalibrated ranking evidence; recorded after all inputs were available,2026-07-08T18:33:36+00:00
U0000466,2026-04-04T18:58:42+00:00,ANDROID,L2,45,35-49,SELF_EMPLOYED,TR,N/A,N/A,NONE,BASELINE,0,1596.934862,1696.795553,946.7428580000001,650.192004,2,1,0.23526799757589828,0.5306384311692842,LOW,SYNTHETIC_UNCALIBRATED_OOF_RANK_PLUS_GRAPH,SYSTEM_DEMO,Demo-only band from uncalibrated ranking evidence; recorded after all inputs were available,2026-07-08T18:33:36+00:00
U0000467,2026-01-10T00:12:15+00:00,WEB,L2,63,50+,SALARIED,TR,N/A,N/A,NONE,BASELINE,0,26993.105931000002,32628.790036000002,15523.255120999998,11469.850810000004,2,3,0.2841464813710492,0.6828997480476795,LOW,SYNTHETIC_UNCALIBRATED_OOF_RANK_PLUS_GRAPH,SYSTEM_DEMO,Demo-only band from uncalibrated ranking evidence; recorded after all inputs were available,2026-07-08T18:33:36+00:00
U0000468,2026-01-20T22:45:24+00:00,WEB,L2,21,18-24,SELF_EMPLOYED,TR,N/A,N/A,NONE,BASELINE,0,6847.843338999999,2572.840663,4712.398614,2135.4447249999994,2,1,0.37046329896385893,0.9074459108786971,MEDIUM,SYNTHETIC_UNCALIBRATED_OOF_RANK_PLUS_GRAPH,SYSTEM_DEMO,Demo-only band from uncalibrated ranking evidence; recorded after all inputs were available,2026-07-08T18:33:36+00:00
U0000469,2026-01-02T21:19:18+00:00,ANDROID,L2,22,18-24,STUDENT,NL,KA_00,N/A,NONE,SYNTHETIC_GRAPH_SIGNAL,0,9557.716059,9482.353268,5177.752924,4379.963135,1,3,0.2535986629076206,0.5425710565060171,LOW,SYNTHETIC_UNCALIBRATED_OOF_RANK_PLUS_GRAPH,SYSTEM_DEMO,Demo-only band from uncalibrated ranking evidence; recorded after all inputs were available,2026-07-08T18:33:36+00:00
U0000470,2026-02-06T10:15:10+00:00,ANDROID,L2,54,50+,RETIRED,TR,N/A,N/A,NONE,BASELINE,0,2787.111508,1988.721191,1359.885736,1427.225772,3,1,0.2855565075112408,0.6978281942626331,LOW,SYNTHETIC_UNCALIBRATED_OOF_RANK_PLUS_GRAPH,SYSTEM_DEMO,Demo-only band from uncalibrated ranking evidence; recorded after all inputs were available,2026-07-08T18:33:36+00:00
U0000471,2026-02-05T20:44:56+00:00,ANDROID,L2,63,50+,SALARIED,TR,N/A,N/A,NONE,BASELINE,0,3423.519523,2147.862584,815.2217870000001,2608.297736,1,1,0.5002272630892125,1.2252040893519678,LOW,SYNTHETIC_UNCALIBRATED_OOF_RANK_PLUS_GRAPH,SYSTEM_DEMO,Demo-only band from uncalibrated ranking evidence; recorded after all inputs were available,2026-07-08T18:33:36+00:00
U0000472,2026-01-22T08:23:47+00:00,IOS,L2,36,35-49,SELF_EMPLOYED,TR,N/A,N/A,NONE,BASELINE,0,3960.8296920000003,6895.010107,4135.793952,-174.96425999999974,2,2,0.26891920905654254,0.587163573443944,LOW,SYNTHETIC_UNCALIBRATED_OOF_RANK_PLUS_GRAPH,SYSTEM_DEMO,Demo-only band from uncalibrated ranking evidence; recorded after all inputs were available,2026-07-08T18:33:36+00:00
U0000473,2026-03-11T08:14:49+00:00,WEB,L2,56,50+,SALARIED,TR,N/A,N/A,NONE,BASELINE,0,8465.847743,2658.126589,5528.934337,2936.9134060000006,2,1,0.4271404130414395,1.0462534688870215,MEDIUM,SYNTHETIC_UNCALIBRATED_OOF_RANK_PLUS_GRAPH,SYSTEM_DEMO,Demo-only band from uncalibrated ranking evidence; recorded after all inputs were available,2026-07-08T18:33:36+00:00
U0000474,2026-01-19T08:25:25+00:00,H5,L2,59,50+,RETIRED,TR,N/A,BD_01,NONE,BASELINE,0,1728.52032,1058.493068,1667.472215,61.04810500000008,3,2,0.20372261856614818,0.45124890619160457,LOW,SYNTHETIC_UNCALIBRATED_OOF_RANK_PLUS_GRAPH,SYSTEM_DEMO,Demo-only band from uncalibrated ranking evidence; recorded after all inputs were available,2026-07-08T18:33:36+00:00
U0000475,2026-04-24T07:03:35+00:00,ANDROID,L2,61,50+,SALARIED,TR,N/A,N/A,NONE,BASELINE,0,9078.090802,4188.244383,2760.748342,6317.342460000001,2,2,0.5063455465988016,1.182500069215494,LOW,SYNTHETIC_UNCALIBRATED_OOF_RANK_PLUS_GRAPH,SYSTEM_DEMO,Demo-only band from uncalibrated ranking evidence; recorded after all inputs were available,2026-07-08T18:33:36+00:00
U0000476,2026-03-28T07:59:20+00:00,ANDROID,L1,57,50+,SALARIED,TR,N/A,N/A,NONE,BASELINE,0,7128.676669,6938.617447,6175.517765,953.1589040000008,2,1,0.06104391166587191,0.14125886901532295,MEDIUM,SYNTHETIC_UNCALIBRATED_OOF_RANK_PLUS_GRAPH,SYSTEM_DEMO,Demo-only band from uncalibrated ranking evidence; recorded after all inputs were available,2026-07-08T18:33:36+00:00
U0000477,2026-02-12T14:08:36+00:00,IOS,L2,29,25-34,SELF_EMPLOYED,TR,N/A,N/A,NONE,BASELINE,0,7331.940676,6666.396048,474.281991,6857.658685,3,1,0.6400717871834213,1.4215102643226099,MEDIUM,SYNTHETIC_UNCALIBRATED_OOF_RANK_PLUS_GRAPH,SYSTEM_DEMO,Demo-only band from uncalibrated ranking evidence; recorded after all inputs were available,2026-07-08T18:33:36+00:00
U0000478,2026-02-28T10:51:00+00:00,WEB,L2,71,50+,SALARIED,TR,KA_09,N/A,NONE,BASELINE,0,4941.078773,5453.406266,1189.020919,3752.057854,3,1,0.4923470007576796,1.1044286667081626,MEDIUM,SYNTHETIC_UNCALIBRATED_OOF_RANK_PLUS_GRAPH,SYSTEM_DEMO,Demo-only band from uncalibrated ranking evidence; recorded after all inputs were available,2026-07-08T18:33:36+00:00
U0000479,2026-03-11T12:33:09+00:00,WEB,L2,34,25-34,SELF_EMPLOYED,DE,N/A,N/A,NONE,BASELINE,0,12220.257332000001,6902.6535730000005,5983.768495,6236.488837000001,2,1,0.32848325991409827,0.7451987661498558,MEDIUM,SYNTHETIC_UNCALIBRATED_OOF_RANK_PLUS_GRAPH,SYSTEM_DEMO,Demo-only band from uncalibrated ranking evidence; recorded after all inputs were available,2026-07-08T18:33:36+00:00
U0000480,2026-04-25T23:53:13+00:00,IOS,L2,50,50+,OTHER,DE,N/A,N/A,NONE,BASELINE,0,1344.543449,881.3400790000001,195.27569599999998,1149.267753,1,2,0.5849899416864971,1.424029954256325,LOW,SYNTHETIC_UNCALIBRATED_OOF_RANK_PLUS_GRAPH,SYSTEM_DEMO,Demo-only band from uncalibrated ranking evidence; recorded after all inputs were available,2026-07-08T18:33:36+00:00
U0000481,2026-01-09T03:32:49+00:00,IOS,L2,19,18-24,SALARIED,TR,N/A,N/A,NONE,BASELINE,0,7370.4006340000005,7481.376016,5639.177591,1731.2230430000009,3,1,0.12349075448345628,0.2697090242845758,MEDIUM,SYNTHETIC_UNCALIBRATED_OOF_RANK_PLUS_GRAPH,SYSTEM_DEMO,Demo-only band from uncalibrated ranking evidence; recorded after all inputs were available,2026-07-08T18:33:36+00:00
U0000482,2026-03-14T23:49:23+00:00,IOS,L2,67,50+,SELF_EMPLOYED,TR,N/A,N/A,NONE,BASELINE,0,2375.184042,1701.867763,1306.642497,1068.5415449999998,3,3,0.24581291664957725,0.5954321429077307,LOW,SYNTHETIC_UNCALIBRATED_OOF_RANK_PLUS_GRAPH,SYSTEM_DEMO,Demo-only band from uncalibrated ranking evidence; recorded after all inputs were available,2026-07-08T18:33:36+00:00
U0000483,2026-02-09T18:22:15+00:00,IOS,L2,46,35-49,RETIRED,DE,N/A,N/A,NONE,BASELINE,0,18511.308397,6053.007574,14026.729884999999,4484.578512000002,1,3,0.4005183247995243,0.9684863843406071,LOW,SYNTHETIC_UNCALIBRATED_OOF_RANK_PLUS_GRAPH,SYSTEM_DEMO,Demo-only band from uncalibrated ranking evidence; recorded after all inputs were available,2026-07-08T18:33:36+00:00
U0000484,2026-01-18T22:44:32+00:00,ANDROID,L2,70,50+,STUDENT,TR,N/A,N/A,NONE,BASELINE,0,11179.875516,4757.087988,6303.600304,4876.2752120000005,1,2,0.3691942206002656,0.8663612465197087,MEDIUM,SYNTHETIC_UNCALIBRATED_OOF_RANK_PLUS_GRAPH,SYSTEM_DEMO,Demo-only band from uncalibrated ranking evidence; recorded after all inputs were available,2026-07-08T18:33:36+00:00
U0000485,2026-04-18T02:44:48+00:00,WEB,L2,27,25-34,OTHER,TR,N/A,BD_04,NONE,BASELINE,0,7319.887267,2159.461742,6432.950051,886.9372160000003,1,2,0.42474378481795466,0.9729126203966658,MEDIUM,SYNTHETIC_UNCALIBRATED_OOF_RANK_PLUS_GRAPH,SYSTEM_DEMO,Demo-only band from uncalibrated ranking evidence; recorded after all inputs were available,2026-07-08T18:33:36+00:00
U0000486,2026-03-17T05:30:08+00:00,ANDROID,L2,48,35-49,SALARIED,TR,N/A,N/A,NONE,BASELINE,0,5384.662177,5316.301034,1302.034942,4082.627235,2,2,0.4770458387646429,1.0204018653405185,MEDIUM,SYNTHETIC_UNCALIBRATED_OOF_RANK_PLUS_GRAPH,SYSTEM_DEMO,Demo-only band from uncalibrated ranking evidence; recorded after all inputs were available,2026-07-08T18:33:36+00:00
U0000487,2026-01-26T05:28:27+00:00,ANDROID,L2,26,25-34,SALARIED,TR,KA_06,N/A,NONE,BASELINE,0,3897.5175529999997,2289.508954,3570.329954,327.18759899999986,2,1,0.21334108127354762,0.49439884832347314,LOW,SYNTHETIC_UNCALIBRATED_OOF_RANK_PLUS_GRAPH,SYSTEM_DEMO,Demo-only band from uncalibrated ranking evidence; recorded after all inputs were available,2026-07-08T18:33:36+00:00
U0000488,2026-04-08T19:36:27+00:00,WEB,L1,55,50+,SALARIED,TR,N/A,N/A,REVIEW_ONLY,BASELINE,0,8835.101702,9096.53401,4963.178555,3871.9231469999995,1,2,0.24763840010062996,0.5416102624983132,LOW,SYNTHETIC_UNCALIBRATED_OOF_RANK_PLUS_GRAPH,SYSTEM_DEMO,Demo-only band from uncalibrated ranking evidence; recorded after all inputs were available,2026-07-08T18:33:36+00:00
U0000489,2026-02-03T14:30:28+00:00,ANDROID,L2,48,35-49,SELF_EMPLOYED,AE,N/A,N/A,NONE,BASELINE,0,1074.4340849999999,2835.2796280000002,260.156069,814.2780159999999,1,2,0.7731920761024375,1.8526647307664057,LOW,SYNTHETIC_UNCALIBRATED_OOF_RANK_PLUS_GRAPH,SYSTEM_DEMO,Demo-only band from uncalibrated ranking evidence; recorded after all inputs were available,2026-07-08T18:33:36+00:00
U0000490,2026-03-18T02:18:46+00:00,IOS,L2,59,50+,SELF_EMPLOYED,NL,N/A,N/A,NONE,BASELINE,0,2422.6672280000003,2161.303409,1202.465882,1220.2013460000003,3,1,0.2719657824506421,0.6326180242330937,LOW,SYNTHETIC_UNCALIBRATED_OOF_RANK_PLUS_GRAPH,SYSTEM_DEMO,Demo-only band from uncalibrated ranking evidence; recorded after all inputs were available,2026-07-08T18:33:36+00:00
U0000491,2026-02-02T23:49:34+00:00,WEB,L1,48,35-49,SALARIED,GB,N/A,N/A,NONE,BASELINE,0,12224.87864,8739.188838,7037.964635,5186.9140050000005,2,2,0.23129566816508546,0.5557004560313997,MEDIUM,SYNTHETIC_UNCALIBRATED_OOF_RANK_PLUS_GRAPH,SYSTEM_DEMO,Demo-only band from uncalibrated ranking evidence; recorded after all inputs were available,2026-07-08T18:33:36+00:00
U0000492,2026-04-16T00:05:13+00:00,H5,L2,51,50+,SELF_EMPLOYED,TR,N/A,N/A,NONE,BASELINE,0,1152.890292,871.028412,937.803577,215.08671500000003,2,2,0.1218166571316008,0.28550470293065267,LOW,SYNTHETIC_UNCALIBRATED_OOF_RANK_PLUS_GRAPH,SYSTEM_DEMO,Demo-only band from uncalibrated ranking evidence; recorded after all inputs were available,2026-07-08T18:33:36+00:00
U0000493,2026-02-14T00:05:42+00:00,IOS,L2,70,50+,SALARIED,TR,N/A,N/A,NONE,BASELINE,0,599.591313,1719.265792,896.471819,-296.88050599999997,1,2,0.4418970699780626,1.0446904551280676,LOW,SYNTHETIC_UNCALIBRATED_OOF_RANK_PLUS_GRAPH,SYSTEM_DEMO,Demo-only band from uncalibrated ranking evidence; recorded after all inputs were available,2026-07-08T18:33:36+00:00
U0000494,2026-01-12T00:56:12+00:00,IOS,L2,32,25-34,SALARIED,TR,N/A,N/A,NONE,BASELINE,0,3245.850774,1566.558783,4245.374877,-999.5241030000002,1,2,0.36608178336114017,0.8872421661784935,LOW,SYNTHETIC_UNCALIBRATED_OOF_RANK_PLUS_GRAPH,SYSTEM_DEMO,Demo-only band from uncalibrated ranking evidence; recorded after all inputs were available,2026-07-08T18:33:36+00:00
U0000495,2026-04-02T00:17:21+00:00,IOS,L2,57,50+,STUDENT,TR,N/A,N/A,NONE,BASELINE,0,902.5202909999999,605.006724,564.424215,338.0960759999999,1,3,0.21824057770148797,0.4895328680106047,MEDIUM,SYNTHETIC_UNCALIBRATED_OOF_RANK_PLUS_GRAPH,SYSTEM_DEMO,Demo-only band from uncalibrated ranking evidence; recorded after all inputs were available,2026-07-08T18:33:36+00:00
U0000496,2026-02-25T15:09:29+00:00,WEB,L2,51,50+,OTHER,TR,KA_03,BD_07,REVIEW_ONLY,SYNTHETIC_GRAPH_SIGNAL,1,31638.392449,23294.756515,16683.68422,14954.708229,3,3,0.25631724256819166,0.6264466423938883,LOW,SYNTHETIC_UNCALIBRATED_OOF_RANK_PLUS_GRAPH,SYSTEM_DEMO,Demo-only band from uncalibrated ranking evidence; recorded after all inputs were available,2026-07-08T18:33:36+00:00
U0000497,2026-04-30T03:27:59+00:00,IOS,L2,52,50+,SALARIED,TR,N/A,N/A,NONE,BASELINE,0,3487.742093,2760.227304,1164.62347,2323.118623,2,1,0.39266811063161305,0.9402048640802547,LOW,SYNTHETIC_UNCALIBRATED_OOF_RANK_PLUS_GRAPH,SYSTEM_DEMO,Demo-only band from uncalibrated ranking evidence; recorded after all inputs were available,2026-07-08T18:33:36+00:00
U0000498,2026-01-25T09:37:48+00:00,H5,L2,65,50+,SALARIED,TR,N/A,N/A,NONE,BASELINE,0,8360.301849,10062.786259,4540.886014,3819.415835,2,3,0.3016289296415477,0.7213777827388201,LOW,SYNTHETIC_UNCALIBRATED_OOF_RANK_PLUS_GRAPH,SYSTEM_DEMO,Demo-only band from uncalibrated ranking evidence; recorded after all inputs were available,2026-07-08T18:33:36+00:00
U0000499,2026-02-02T09:05:04+00:00,WEB,L2,57,50+,SALARIED,DE,N/A,N/A,REVIEW_ONLY,BASELINE,1,1831.299945,3543.144832,3389.863583,-1558.5636379999999,4,3,0.2647254512766798,0.5859600609716566,MEDIUM,SYNTHETIC_UNCALIBRATED_OOF_RANK_PLUS_GRAPH,SYSTEM_DEMO,Demo-only band from uncalibrated ranking evidence; recorded after all inputs were available,2026-07-08T18:33:36+00:00
U0000500,2026-04-07T04:03:31+00:00,IOS,L2,66,50+,SALARIED,DE,N/A,N/A,NONE,BASELINE,0,5948.9189160000005,5970.0309799999995,874.422598,5074.496318,2,1,0.562118900774937,1.1949019035574404,LOW,SYNTHETIC_UNCALIBRATED_OOF_RANK_PLUS_GRAPH,SYSTEM_DEMO,Demo-only band from uncalibrated ranking evidence; recorded after all inputs were available,2026-07-08T18:33:36+00:00
U0000501,2026-01-25T09:42:27+00:00,WEB,L2,41,35-49,SALARIED,DE,N/A,N/A,NONE,BASELINE,0,767.449797,1055.830104,627.785819,139.66397800000004,1,2,0.21814506406907155,0.5239079656338224,LOW,SYNTHETIC_UNCALIBRATED_OOF_RANK_PLUS_GRAPH,SYSTEM_DEMO,Demo-only band from uncalibrated ranking evidence; recorded after all inputs were available,2026-07-08T18:33:36+00:00
U0000502,2026-02-07T19:03:11+00:00,ANDROID,L2,55,50+,RETIRED,TR,N/A,N/A,NONE,BASELINE,0,4699.10494,1443.314697,2297.54398,2401.5609600000003,1,3,0.4899188126261332,1.1572764021548982,MEDIUM,SYNTHETIC_UNCALIBRATED_OOF_RANK_PLUS_GRAPH,SYSTEM_DEMO,Demo-only band from uncalibrated ranking evidence; recorded after all inputs were available,2026-07-08T18:33:36+00:00
U0000503,2026-03-24T16:33:25+00:00,WEB,L1,60,50+,SELF_EMPLOYED,TR,N/A,N/A,NONE,BASELINE,0,19141.937223,16547.305055,4342.156501,14799.780722,2,1,0.4835698395027634,1.1091129343522057,MEDIUM,SYNTHETIC_UNCALIBRATED_OOF_RANK_PLUS_GRAPH,SYSTEM_DEMO,Demo-only band from uncalibrated ranking evidence; recorded after all inputs were available,2026-07-08T18:33:36+00:00
U0000504,2026-01-25T16:10:22+00:00,IOS,L2,29,25-34,RETIRED,DE,N/A,N/A,NONE,BASELINE,0,18032.028799,12118.963437999999,18057.594810000002,-25.566011000002618,2,3,0.1738377773961869,0.36955852073886253,LOW,SYNTHETIC_UNCALIBRATED_OOF_RANK_PLUS_GRAPH,SYSTEM_DEMO,Demo-only band from uncalibrated ranking evidence; recorded after all inputs were available,2026-07-08T18:33:36+00:00
U0000505,2026-02-27T06:43:43+00:00,ANDROID,L2,24,18-24,SELF_EMPLOYED,NL,KA_00,N/A,NONE,BASELINE,0,9652.281903000001,9588.391745,6609.037115,3043.244788000001,2,3,0.16477320591799027,0.35318516511480097,MEDIUM,SYNTHETIC_UNCALIBRATED_OOF_RANK_PLUS_GRAPH,SYSTEM_DEMO,Demo-only band from uncalibrated ranking evidence; recorded after all inputs were available,2026-07-08T18:33:36+00:00
U0000506,2026-02-04T09:26:25+00:00,WEB,L2,34,25-34,OTHER,TR,N/A,N/A,NONE,BASELINE,0,2782.877658,1803.271049,2018.9725509999998,763.905107,2,2,0.19088762905140239,0.4449304883601578,LOW,SYNTHETIC_UNCALIBRATED_OOF_RANK_PLUS_GRAPH,SYSTEM_DEMO,Demo-only band from uncalibrated ranking evidence; recorded after all inputs were available,2026-07-08T18:33:36+00:00
U0000507,2026-01-06T08:11:44+00:00,IOS,L2,51,50+,STUDENT,TR,N/A,BD_02,NONE,BASELINE,0,244.72245900000001,298.849857,301.572204,-56.849744999999984,2,1,0.09293498165534506,0.20179890061879585,MEDIUM,SYNTHETIC_UNCALIBRATED_OOF_RANK_PLUS_GRAPH,SYSTEM_DEMO,Demo-only band from uncalibrated ranking evidence; recorded after all inputs were available,2026-07-08T18:33:36+00:00
U0000508,2026-02-07T20:02:33+00:00,ANDROID,L2,64,50+,SALARIED,TR,N/A,N/A,NONE,BASELINE,0,810.178488,1197.34147,319.021197,491.15729100000004,1,1,0.4634470842405003,1.132565746080688,LOW,SYNTHETIC_UNCALIBRATED_OOF_RANK_PLUS_GRAPH,SYSTEM_DEMO,Demo-only band from uncalibrated ranking evidence; recorded after all inputs were available,2026-07-08T18:33:36+00:00
U0000509,2026-04-15T23:52:27+00:00,ANDROID,L2,67,50+,SELF_EMPLOYED,AE,N/A,N/A,NONE,BASELINE,0,11139.693234,11183.030472,12098.367682,-958.6744479999998,1,1,0.03852838057086142,0.08355410093134491,MEDIUM,SYNTHETIC_UNCALIBRATED_OOF_RANK_PLUS_GRAPH,SYSTEM_DEMO,Demo-only band from uncalibrated ranking evidence; recorded after all inputs were available,2026-07-08T18:33:36+00:00
U0000510,2026-03-24T05:30:10+00:00,IOS,L2,31,25-34,RETIRED,TR,N/A,N/A,NONE,BASELINE,0,2041.350254,1894.67641,1589.346305,452.0039489999999,2,2,0.10222706932933573,0.24541544156528047,MEDIUM,SYNTHETIC_UNCALIBRATED_OOF_RANK_PLUS_GRAPH,SYSTEM_DEMO,Demo-only band from uncalibrated ranking evidence; recorded after all inputs were available,2026-07-08T18:33:36+00:00
U0000511,2026-04-20T05:49:02+00:00,IOS,L2,32,25-34,SALARIED,TR,N/A,N/A,NONE,BASELINE,0,5072.727475,1269.9778509999999,2315.5499369999998,2757.177538,3,3,0.5557798867056182,1.3176152152445497,LOW,SYNTHETIC_UNCALIBRATED_OOF_RANK_PLUS_GRAPH,SYSTEM_DEMO,Demo-only band from uncalibrated ranking evidence; recorded after all inputs were available,2026-07-08T18:33:36+00:00
U0000512,2026-04-06T18:41:57+00:00,ANDROID,L2,42,35-49,SALARIED,TR,N/A,N/A,NONE,BASELINE,0,3867.460209,2851.944486,466.013176,3401.447033,2,3,0.5952504381087714,1.4201458122824324,LOW,SYNTHETIC_UNCALIBRATED_OOF_RANK_PLUS_GRAPH,SYSTEM_DEMO,Demo-only band from uncalibrated ranking evidence; recorded after all inputs were available,2026-07-08T18:33:36+00:00
U0000513,2026-04-30T04:13:47+00:00,ANDROID,L2,20,18-24,SALARIED,TR,N/A,N/A,NONE,BASELINE,0,426.277117,1754.931879,1138.915277,-712.6381600000001,1,2,0.4905529456562551,1.2005467139934374,LOW,SYNTHETIC_UNCALIBRATED_OOF_RANK_PLUS_GRAPH,SYSTEM_DEMO,Demo-only band from uncalibrated ranking evidence; recorded after all inputs were available,2026-07-08T18:33:36+00:00
U0000514,2026-02-16T03:43:54+00:00,ANDROID,L2,61,50+,STUDENT,NL,KA_09,N/A,NONE,BASELINE,0,10014.871744,12220.535289,9356.339083,658.5326609999993,1,2,0.11631326056603006,0.2719884043904804,MEDIUM,SYNTHETIC_UNCALIBRATED_OOF_RANK_PLUS_GRAPH,SYSTEM_DEMO,Demo-only band from uncalibrated ranking evidence; recorded after all inputs were available,2026-07-08T18:33:36+00:00
U0000515,2026-03-04T01:54:08+00:00,IOS,L2,45,35-49,SALARIED,TR,N/A,N/A,NONE,BASELINE,0,6403.48539,9705.528143,2078.320062,4325.165328,2,2,0.5151583452028038,1.2581076892596579,LOW,SYNTHETIC_UNCALIBRATED_OOF_RANK_PLUS_GRAPH,SYSTEM_DEMO,Demo-only band from uncalibrated ranking evidence; recorded after all inputs were available,2026-07-08T18:33:36+00:00
U0000516,2026-03-26T02:08:18+00:00,ANDROID,L1,29,25-34,SELF_EMPLOYED,TR,N/A,N/A,NONE,BASELINE,0,6928.168912,6333.178227,777.123163,6151.045749,1,3,0.5919578034291312,1.3144692299111151,LOW,SYNTHETIC_UNCALIBRATED_OOF_RANK_PLUS_GRAPH,SYSTEM_DEMO,Demo-only band from uncalibrated ranking evidence; recorded after all inputs were available,2026-07-08T18:33:36+00:00
U0000517,2026-04-22T15:11:52+00:00,ANDROID,L2,59,50+,SALARIED,AE,N/A,N/A,NONE,BASELINE,0,3822.407765,3294.437219,607.754872,3214.652893,1,1,0.546653279170138,1.2484735596380645,LOW,SYNTHETIC_UNCALIBRATED_OOF_RANK_PLUS_GRAPH,SYSTEM_DEMO,Demo-only band from uncalibrated ranking evidence; recorded after all inputs were available,2026-07-08T18:33:36+00:00
U0000518,2026-01-09T10:49:43+00:00,WEB,L2,50,50+,SALARIED,TR,N/A,BD_05,NONE,SYNTHETIC_GRAPH_SIGNAL,0,2224.592949,1383.479888,282.457735,1942.135214,1,2,0.6132093106114083,1.4975863919261858,LOW,SYNTHETIC_UNCALIBRATED_OOF_RANK_PLUS_GRAPH,SYSTEM_DEMO,Demo-only band from uncalibrated ranking evidence; recorded after all inputs were available,2026-07-08T18:33:36+00:00
U0000519,2026-01-09T09:00:36+00:00,WEB,L2,27,25-34,SALARIED,TR,N/A,N/A,NONE,BASELINE,0,4260.110486,6207.010532,1203.342173,3056.7683129999996,1,1,0.5293932353912363,1.2862390147955869,LOW,SYNTHETIC_UNCALIBRATED_OOF_RANK_PLUS_GRAPH,SYSTEM_DEMO,Demo-only band from uncalibrated ranking evidence; recorded after all inputs were available,2026-07-08T18:33:36+00:00
U0000520,2026-04-07T12:24:28+00:00,WEB,L2,51,50+,SELF_EMPLOYED,TR,N/A,N/A,NONE,BASELINE,0,4638.997459,2877.999717,3494.27536,1144.722099,1,2,0.1987874910972899,0.47978044397029534,MEDIUM,SYNTHETIC_UNCALIBRATED_OOF_RANK_PLUS_GRAPH,SYSTEM_DEMO,Demo-only band from uncalibrated ranking evidence; recorded after all inputs were available,2026-07-08T18:33:36+00:00
U0000521,2026-04-24T21:59:16+00:00,ANDROID,L2,63,50+,SALARIED,TR,N/A,N/A,REVIEW_ONLY,BASELINE,1,3356.960362,3663.815791,3116.3865450000003,240.5738169999995,4,2,0.06630033775390173,0.16200664692143218,MEDIUM,SYNTHETIC_UNCALIBRATED_OOF_RANK_PLUS_GRAPH,SYSTEM_DEMO,Demo-only band from uncalibrated ranking evidence; recorded after all inputs were available,2026-07-08T18:33:36+00:00
U0000522,2026-04-07T09:01:46+00:00,WEB,L2,29,25-34,SALARIED,AE,N/A,N/A,NONE,BASELINE,0,873.0461270000001,1619.735785,57.047392,815.9987350000001,1,1,0.750843192700114,1.8385800067658176,LOW,SYNTHETIC_UNCALIBRATED_OOF_RANK_PLUS_GRAPH,SYSTEM_DEMO,Demo-only band from uncalibrated ranking evidence; recorded after all inputs were available,2026-07-08T18:33:36+00:00
U0000523,2026-04-04T02:31:47+00:00,IOS,L2,23,18-24,SALARIED,TR,KA_06,N/A,REVIEW_ONLY,BASELINE,0,4060.911799,3014.2531050000002,854.306609,3206.60519,1,1,0.505127469487902,1.2131723475175815,LOW,SYNTHETIC_UNCALIBRATED_OOF_RANK_PLUS_GRAPH,SYSTEM_DEMO,Demo-only band from uncalibrated ranking evidence; recorded after all inputs were available,2026-07-08T18:33:36+00:00
U0000524,2026-03-30T09:25:51+00:00,ANDROID,L2,57,50+,RETIRED,TR,N/A,N/A,NONE,BASELINE,0,2193.189383,2676.528015,1361.799847,831.3895359999999,2,2,0.26139798625157346,0.6329412804184577,LOW,SYNTHETIC_UNCALIBRATED_OOF_RANK_PLUS_GRAPH,SYSTEM_DEMO,Demo-only band from uncalibrated ranking evidence; recorded after all inputs were available,2026-07-08T18:33:36+00:00
U0000525,2026-02-01T14:06:51+00:00,WEB,L1,56,50+,SALARIED,TR,N/A,N/A,REVIEW_ONLY,BASELINE,0,1604.991911,799.216408,1357.33385,247.6580610000001,3,1,0.26877047394224257,0.6426424057988542,LOW,SYNTHETIC_UNCALIBRATED_OOF_RANK_PLUS_GRAPH,SYSTEM_DEMO,Demo-only band from uncalibrated ranking evidence; recorded after all inputs were available,2026-07-08T18:33:36+00:00
U0000526,2026-04-29T19:54:09+00:00,IOS,L2,27,25-34,SELF_EMPLOYED,DE,N/A,N/A,NONE,BASELINE,0,10071.927902,22163.043606,15238.538943,-5166.611041,1,1,0.31302950458458684,0.7640755184818216,MEDIUM,SYNTHETIC_UNCALIBRATED_OOF_RANK_PLUS_GRAPH,SYSTEM_DEMO,Demo-only band from uncalibrated ranking evidence; recorded after all inputs were available,2026-07-08T18:33:36+00:00
U0000527,2026-01-14T16:20:26+00:00,ANDROID,L2,24,18-24,SALARIED,TR,N/A,N/A,NONE,BASELINE,0,1882.528947,3125.870306,2025.9214980000002,-143.39255100000014,3,2,0.23687251387350552,0.5302607329172101,LOW,SYNTHETIC_UNCALIBRATED_OOF_RANK_PLUS_GRAPH,SYSTEM_DEMO,Demo-only band from uncalibrated ranking evidence; recorded after all inputs were available,2026-07-08T18:33:36+00:00
U0000528,2026-02-12T21:05:20+00:00,WEB,L2,36,35-49,SALARIED,TR,N/A,N/A,NONE,SYNTHETIC_GRAPH_SIGNAL,0,1212.672706,2179.799155,256.74276199999997,955.9299440000001,2,1,0.6454174403576926,1.5809344681013027,LOW,SYNTHETIC_UNCALIBRATED_OOF_RANK_PLUS_GRAPH,SYSTEM_DEMO,Demo-only band from uncalibrated ranking evidence; recorded after all inputs were available,2026-07-08T18:33:36+00:00
U0000529,2026-04-16T07:15:28+00:00,ANDROID,L2,57,50+,STUDENT,TR,N/A,BD_00,NONE,BASELINE,0,2227.876729,426.500366,101.421508,2126.455221,2,2,1.0181396210541263,2.3148881983085907,LOW,SYNTHETIC_UNCALIBRATED_OOF_RANK_PLUS_GRAPH,SYSTEM_DEMO,Demo-only band from uncalibrated ranking evidence; recorded after all inputs were available,2026-07-08T18:33:36+00:00
U0000530,2026-04-17T03:10:28+00:00,ANDROID,L2,35,35-49,SELF_EMPLOYED,TR,N/A,N/A,NONE,SYNTHETIC_GRAPH_SIGNAL,0,2955.706941,1499.717355,303.659233,2652.047708,2,2,0.6835933811820734,1.6717805173030404,LOW,SYNTHETIC_UNCALIBRATED_OOF_RANK_PLUS_GRAPH,SYSTEM_DEMO,Demo-only band from uncalibrated ranking evidence; recorded after all inputs were available,2026-07-08T18:33:36+00:00
U0000531,2026-01-02T10:18:49+00:00,IOS,L1,59,50+,SALARIED,TR,N/A,N/A,NONE,BASELINE,0,1811.048006,800.881068,940.434508,870.6134979999999,1,1,0.3774530802987716,0.8530942129222627,LOW,SYNTHETIC_UNCALIBRATED_OOF_RANK_PLUS_GRAPH,SYSTEM_DEMO,Demo-only band from uncalibrated ranking evidence; recorded after all inputs were available,2026-07-08T18:33:36+00:00
U0000532,2026-03-10T15:06:03+00:00,ANDROID,L2,64,50+,SALARIED,AE,KA_03,N/A,NONE,BASELINE,0,383.62021300000004,561.122373,402.001926,-18.38171299999999,2,3,0.1775321160920598,0.39540274733267294,MEDIUM,SYNTHETIC_UNCALIBRATED_OOF_RANK_PLUS_GRAPH,SYSTEM_DEMO,Demo-only band from uncalibrated ranking evidence; recorded after all inputs were available,2026-07-08T18:33:36+00:00
U0000533,2026-03-15T19:15:17+00:00,IOS,L2,49,35-49,OTHER,DE,N/A,N/A,NONE,BASELINE,0,9027.877117,9841.159028,5826.771522999999,3201.1055940000006,3,2,0.21049901478347408,0.48766020034263263,MEDIUM,SYNTHETIC_UNCALIBRATED_OOF_RANK_PLUS_GRAPH,SYSTEM_DEMO,Demo-only band from uncalibrated ranking evidence; recorded after all inputs were available,2026-07-08T18:33:36+00:00
U0000534,2026-03-15T22:06:36+00:00,IOS,L2,25,25-34,SALARIED,TR,N/A,N/A,NONE,BASELINE,0,21660.877762,28321.329718,5478.1527080000005,16182.725053999999,3,2,0.5188554317698235,1.2356488633989757,MEDIUM,SYNTHETIC_UNCALIBRATED_OOF_RANK_PLUS_GRAPH,SYSTEM_DEMO,Demo-only band from uncalibrated ranking evidence; recorded after all inputs were available,2026-07-08T18:33:36+00:00
U0000535,2026-04-08T03:43:46+00:00,IOS,L2,69,50+,SALARIED,AE,N/A,N/A,NONE,BASELINE,0,3569.640759,2989.736178,2231.9123170000003,1337.7284419999996,2,2,0.18691220175600792,0.456495652690988,LOW,SYNTHETIC_UNCALIBRATED_OOF_RANK_PLUS_GRAPH,SYSTEM_DEMO,Demo-only band from uncalibrated ranking evidence; recorded after all inputs were available,2026-07-08T18:33:36+00:00
U0000536,2026-03-04T19:37:54+00:00,IOS,L2,29,25-34,SALARIED,DE,N/A,N/A,NONE,BASELINE,0,9652.936572,8185.679589,3126.196684,6526.739888,3,1,0.4000733780624351,0.9339563300070088,MEDIUM,SYNTHETIC_UNCALIBRATED_OOF_RANK_PLUS_GRAPH,SYSTEM_DEMO,Demo-only band from uncalibrated ranking evidence; recorded after all inputs were available,2026-07-08T18:33:36+00:00
U0000537,2026-04-18T13:01:58+00:00,ANDROID,L1,49,35-49,SALARIED,TR,N/A,N/A,NONE,BASELINE,0,1453.5340330000001,898.162127,565.899627,887.6344060000001,2,1,0.37651314290860805,0.9127046419059008,LOW,SYNTHETIC_UNCALIBRATED_OOF_RANK_PLUS_GRAPH,SYSTEM_DEMO,Demo-only band from uncalibrated ranking evidence; recorded after all inputs were available,2026-07-08T18:33:36+00:00
U0000538,2026-02-08T03:20:33+00:00,IOS,L1,45,35-49,SALARIED,TR,N/A,N/A,NONE,BASELINE,0,3188.5396920000003,5679.488789999999,4224.860122,-1036.3204299999998,1,2,0.23410286303292724,0.5707561959793175,LOW,SYNTHETIC_UNCALIBRATED_OOF_RANK_PLUS_GRAPH,SYSTEM_DEMO,Demo-only band from uncalibrated ranking evidence; recorded after all inputs were available,2026-07-08T18:33:36+00:00
U0000539,2026-02-16T17:44:24+00:00,ANDROID,L1,38,35-49,SALARIED,TR,N/A,N/A,NONE,BASELINE,0,4807.229683,4533.622399,785.790337,4021.4393459999997,2,1,0.543508380189554,1.1913443310059468,LOW,SYNTHETIC_UNCALIBRATED_OOF_RANK_PLUS_GRAPH,SYSTEM_DEMO,Demo-only band from uncalibrated ranking evidence; recorded after all inputs were available,2026-07-08T18:33:36+00:00
U0000540,2026-01-25T08:23:09+00:00,IOS,L2,32,25-34,SELF_EMPLOYED,TR,N/A,BD_03,NONE,BASELINE,0,1147.829966,1288.379786,1225.837802,-78.007836,3,2,0.047100619103629913,0.11514035625764567,MEDIUM,SYNTHETIC_UNCALIBRATED_OOF_RANK_PLUS_GRAPH,SYSTEM_DEMO,Demo-only band from uncalibrated ranking evidence; recorded after all inputs were available,2026-07-08T18:33:36+00:00
U0000541,2026-02-14T15:32:42+00:00,ANDROID,L2,27,25-34,SALARIED,GB,KA_00,N/A,NONE,BASELINE,0,11096.038355,8966.598669,8656.981908,2439.056447000001,3,2,0.11325340720120869,0.2547794717724147,MEDIUM,SYNTHETIC_UNCALIBRATED_OOF_RANK_PLUS_GRAPH,SYSTEM_DEMO,Demo-only band from uncalibrated ranking evidence; recorded after all inputs were available,2026-07-08T18:33:36+00:00
U0000542,2026-04-19T03:50:46+00:00,IOS,L2,58,50+,SALARIED,DE,N/A,N/A,NONE,BASELINE,0,3622.0465940000004,2885.533012,4782.205444,-1160.1588499999998,1,1,0.20745972707986,0.5039969557259197,LOW,SYNTHETIC_UNCALIBRATED_OOF_RANK_PLUS_GRAPH,SYSTEM_DEMO,Demo-only band from uncalibrated ranking evidence; recorded after all inputs were available,2026-07-08T18:33:36+00:00
U0000543,2026-02-27T09:36:07+00:00,ANDROID,L2,29,25-34,OTHER,DE,N/A,N/A,REVIEW_ONLY,BASELINE,0,1064.966788,998.6472459999999,742.938434,322.0283539999999,1,1,0.14840925243512568,0.34422483563560435,LOW,SYNTHETIC_UNCALIBRATED_OOF_RANK_PLUS_GRAPH,SYSTEM_DEMO,Demo-only band from uncalibrated ranking evidence; recorded after all inputs were available,2026-07-08T18:33:36+00:00
U0000544,2026-04-24T13:43:47+00:00,IOS,L2,58,50+,SALARIED,TR,N/A,N/A,NONE,BASELINE,0,1558.213704,1352.898342,907.005793,651.207911,1,3,0.21358788485071628,0.5116719324492278,MEDIUM,SYNTHETIC_UNCALIBRATED_OOF_RANK_PLUS_GRAPH,SYSTEM_DEMO,Demo-only band from uncalibrated ranking evidence; recorded after all inputs were available,2026-07-08T18:33:36+00:00
U0000545,2026-01-18T05:02:47+00:00,WEB,L2,65,50+,SELF_EMPLOYED,TR,N/A,N/A,NONE,BASELINE,0,761.627194,2897.511003,1417.919899,-656.292705,2,2,0.5278467282303821,1.262079595277493,LOW,SYNTHETIC_UNCALIBRATED_OOF_RANK_PLUS_GRAPH,SYSTEM_DEMO,Demo-only band from uncalibrated ranking evidence; recorded after all inputs were available,2026-07-08T18:33:36+00:00
U0000546,2026-03-23T03:49:12+00:00,WEB,L2,56,50+,SELF_EMPLOYED,TR,N/A,N/A,NONE,BASELINE,0,1931.082328,293.145065,1286.28609,644.7962379999999,2,1,0.5757337001845338,1.3997416083987735,LOW,SYNTHETIC_UNCALIBRATED_OOF_RANK_PLUS_GRAPH,SYSTEM_DEMO,Demo-only band from uncalibrated ranking evidence; recorded after all inputs were available,2026-07-08T18:33:36+00:00
U0000547,2026-04-17T19:26:40+00:00,ANDROID,L2,35,35-49,SALARIED,TR,N/A,N/A,NONE,BASELINE,0,2038.6136900000001,5974.794004,969.933229,1068.6804610000002,2,1,0.718700559239893,1.671380664910339,LOW,SYNTHETIC_UNCALIBRATED_OOF_RANK_PLUS_GRAPH,SYSTEM_DEMO,Demo-only band from uncalibrated ranking evidence; recorded after all inputs were available,2026-07-08T18:33:36+00:00
U0000548,2026-01-13T10:21:27+00:00,ANDROID,L1,35,35-49,SALARIED,DE,N/A,N/A,NONE,BASELINE,0,3811.051734,4380.191622,1289.951031,2521.100703,2,1,0.4249021504017688,0.9778010443189955,LOW,SYNTHETIC_UNCALIBRATED_OOF_RANK_PLUS_GRAPH,SYSTEM_DEMO,Demo-only band from uncalibrated ranking evidence; recorded after all inputs were available,2026-07-08T18:33:36+00:00
U0000549,2026-01-08T00:28:47+00:00,ANDROID,L1,70,50+,OTHER,TR,N/A,N/A,NONE,BASELINE,0,20922.660324,13475.070709,20179.139402,743.5209219999997,1,2,0.18410879736858296,0.4093816422033544,MEDIUM,SYNTHETIC_UNCALIBRATED_OOF_RANK_PLUS_GRAPH,SYSTEM_DEMO,Demo-only band from uncalibrated ranking evidence; recorded after all inputs were available,2026-07-08T18:33:36+00:00
U0000550,2026-02-11T10:01:41+00:00,ANDROID,L2,23,18-24,SELF_EMPLOYED,TR,KA_09,N/A,NONE,BASELINE,0,19746.853645000003,20948.682299,19134.78151,612.0721350000022,1,3,0.03777963129947004,0.09095225629019604,MEDIUM,SYNTHETIC_UNCALIBRATED_OOF_RANK_PLUS_GRAPH,SYSTEM_DEMO,Demo-only band from uncalibrated ranking evidence; recorded after all inputs were available,2026-07-08T18:33:36+00:00
U0000551,2026-01-04T09:21:09+00:00,ANDROID,L2,23,18-24,SELF_EMPLOYED,TR,N/A,BD_06,NONE,BASELINE,0,4206.10842,2012.064178,2119.464043,2086.6443769999996,1,3,0.36338362834096755,0.7894482584708262,LOW,SYNTHETIC_UNCALIBRATED_OOF_RANK_PLUS_GRAPH,SYSTEM_DEMO,Demo-only band from uncalibrated ranking evidence; recorded after all inputs were available,2026-07-08T18:33:36+00:00
U0000552,2026-01-30T03:51:47+00:00,ANDROID,L2,64,50+,STUDENT,TR,N/A,N/A,NONE,BASELINE,0,12024.848301,6024.123715,3628.086511,8396.76179,3,1,0.4887683483864608,1.1620711979267888,LOW,SYNTHETIC_UNCALIBRATED_OOF_RANK_PLUS_GRAPH,SYSTEM_DEMO,Demo-only band from uncalibrated ranking evidence; recorded after all inputs were available,2026-07-08T18:33:36+00:00
U0000553,2026-02-13T19:07:14+00:00,IOS,L2,32,25-34,RETIRED,DE,N/A,N/A,NONE,BASELINE,0,1514.3380200000001,2313.866433,1057.96205,456.37597000000005,1,1,0.31869227611625583,0.7710979858518341,LOW,SYNTHETIC_UNCALIBRATED_OOF_RANK_PLUS_GRAPH,SYSTEM_DEMO,Demo-only band from uncalibrated ranking evidence; recorded after all inputs were available,2026-07-08T18:33:36+00:00
U0000554,2026-02-06T06:41:08+00:00,IOS,L2,42,35-49,SALARIED,AE,N/A,N/A,NONE,BASELINE,0,1846.90158,3758.242867,1258.502516,588.399064,2,2,0.46640973289761745,1.0926000555428044,LOW,SYNTHETIC_UNCALIBRATED_OOF_RANK_PLUS_GRAPH,SYSTEM_DEMO,Demo-only band from uncalibrated ranking evidence; recorded after all inputs were available,2026-07-08T18:33:36+00:00
U0000555,2026-03-23T18:53:30+00:00,ANDROID,L1,39,35-49,STUDENT,NL,N/A,N/A,NONE,BASELINE,0,12781.50477,4588.946662,4212.1932480000005,8569.311522,1,2,0.5495809413293751,1.1911392207565175,MEDIUM,SYNTHETIC_UNCALIBRATED_OOF_RANK_PLUS_GRAPH,SYSTEM_DEMO,Demo-only band from uncalibrated ranking evidence; recorded after all inputs were available,2026-07-08T18:33:36+00:00
U0000556,2026-03-22T13:18:00+00:00,WEB,L2,59,50+,SALARIED,TR,N/A,N/A,NONE,BASELINE,0,3227.385793,4713.788826,2560.845838,666.5399549999997,2,2,0.25707280716769976,0.6150082253643815,LOW,SYNTHETIC_UNCALIBRATED_OOF_RANK_PLUS_GRAPH,SYSTEM_DEMO,Demo-only band from uncalibrated ranking evidence; recorded after all inputs were available,2026-07-08T18:33:36+00:00
U0000557,2026-03-12T17:19:59+00:00,IOS,L2,60,50+,SALARIED,TR,N/A,N/A,NONE,BASELINE,0,3093.65727,4270.078868,2593.942666,499.71460400000024,1,1,0.21168284559207953,0.5049779878399058,LOW,SYNTHETIC_UNCALIBRATED_OOF_RANK_PLUS_GRAPH,SYSTEM_DEMO,Demo-only band from uncalibrated ranking evidence; recorded after all inputs were available,2026-07-08T18:33:36+00:00
U0000558,2026-04-23T12:40:02+00:00,IOS,L2,66,50+,OTHER,TR,N/A,N/A,NONE,BASELINE,0,3456.660706,3866.1745650000003,1036.398725,2420.261981,2,1,0.4481349286171376,1.0155628522975015,LOW,SYNTHETIC_UNCALIBRATED_OOF_RANK_PLUS_GRAPH,SYSTEM_DEMO,Demo-only band from uncalibrated ranking evidence; recorded after all inputs were available,2026-07-08T18:33:36+00:00
U0000559,2026-03-13T07:21:24+00:00,ANDROID,L2,41,35-49,SALARIED,TR,KA_06,N/A,NONE,BASELINE,0,723.80911,364.611225,726.490626,-2.681515999999988,1,2,0.28094447956962687,0.5981771152022923,LOW,SYNTHETIC_UNCALIBRATED_OOF_RANK_PLUS_GRAPH,SYSTEM_DEMO,Demo-only band from uncalibrated ranking evidence; recorded after all inputs were available,2026-07-08T18:33:36+00:00
U0000560,2026-02-25T22:40:34+00:00,WEB,L2,38,35-49,SALARIED,TR,N/A,N/A,NONE,BASELINE,0,14614.812184999999,12720.242176,7825.464463,6789.347721999999,1,1,0.24406859257815006,0.5792873327027558,MEDIUM,SYNTHETIC_UNCALIBRATED_OOF_RANK_PLUS_GRAPH,SYSTEM_DEMO,Demo-only band from uncalibrated ranking evidence; recorded after all inputs were available,2026-07-08T18:33:36+00:00
U0000561,2026-02-05T13:38:13+00:00,IOS,L2,48,35-49,SELF_EMPLOYED,TR,N/A,N/A,NONE,BASELINE,0,2872.3247929999998,3336.451802,80.755622,2791.5691709999996,1,1,0.6858505922852044,1.5529117592561972,LOW,SYNTHETIC_UNCALIBRATED_OOF_RANK_PLUS_GRAPH,SYSTEM_DEMO,Demo-only band from uncalibrated ranking evidence; recorded after all inputs were available,2026-07-08T18:33:36+00:00
U0000562,2026-01-22T03:58:46+00:00,WEB,L2,61,50+,STUDENT,TR,N/A,BD_01,NONE,BASELINE,0,12657.981294,6019.683382,4473.436731,8184.5445629999995,2,1,0.4600662212302465,1.0605816655261129,LOW,SYNTHETIC_UNCALIBRATED_OOF_RANK_PLUS_GRAPH,SYSTEM_DEMO,Demo-only band from uncalibrated ranking evidence; recorded after all inputs were available,2026-07-08T18:33:36+00:00
U0000563,2026-02-22T17:57:25+00:00,WEB,L2,69,50+,RETIRED,NL,N/A,N/A,NONE,BASELINE,0,5989.0269,4963.238426,3985.540645,2003.4862549999998,2,1,0.1642808280476339,0.4023655667149915,MEDIUM,SYNTHETIC_UNCALIBRATED_OOF_RANK_PLUS_GRAPH,SYSTEM_DEMO,Demo-only band from uncalibrated ranking evidence; recorded after all inputs were available,2026-07-08T18:33:36+00:00
U0000564,2026-04-10T13:48:10+00:00,WEB,L2,67,50+,SALARIED,GB,N/A,N/A,NONE,BASELINE,0,3094.201251,2225.7937819999997,209.863946,2884.337305,1,1,0.6554542938900819,1.564779852046929,LOW,SYNTHETIC_UNCALIBRATED_OOF_RANK_PLUS_GRAPH,SYSTEM_DEMO,Demo-only band from uncalibrated ranking evidence; recorded after all inputs were available,2026-07-08T18:33:36+00:00
U0000565,2026-03-01T22:01:05+00:00,H5,L1,24,18-24,SALARIED,TR,N/A,N/A,NONE,BASELINE,0,4109.457695,2281.257905,198.732182,3910.725513,2,1,0.7273774842123111,1.7804491251980303,LOW,SYNTHETIC_UNCALIBRATED_OOF_RANK_PLUS_GRAPH,SYSTEM_DEMO,Demo-only band from uncalibrated ranking evidence; recorded after all inputs were available,2026-07-08T18:33:36+00:00
U0000566,2026-04-08T22:53:23+00:00,WEB,L1,23,18-24,SALARIED,GB,N/A,N/A,NONE,BASELINE,0,4886.902365,6572.45238,1510.519687,3376.382678,2,3,0.4868058211657983,1.1708515883186,MEDIUM,SYNTHETIC_UNCALIBRATED_OOF_RANK_PLUS_GRAPH,SYSTEM_DEMO,Demo-only band from uncalibrated ranking evidence; recorded after all inputs were available,2026-07-08T18:33:36+00:00
U0000567,2026-03-26T17:29:26+00:00,IOS,L2,71,50+,SALARIED,TR,N/A,N/A,NONE,BASELINE,0,973.787356,466.366313,252.451903,721.335453,1,3,0.5361569525888773,1.2785059879266427,LOW,SYNTHETIC_UNCALIBRATED_OOF_RANK_PLUS_GRAPH,SYSTEM_DEMO,Demo-only band from uncalibrated ranking evidence; recorded after all inputs were available,2026-07-08T18:33:36+00:00
U0000568,2026-04-05T04:39:48+00:00,H5,L2,67,50+,STUDENT,TR,KA_03,N/A,NONE,BASELINE,0,1424.482273,2098.60864,454.88521499999996,969.5970580000001,1,1,0.5087899874533401,1.239617865047178,LOW,SYNTHETIC_UNCALIBRATED_OOF_RANK_PLUS_GRAPH,SYSTEM_DEMO,Demo-only band from uncalibrated ranking evidence; recorded after all inputs were available,2026-07-08T18:33:36+00:00
U0000569,2026-03-05T05:41:26+00:00,WEB,L2,69,50+,SALARIED,TR,N/A,N/A,NONE,BASELINE,0,5809.1521250000005,9261.890635,10481.966403999999,-4672.814278999998,1,3,0.23233135444406697,0.5486024267055671,MEDIUM,SYNTHETIC_UNCALIBRATED_OOF_RANK_PLUS_GRAPH,SYSTEM_DEMO,Demo-only band from uncalibrated ranking evidence; recorded after all inputs were available,2026-07-08T18:33:36+00:00
U0000570,2026-04-02T16:22:00+00:00,ANDROID,L1,22,18-24,SALARIED,DE,N/A,N/A,NONE,BASELINE,0,4495.19188,3624.097838,292.130947,4203.060933000001,2,2,0.6460064408071567,1.4990550706216526,LOW,SYNTHETIC_UNCALIBRATED_OOF_RANK_PLUS_GRAPH,SYSTEM_DEMO,Demo-only band from uncalibrated ranking evidence; recorded after all inputs were available,2026-07-08T18:33:36+00:00
U0000571,2026-01-15T19:16:19+00:00,ANDROID,L2,35,35-49,STUDENT,TR,N/A,N/A,NONE,BASELINE,0,2532.1764519999997,1985.7516660000001,919.7961300000001,1612.3803219999995,3,2,0.36938876621602956,0.8895524571293044,LOW,SYNTHETIC_UNCALIBRATED_OOF_RANK_PLUS_GRAPH,SYSTEM_DEMO,Demo-only band from uncalibrated ranking evidence; recorded after all inputs were available,2026-07-08T18:33:36+00:00
U0000572,2026-01-18T20:44:24+00:00,IOS,L2,30,25-34,SALARIED,TR,N/A,N/A,REVIEW_ONLY,SYNTHETIC_GRAPH_SIGNAL,0,5015.221183,5100.979275,1986.354899,3028.8662839999997,3,3,0.359045947062878,0.7720578714474208,LOW,SYNTHETIC_UNCALIBRATED_OOF_RANK_PLUS_GRAPH,SYSTEM_DEMO,Demo-only band from uncalibrated ranking evidence; recorded after all inputs were available,2026-07-08T18:33:36+00:00
U0000573,2026-01-06T20:47:56+00:00,WEB,L1,31,25-34,SELF_EMPLOYED,TR,N/A,BD_04,NONE,BASELINE,0,6463.601592,5598.60885,4388.302121,2075.2994710000003,2,1,0.15521789511556994,0.3784622752122086,MEDIUM,SYNTHETIC_UNCALIBRATED_OOF_RANK_PLUS_GRAPH,SYSTEM_DEMO,Demo-only band from uncalibrated ranking evidence; recorded after all inputs were available,2026-07-08T18:33:36+00:00
U0000574,2026-03-09T00:49:27+00:00,ANDROID,L2,24,18-24,SELF_EMPLOYED,AE,N/A,N/A,NONE,BASELINE,0,8004.867979000001,7611.58071,308.448919,7696.41906,2,1,0.6667054471557765,1.4498841843982047,LOW,SYNTHETIC_UNCALIBRATED_OOF_RANK_PLUS_GRAPH,SYSTEM_DEMO,Demo-only band from uncalibrated ranking evidence; recorded after all inputs were available,2026-07-08T18:33:36+00:00
U0000575,2026-04-05T18:33:11+00:00,ANDROID,L2,51,50+,SALARIED,TR,N/A,N/A,NONE,BASELINE,0,1134.454756,801.297781,792.44546,342.00929600000006,1,1,0.1750377866572096,0.37608263371216016,MEDIUM,SYNTHETIC_UNCALIBRATED_OOF_RANK_PLUS_GRAPH,SYSTEM_DEMO,Demo-only band from uncalibrated ranking evidence; recorded after all inputs were available,2026-07-08T18:33:36+00:00
U0000576,2026-04-24T06:11:00+00:00,IOS,L2,21,18-24,SELF_EMPLOYED,TR,N/A,N/A,REVIEW_ONLY,SYNTHETIC_GRAPH_SIGNAL,0,8024.456638,2734.173319,6203.926614,1820.5300239999997,1,1,0.38811124517164675,0.9356402079232304,LOW,SYNTHETIC_UNCALIBRATED_OOF_RANK_PLUS_GRAPH,SYSTEM_DEMO,Demo-only band from uncalibrated ranking evidence; recorded after all inputs were available,2026-07-08T18:33:36+00:00
U0000577,2026-04-20T20:43:51+00:00,IOS,L2,41,35-49,SALARIED,GB,KA_00,N/A,NONE,SYNTHETIC_GRAPH_SIGNAL,0,2323.332265,2409.325631,2070.438522,252.8937430000001,2,1,0.06342739684408809,0.14944096989571734,LOW,SYNTHETIC_UNCALIBRATED_OOF_RANK_PLUS_GRAPH,SYSTEM_DEMO,Demo-only band from uncalibrated ranking evidence; recorded after all inputs were available,2026-07-08T18:33:36+00:00
U0000578,2026-02-26T19:38:39+00:00,ANDROID,L2,67,50+,OTHER,TR,N/A,N/A,NONE,BASELINE,0,2824.748807,1609.237002,823.793856,2000.954951,2,2,0.46967649546001816,1.1417109950346311,LOW,SYNTHETIC_UNCALIBRATED_OOF_RANK_PLUS_GRAPH,SYSTEM_DEMO,Demo-only band from uncalibrated ranking evidence; recorded after all inputs were available,2026-07-08T18:33:36+00:00
U0000579,2026-03-12T05:00:12+00:00,ANDROID,L2,32,25-34,STUDENT,AE,N/A,N/A,NONE,BASELINE,0,9907.232326,8102.647279,9734.800974,172.4313519999996,1,1,0.08791956314796522,0.19512767954148585,MEDIUM,SYNTHETIC_UNCALIBRATED_OOF_RANK_PLUS_GRAPH,SYSTEM_DEMO,Demo-only band from uncalibrated ranking evidence; recorded after all inputs were available,2026-07-08T18:33:36+00:00
U0000580,2026-03-27T16:47:49+00:00,WEB,L2,65,50+,STUDENT,TR,N/A,N/A,NONE,BASELINE,0,9849.196366,7200.487573,4410.766382,5438.429984,1,1,0.31040520714474085,0.7602491889946394,LOW,SYNTHETIC_UNCALIBRATED_OOF_RANK_PLUS_GRAPH,SYSTEM_DEMO,Demo-only band from uncalibrated ranking evidence; recorded after all inputs were available,2026-07-08T18:33:36+00:00
U0000581,2026-02-18T05:52:26+00:00,H5,L2,46,35-49,RETIRED,TR,N/A,N/A,NONE,BASELINE,0,1088.3355510000001,886.719657,474.158641,614.1769100000001,2,2,0.313103106528609,0.7522947539890382,LOW,SYNTHETIC_UNCALIBRATED_OOF_RANK_PLUS_GRAPH,SYSTEM_DEMO,Demo-only band from uncalibrated ranking evidence; recorded after all inputs were available,2026-07-08T18:33:36+00:00
U0000582,2026-02-08T16:58:34+00:00,WEB,L2,63,50+,SALARIED,TR,N/A,N/A,NONE,BASELINE,0,13744.775728,10842.409386,12755.389364999999,989.3863630000014,1,1,0.09678373586272866,0.23316815049526202,MEDIUM,SYNTHETIC_UNCALIBRATED_OOF_RANK_PLUS_GRAPH,SYSTEM_DEMO,Demo-only band from uncalibrated ranking evidence; recorded after all inputs were available,2026-07-08T18:33:36+00:00
U0000583,2026-03-20T13:01:44+00:00,IOS,L1,53,50+,OTHER,TR,N/A,N/A,NONE,BASELINE,0,4018.979479,2144.278012,462.204649,3556.7748300000003,2,1,0.6578062960352562,1.6105026735538783,LOW,SYNTHETIC_UNCALIBRATED_OOF_RANK_PLUS_GRAPH,SYSTEM_DEMO,Demo-only band from uncalibrated ranking evidence; recorded after all inputs were available,2026-07-08T18:33:36+00:00
U0000584,2026-01-27T02:21:12+00:00,WEB,L2,34,25-34,STUDENT,TR,N/A,BD_07,NONE,BASELINE,0,13763.575739,14685.679947,11038.813594,2724.7621450000006,1,2,0.11762559788917865,0.2770608758160081,MEDIUM,SYNTHETIC_UNCALIBRATED_OOF_RANK_PLUS_GRAPH,SYSTEM_DEMO,Demo-only band from uncalibrated ranking evidence; recorded after all inputs were available,2026-07-08T18:33:36+00:00
U0000585,2026-02-08T17:38:55+00:00,ANDROID,L2,32,25-34,SALARIED,TR,N/A,N/A,NONE,BASELINE,0,2035.115261,2108.005999,1835.478919,199.636342,1,2,0.057806023126437754,0.1367512821599573,LOW,SYNTHETIC_UNCALIBRATED_OOF_RANK_PLUS_GRAPH,SYSTEM_DEMO,Demo-only band from uncalibrated ranking evidence; recorded after all inputs were available,2026-07-08T18:33:36+00:00
U0000586,2026-04-10T08:28:16+00:00,WEB,L2,26,25-34,OTHER,TR,KA_09,N/A,NONE,BASELINE,0,11220.426693,17749.587513,3427.3179739999996,7793.108719,2,2,0.5421397091465421,1.3262452716253255,LOW,SYNTHETIC_UNCALIBRATED_OOF_RANK_PLUS_GRAPH,SYSTEM_DEMO,Demo-only band from uncalibrated ranking evidence; recorded after all inputs were available,2026-07-08T18:33:36+00:00
U0000587,2026-02-11T13:27:15+00:00,IOS,L2,51,50+,SALARIED,TR,N/A,N/A,NONE,BASELINE,0,14020.45814,10654.0458,5475.262459,8545.195681000001,1,1,0.34971600788580076,0.850274814860598,LOW,SYNTHETIC_UNCALIBRATED_OOF_RANK_PLUS_GRAPH,SYSTEM_DEMO,Demo-only band from uncalibrated ranking evidence; recorded after all inputs were available,2026-07-08T18:33:36+00:00
U0000588,2026-03-20T22:32:17+00:00,ANDROID,L2,39,35-49,SALARIED,TR,N/A,N/A,NONE,BASELINE,0,5477.180485,6184.436645,644.162297,4833.018188,2,1,0.600205344455632,1.350651792728578,LOW,SYNTHETIC_UNCALIBRATED_OOF_RANK_PLUS_GRAPH,SYSTEM_DEMO,Demo-only band from uncalibrated ranking evidence; recorded after all inputs were available,2026-07-08T18:33:36+00:00
U0000589,2026-01-18T07:51:44+00:00,ANDROID,L2,23,18-24,SALARIED,TR,N/A,N/A,REVIEW_ONLY,BASELINE,0,5689.301728,12237.377731999999,4558.944373,1130.357355,1,1,0.4515985084238606,1.024445674626705,LOW,SYNTHETIC_UNCALIBRATED_OOF_RANK_PLUS_GRAPH,SYSTEM_DEMO,Demo-only band from uncalibrated ranking evidence; recorded after all inputs were available,2026-07-08T18:33:36+00:00
U0000590,2026-04-13T18:21:32+00:00,IOS,L1,46,35-49,SALARIED,TR,N/A,N/A,NONE,BASELINE,0,21264.824822,22340.315392,11059.613241,10205.211581,2,2,0.27897003784218793,0.6190845895035237,LOW,SYNTHETIC_UNCALIBRATED_OOF_RANK_PLUS_GRAPH,SYSTEM_DEMO,Demo-only band from uncalibrated ranking evidence; recorded after all inputs were available,2026-07-08T18:33:36+00:00
U0000591,2026-04-21T04:58:20+00:00,IOS,L2,57,50+,SALARIED,TR,N/A,N/A,NONE,BASELINE,0,3401.260569,3355.895752,2894.573963,506.6866060000002,1,1,0.07115165058379645,0.1574909133670939,LOW,SYNTHETIC_UNCALIBRATED_OOF_RANK_PLUS_GRAPH,SYSTEM_DEMO,Demo-only band from uncalibrated ranking evidence; recorded after all inputs were available,2026-07-08T18:33:36+00:00
U0000592,2026-03-08T05:14:25+00:00,ANDROID,L2,52,50+,SALARIED,TR,N/A,N/A,NONE,BASELINE,0,3701.999737,3199.285826,2162.405632,1539.5941050000001,3,1,0.21217275540953634,0.5095917563418267,LOW,SYNTHETIC_UNCALIBRATED_OOF_RANK_PLUS_GRAPH,SYSTEM_DEMO,Demo-only band from uncalibrated ranking evidence; recorded after all inputs were available,2026-07-08T18:33:36+00:00
U0000593,2026-01-29T17:24:07+00:00,IOS,L2,61,50+,SALARIED,TR,N/A,N/A,NONE,BASELINE,0,10434.300369,9252.635663000001,6201.0984499999995,4233.201919000001,1,1,0.2066797909688448,0.49055890148130255,MEDIUM,SYNTHETIC_UNCALIBRATED_OOF_RANK_PLUS_GRAPH,SYSTEM_DEMO,Demo-only band from uncalibrated ranking evidence; recorded after all inputs were available,2026-07-08T18:33:36+00:00
U0000594,2026-01-04T17:04:53+00:00,WEB,L1,45,35-49,SELF_EMPLOYED,TR,N/A,N/A,NONE,BASELINE,0,13949.941535,13306.744432,8674.677132,5275.264402999999,2,1,0.1961988609246185,0.4404451110133488,LOW,SYNTHETIC_UNCALIBRATED_OOF_RANK_PLUS_GRAPH,SYSTEM_DEMO,Demo-only band from uncalibrated ranking evidence; recorded after all inputs were available,2026-07-08T18:33:36+00:00
U0000595,2026-01-07T00:06:32+00:00,ANDROID,L2,28,25-34,SALARIED,TR,KA_06,BD_02,NONE,BASELINE,0,6705.121301,5534.312226999999,634.75286,6070.3684410000005,2,2,0.6127250311810485,1.4145441718922551,LOW,SYNTHETIC_UNCALIBRATED_OOF_RANK_PLUS_GRAPH,SYSTEM_DEMO,Demo-only band from uncalibrated ranking evidence; recorded after all inputs were available,2026-07-08T18:33:36+00:00
U0000596,2026-04-14T04:13:10+00:00,WEB,L1,36,35-49,OTHER,TR,N/A,N/A,NONE,BASELINE,0,3855.426048,5898.734906000001,2154.561607,1700.8644409999997,2,3,0.38560355877150226,0.9432178673626589,LOW,SYNTHETIC_UNCALIBRATED_OOF_RANK_PLUS_GRAPH,SYSTEM_DEMO,Demo-only band from uncalibrated ranking evidence; recorded after all inputs were available,2026-07-08T18:33:36+00:00
U0000597,2026-03-12T22:54:44+00:00,WEB,L2,66,50+,SALARIED,TR,N/A,N/A,NONE,BASELINE,0,2707.966925,2817.984911,704.658594,2003.3083310000002,1,1,0.46769369566864094,1.017553419882167,MEDIUM,SYNTHETIC_UNCALIBRATED_OOF_RANK_PLUS_GRAPH,SYSTEM_DEMO,Demo-only band from uncalibrated ranking evidence; recorded after all inputs were available,2026-07-08T18:33:36+00:00
U0000598,2026-04-16T00:28:45+00:00,WEB,L2,40,35-49,SELF_EMPLOYED,AE,N/A,N/A,NONE,BASELINE,0,8958.113818,3702.892375,4282.292399,4675.821419,1,1,0.4165700506323523,0.9304955728304266,LOW,SYNTHETIC_UNCALIBRATED_OOF_RANK_PLUS_GRAPH,SYSTEM_DEMO,Demo-only band from uncalibrated ranking evidence; recorded after all inputs were available,2026-07-08T18:33:36+00:00
U0000599,2026-03-09T04:31:46+00:00,IOS,L2,21,18-24,STUDENT,TR,N/A,N/A,REVIEW_ONLY,BASELINE,0,5118.9569950000005,2962.147199,2373.784682,2745.1723130000005,2,1,0.33862958932232345,0.7877192227174468,LOW,SYNTHETIC_UNCALIBRATED_OOF_RANK_PLUS_GRAPH,SYSTEM_DEMO,Demo-only band from uncalibrated ranking evidence; recorded after all inputs were available,2026-07-08T18:33:36+00:00
U0000600,2026-03-17T00:25:33+00:00,ANDROID,L2,38,35-49,SALARIED,TR,N/A,N/A,NONE,BASELINE,0,6873.078263,5693.504012,2808.645704,4064.4325590000003,2,1,0.33312394417621294,0.793048252270081,MEDIUM,SYNTHETIC_UNCALIBRATED_OOF_RANK_PLUS_GRAPH,SYSTEM_DEMO,Demo-only band from uncalibrated ranking evidence; recorded after all inputs were available,2026-07-08T18:33:36+00:00
U0000601,2026-04-06T09:30:20+00:00,WEB,L2,52,50+,SALARIED,TR,N/A,N/A,NONE,BASELINE,0,3202.095982,2245.261828,2349.210289,852.8856929999997,3,1,0.1649421185277808,0.36817512853741047,MEDIUM,SYNTHETIC_UNCALIBRATED_OOF_RANK_PLUS_GRAPH,SYSTEM_DEMO,Demo-only band from uncalibrated ranking evidence; recorded after all inputs were available,2026-07-08T18:33:36+00:00
U0000602,2026-04-04T19:21:25+00:00,IOS,L2,36,35-49,RETIRED,AE,N/A,N/A,NONE,BASELINE,0,5214.635867,4965.471295,7715.320122,-2500.684255,1,1,0.20816534639746956,0.46098628158355176,LOW,SYNTHETIC_UNCALIBRATED_OOF_RANK_PLUS_GRAPH,SYSTEM_DEMO,Demo-only band from uncalibrated ranking evidence; recorded after all inputs were available,2026-07-08T18:33:36+00:00
U0000603,2026-02-13T22:56:31+00:00,IOS,L2,52,50+,RETIRED,TR,N/A,N/A,NONE,BASELINE,0,4080.644742,1947.874949,3814.7464560000003,265.89828599999964,2,2,0.28921915303524953,0.6500189351224701,MEDIUM,SYNTHETIC_UNCALIBRATED_OOF_RANK_PLUS_GRAPH,SYSTEM_DEMO,Demo-only band from uncalibrated ranking evidence; recorded after all inputs were available,2026-07-08T18:33:36+00:00
U0000604,2026-01-12T03:57:59+00:00,WEB,L2,56,50+,OTHER,TR,KA_03,N/A,REVIEW_ONLY,SYNTHETIC_GRAPH_SIGNAL,0,2686.367427,4852.163103,2308.42342,377.94400700000006,1,3,0.3414416940846687,0.7749827091452988,MEDIUM,SYNTHETIC_UNCALIBRATED_OOF_RANK_PLUS_GRAPH,SYSTEM_DEMO,Demo-only band from uncalibrated ranking evidence; recorded after all inputs were available,2026-07-08T18:33:36+00:00
U0000605,2026-03-21T14:46:23+00:00,WEB,L2,42,35-49,STUDENT,TR,N/A,N/A,NONE,BASELINE,0,4183.627447999999,1508.823325,2536.562982,1647.0644659999994,1,1,0.40163915571886055,0.9751365847607575,LOW,SYNTHETIC_UNCALIBRATED_OOF_RANK_PLUS_GRAPH,SYSTEM_DEMO,Demo-only band from uncalibrated ranking evidence; recorded after all inputs were available,2026-07-08T18:33:36+00:00
U0000606,2026-03-24T07:17:59+00:00,WEB,L2,44,35-49,OTHER,TR,N/A,BD_05,NONE,BASELINE,0,4698.691724,10283.222773,3065.4509319999997,1633.2407920000005,2,3,0.5137015532023272,1.1998047919063946,LOW,SYNTHETIC_UNCALIBRATED_OOF_RANK_PLUS_GRAPH,SYSTEM_DEMO,Demo-only band from uncalibrated ranking evidence; recorded after all inputs were available,2026-07-08T18:33:36+00:00
U0000607,2026-04-08T15:28:30+00:00,ANDROID,L1,57,50+,SALARIED,TR,N/A,N/A,NONE,BASELINE,0,3392.9610709999997,788.600613,2358.152033,1034.8090379999999,3,1,0.4911546835537609,1.1947130581098495,LOW,SYNTHETIC_UNCALIBRATED_OOF_RANK_PLUS_GRAPH,SYSTEM_DEMO,Demo-only band from uncalibrated ranking evidence; recorded after all inputs were available,2026-07-08T18:33:36+00:00
U0000608,2026-02-10T11:08:10+00:00,ANDROID,L2,33,25-34,SALARIED,TR,N/A,N/A,NONE,BASELINE,0,9775.461697,10369.098773,9718.049706,57.41199100000085,1,1,0.02956641581088033,0.0654044368355217,MEDIUM,SYNTHETIC_UNCALIBRATED_OOF_RANK_PLUS_GRAPH,SYSTEM_DEMO,Demo-only band from uncalibrated ranking evidence; recorded after all inputs were available,2026-07-08T18:33:36+00:00
U0000609,2026-03-22T16:25:22+00:00,ANDROID,L2,67,50+,STUDENT,TR,N/A,N/A,NONE,BASELINE,0,7369.640315000001,13820.85004,461.39218500000004,6908.248130000001,1,1,0.7558289109155827,1.8510341302174824,LOW,SYNTHETIC_UNCALIBRATED_OOF_RANK_PLUS_GRAPH,SYSTEM_DEMO,Demo-only band from uncalibrated ranking evidence; recorded after all inputs were available,2026-07-08T18:33:36+00:00
U0000610,2026-04-23T14:53:29+00:00,H5,L2,36,35-49,SALARIED,NL,N/A,N/A,NONE,BASELINE,0,9020.080304,8386.023337,210.25573100000003,8809.824573,2,2,0.6832118661944474,1.5002801180934036,LOW,SYNTHETIC_UNCALIBRATED_OOF_RANK_PLUS_GRAPH,SYSTEM_DEMO,Demo-only band from uncalibrated ranking evidence; recorded after all inputs were available,2026-07-08T18:33:36+00:00
U0000611,2026-04-14T09:03:28+00:00,ANDROID,L1,52,50+,SALARIED,TR,N/A,N/A,NONE,BASELINE,0,2046.076583,1690.6697370000002,497.349389,1548.727194,1,1,0.4693280211600533,1.0973255923629854,LOW,SYNTHETIC_UNCALIBRATED_OOF_RANK_PLUS_GRAPH,SYSTEM_DEMO,Demo-only band from uncalibrated ranking evidence; recorded after all inputs were available,2026-07-08T18:33:36+00:00
U0000612,2026-01-01T16:02:35+00:00,WEB,L2,71,50+,SALARIED,TR,N/A,N/A,NONE,BASELINE,0,5351.883553,7024.090571,357.300617,4994.582936,2,3,0.6672568897275384,1.5707169026676702,LOW,SYNTHETIC_UNCALIBRATED_OOF_RANK_PLUS_GRAPH,SYSTEM_DEMO,Demo-only band from uncalibrated ranking evidence; recorded after all inputs were available,2026-07-08T18:33:36+00:00
U0000613,2026-04-04T15:41:36+00:00,ANDROID,L2,44,35-49,SALARIED,TR,KA_00,N/A,NONE,BASELINE,0,4691.8686450000005,3837.4891979999998,181.567202,4510.301443,1,1,0.6736869669817243,1.553325767252082,LOW,SYNTHETIC_UNCALIBRATED_OOF_RANK_PLUS_GRAPH,SYSTEM_DEMO,Demo-only band from uncalibrated ranking evidence; recorded after all inputs were available,2026-07-08T18:33:36+00:00
U0000614,2026-04-13T20:53:13+00:00,ANDROID,L2,41,35-49,STUDENT,AE,N/A,N/A,REVIEW_ONLY,SYNTHETIC_GRAPH_SIGNAL,0,1777.1200489999999,2814.04267,601.185457,1175.9345919999998,1,2,0.5223007799251768,1.2785297545501115,LOW,SYNTHETIC_UNCALIBRATED_OOF_RANK_PLUS_GRAPH,SYSTEM_DEMO,Demo-only band from uncalibrated ranking evidence; recorded after all inputs were available,2026-07-08T18:33:36+00:00
U0000615,2026-04-18T03:07:28+00:00,WEB,L2,68,50+,STUDENT,NL,N/A,N/A,NONE,BASELINE,0,12739.189015,8961.756054,8820.493079,3918.695936,2,3,0.17839049352306696,0.3851747663722179,MEDIUM,SYNTHETIC_UNCALIBRATED_OOF_RANK_PLUS_GRAPH,SYSTEM_DEMO,Demo-only band from uncalibrated ranking evidence; recorded after all inputs were available,2026-07-08T18:33:36+00:00
U0000616,2026-03-07T22:39:16+00:00,ANDROID,L2,56,50+,OTHER,GB,N/A,N/A,NONE,BASELINE,0,820.019194,230.023615,45.953333,774.0658609999999,1,3,0.903773699292352,2.118800873479717,MEDIUM,SYNTHETIC_UNCALIBRATED_OOF_RANK_PLUS_GRAPH,SYSTEM_DEMO,Demo-only band from uncalibrated ranking evidence; recorded after all inputs were available,2026-07-08T18:33:36+00:00
U0000617,2026-02-10T07:26:33+00:00,ANDROID,L1,33,25-34,SALARIED,TR,N/A,BD_00,NONE,BASELINE,0,2102.851129,1596.126872,1624.140301,478.7108280000002,2,2,0.13106076887626705,0.2855793699773385,MEDIUM,SYNTHETIC_UNCALIBRATED_OOF_RANK_PLUS_GRAPH,SYSTEM_DEMO,Demo-only band from uncalibrated ranking evidence; recorded after all inputs were available,2026-07-08T18:33:36+00:00
U0000618,2026-03-08T11:15:09+00:00,ANDROID,L2,24,18-24,SALARIED,NL,N/A,N/A,NONE,BASELINE,0,2806.184077,1996.443418,425.423584,2380.7604929999998,1,1,0.5671516125973398,1.3661460783520396,LOW,SYNTHETIC_UNCALIBRATED_OOF_RANK_PLUS_GRAPH,SYSTEM_DEMO,Demo-only band from uncalibrated ranking evidence; recorded after all inputs were available,2026-07-08T18:33:36+00:00
U0000619,2026-04-25T13:58:10+00:00,IOS,L1,25,25-34,SALARIED,TR,N/A,N/A,NONE,BASELINE,0,759.370664,1061.17817,339.422958,419.94770600000004,1,1,0.4110722746288872,1.0024508857104555,LOW,SYNTHETIC_UNCALIBRATED_OOF_RANK_PLUS_GRAPH,SYSTEM_DEMO,Demo-only band from uncalibrated ranking evidence; recorded after all inputs were available,2026-07-08T18:33:36+00:00
U0000620,2026-01-01T07:20:48+00:00,IOS,L2,30,25-34,SALARIED,TR,N/A,N/A,NONE,BASELINE,0,7043.901037,2336.728936,7303.7024,-259.8013630000005,1,3,0.4104479598794687,0.8931085798862373,LOW,SYNTHETIC_UNCALIBRATED_OOF_RANK_PLUS_GRAPH,SYSTEM_DEMO,Demo-only band from uncalibrated ranking evidence; recorded after all inputs were available,2026-07-08T18:33:36+00:00
U0000621,2026-01-18T14:48:22+00:00,IOS,L1,60,50+,STUDENT,TR,N/A,N/A,NONE,BASELINE,0,822.546749,1408.791594,1038.091116,-215.54436700000008,1,2,0.22215928417173855,0.5379331645032444,LOW,SYNTHETIC_UNCALIBRATED_OOF_RANK_PLUS_GRAPH,SYSTEM_DEMO,Demo-only band from uncalibrated ranking evidence; recorded after all inputs were available,2026-07-08T18:33:36+00:00
U0000622,2026-04-17T13:33:38+00:00,WEB,L2,53,50+,SALARIED,NL,KA_09,N/A,NONE,BASELINE,0,34834.033478,19895.968355,10259.513535,24574.519943,1,1,0.46669197712306887,1.1343915924213912,LOW,SYNTHETIC_UNCALIBRATED_OOF_RANK_PLUS_GRAPH,SYSTEM_DEMO,Demo-only band from uncalibrated ranking evidence; recorded after all inputs were available,2026-07-08T18:33:36+00:00
U0000623,2026-03-28T19:02:35+00:00,WEB,L2,53,50+,SELF_EMPLOYED,TR,N/A,N/A,NONE,BASELINE,0,960.735466,1861.557804,638.902552,321.83291399999996,2,2,0.44851526670717734,1.0597394497837227,LOW,SYNTHETIC_UNCALIBRATED_OOF_RANK_PLUS_GRAPH,SYSTEM_DEMO,Demo-only band from uncalibrated ranking evidence; recorded after all inputs were available,2026-07-08T18:33:36+00:00
U0000624,2026-01-30T19:21:44+00:00,WEB,L2,47,35-49,SALARIED,TR,N/A,N/A,NONE,BASELINE,0,692.883504,621.417326,562.120948,130.76255600000002,1,3,0.08547214691680234,0.20906156206421947,MEDIUM,SYNTHETIC_UNCALIBRATED_OOF_RANK_PLUS_GRAPH,SYSTEM_DEMO,Demo-only band from uncalibrated ranking evidence; recorded after all inputs were available,2026-07-08T18:33:36+00:00
U0000625,2026-01-10T07:11:20+00:00,IOS,L2,61,50+,OTHER,TR,N/A,N/A,NONE,BASELINE,0,3824.791703,2104.2779140000002,2210.010096,1614.781607,1,1,0.2902001868243308,0.6341676883635652,LOW,SYNTHETIC_UNCALIBRATED_OOF_RANK_PLUS_GRAPH,SYSTEM_DEMO,Demo-only band from uncalibrated ranking evidence; recorded after all inputs were available,2026-07-08T18:33:36+00:00
U0000626,2026-04-27T01:56:56+00:00,H5,L2,31,25-34,SALARIED,TR,N/A,N/A,NONE,BASELINE,0,12888.695903,12456.466117,5699.635938,7189.0599649999995,1,3,0.31810263824251533,0.6947115559965275,MEDIUM,SYNTHETIC_UNCALIBRATED_OOF_RANK_PLUS_GRAPH,SYSTEM_DEMO,Demo-only band from uncalibrated ranking evidence; recorded after all inputs were available,2026-07-08T18:33:36+00:00
U0000627,2026-04-19T20:42:46+00:00,WEB,L2,25,25-34,SALARIED,TR,N/A,N/A,NONE,BASELINE,0,1575.1492739999999,585.532562,197.478984,1377.6702899999998,1,2,0.7378999917238604,1.7526416497751838,LOW,SYNTHETIC_UNCALIBRATED_OOF_RANK_PLUS_GRAPH,SYSTEM_DEMO,Demo-only band from uncalibrated ranking evidence; recorded after all inputs were available,2026-07-08T18:33:36+00:00
U0000628,2026-01-19T18:12:52+00:00,IOS,L2,66,50+,SALARIED,TR,N/A,BD_03,NONE,BASELINE,0,861.195157,751.450706,338.702472,522.4926849999999,2,1,0.345830590408415,0.8032794693214013,LOW,SYNTHETIC_UNCALIBRATED_OOF_RANK_PLUS_GRAPH,SYSTEM_DEMO,Demo-only band from uncalibrated ranking evidence; recorded after all inputs were available,2026-07-08T18:33:36+00:00
U0000629,2026-04-21T02:57:26+00:00,H5,L2,24,18-24,SELF_EMPLOYED,TR,N/A,N/A,NONE,BASELINE,0,2235.770677,407.204403,781.219037,1454.5516400000001,1,1,0.6910460985502166,1.6020408407237505,LOW,SYNTHETIC_UNCALIBRATED_OOF_RANK_PLUS_GRAPH,SYSTEM_DEMO,Demo-only band from uncalibrated ranking evidence; recorded after all inputs were available,2026-07-08T18:33:36+00:00
U0000630,2026-01-11T04:36:20+00:00,H5,L2,67,50+,OTHER,AE,N/A,N/A,NONE,BASELINE,0,974.1669469999999,1382.561794,1045.641343,-71.47439600000007,1,2,0.1570193926705181,0.3600973764616489,LOW,SYNTHETIC_UNCALIBRATED_OOF_RANK_PLUS_GRAPH,SYSTEM_DEMO,Demo-only band from uncalibrated ranking evidence; recorded after all inputs were available,2026-07-08T18:33:36+00:00
U0000631,2026-03-31T12:48:37+00:00,IOS,L2,45,35-49,SELF_EMPLOYED,DE,KA_06,N/A,NONE,BASELINE,0,1908.322655,2660.674522,1666.40465,241.918005,2,1,0.2036902631528082,0.4783668637174423,LOW,SYNTHETIC_UNCALIBRATED_OOF_RANK_PLUS_GRAPH,SYSTEM_DEMO,Demo-only band from uncalibrated ranking evidence; recorded after all inputs were available,2026-07-08T18:33:36+00:00
U0000632,2026-04-08T08:56:19+00:00,IOS,L1,25,25-34,OTHER,TR,N/A,N/A,NONE,BASELINE,0,1905.901147,2689.136715,173.384379,1732.516768,2,3,0.6613138924302776,1.5827576977363569,LOW,SYNTHETIC_UNCALIBRATED_OOF_RANK_PLUS_GRAPH,SYSTEM_DEMO,Demo-only band from uncalibrated ranking evidence; recorded after all inputs were available,2026-07-08T18:33:36+00:00
U0000633,2026-03-10T19:17:37+00:00,H5,L2,62,50+,OTHER,TR,N/A,N/A,NONE,BASELINE,0,831.469663,972.301791,1209.756474,-378.28681100000006,2,1,0.1554043713127192,0.3765886562575106,LOW,SYNTHETIC_UNCALIBRATED_OOF_RANK_PLUS_GRAPH,SYSTEM_DEMO,Demo-only band from uncalibrated ranking evidence; recorded after all inputs were available,2026-07-08T18:33:36+00:00
U0000634,2026-01-11T06:25:34+00:00,H5,L1,44,35-49,RETIRED,TR,N/A,N/A,NONE,BASELINE,0,1680.281756,2636.906114,1903.780896,-223.4991399999999,3,1,0.19704123108375973,0.4613225338286483,MEDIUM,MANUAL_REVIEW_SYNTHETIC,REVIEWER_DEMO,Synthetic documented override; T+1 must not overwrite,2026-07-08T19:33:36+00:00
U0000635,2026-01-17T06:29:11+00:00,WEB,L1,34,25-34,SALARIED,TR,N/A,N/A,NONE,BASELINE,0,925.661773,564.140161,819.6646189999999,105.99715400000014,1,2,0.1971108212271263,0.4696170354106877,LOW,SYNTHETIC_UNCALIBRATED_OOF_RANK_PLUS_GRAPH,SYSTEM_DEMO,Demo-only band from uncalibrated ranking evidence; recorded after all inputs were available,2026-07-08T18:33:36+00:00
U0000636,2026-01-19T16:04:14+00:00,IOS,L2,57,50+,SALARIED,TR,N/A,N/A,NONE,BASELINE,0,2169.402199,1550.299397,1606.559628,562.8425710000001,2,3,0.1574457500533624,0.3487077197098436,MEDIUM,SYNTHETIC_UNCALIBRATED_OOF_RANK_PLUS_GRAPH,SYSTEM_DEMO,Demo-only band from uncalibrated ranking evidence; recorded after all inputs were available,2026-07-08T18:33:36+00:00
U0000637,2026-02-24T09:21:17+00:00,ANDROID,L2,65,50+,SELF_EMPLOYED,TR,N/A,N/A,NONE,BASELINE,0,4718.434394,8245.213731,2443.821178,2274.6132159999997,2,2,0.46472142538426553,1.1295935313407517,LOW,SYNTHETIC_UNCALIBRATED_OOF_RANK_PLUS_GRAPH,SYSTEM_DEMO,Demo-only band from uncalibrated ranking evidence; recorded after all inputs were available,2026-07-08T18:33:36+00:00
U0000638,2026-01-23T22:58:34+00:00,IOS,L2,65,50+,OTHER,AE,N/A,N/A,NONE,BASELINE,0,2583.223748,3234.3487010000003,1693.5248760000002,889.6988719999997,2,3,0.25224561319061556,0.6154189294837822,LOW,SYNTHETIC_UNCALIBRATED_OOF_RANK_PLUS_GRAPH,SYSTEM_DEMO,Demo-only band from uncalibrated ranking evidence; recorded after all inputs were available,2026-07-08T18:33:36+00:00
U0000639,2026-01-27T17:03:43+00:00,WEB,L1,25,25-34,STUDENT,TR,N/A,BD_06,NONE,SYNTHETIC_GRAPH_SIGNAL,0,12708.208924999999,10038.820141,14540.147121,-1831.938196000001,3,1,0.14870230983378327,0.36216153436440973,LOW,SYNTHETIC_UNCALIBRATED_OOF_RANK_PLUS_GRAPH,SYSTEM_DEMO,Demo-only band from uncalibrated ranking evidence; recorded after all inputs were available,2026-07-08T18:33:36+00:00
U0000640,2026-03-01T07:27:04+00:00,WEB,L1,61,50+,SALARIED,TR,KA_03,N/A,NONE,BASELINE,0,7870.4052249999995,8819.453492,9679.118047,-1808.7128220000004,2,1,0.08404244299420797,0.20577736157771528,MEDIUM,SYNTHETIC_UNCALIBRATED_OOF_RANK_PLUS_GRAPH,SYSTEM_DEMO,Demo-only band from uncalibrated ranking evidence; recorded after all inputs were available,2026-07-08T18:33:36+00:00
U0000641,2026-03-18T13:15:43+00:00,WEB,L1,60,50+,SELF_EMPLOYED,TR,N/A,N/A,NONE,BASELINE,0,1587.0071130000001,1430.795167,722.630786,864.3763270000002,1,1,0.30164772756273306,0.693269719105836,LOW,SYNTHETIC_UNCALIBRATED_OOF_RANK_PLUS_GRAPH,SYSTEM_DEMO,Demo-only band from uncalibrated ranking evidence; recorded after all inputs were available,2026-07-08T18:33:36+00:00
U0000642,2026-02-25T16:56:57+00:00,WEB,L1,19,18-24,OTHER,GB,N/A,N/A,NONE,BASELINE,0,1854.244666,2155.5380059999998,937.47122,916.773446,1,2,0.31411508034500984,0.7386320649338528,LOW,SYNTHETIC_UNCALIBRATED_OOF_RANK_PLUS_GRAPH,SYSTEM_DEMO,Demo-only band from uncalibrated ranking evidence; recorded after all inputs were available,2026-07-08T18:33:36+00:00
U0000643,2026-03-02T02:18:10+00:00,ANDROID,L2,65,50+,SALARIED,TR,N/A,N/A,NONE,BASELINE,0,2684.995393,2989.011873,1336.803559,1348.1918340000002,1,1,0.3072438743191528,0.7069973881373414,LOW,SYNTHETIC_UNCALIBRATED_OOF_RANK_PLUS_GRAPH,SYSTEM_DEMO,Demo-only band from uncalibrated ranking evidence; recorded after all inputs were available,2026-07-08T18:33:36+00:00
U0000644,2026-03-28T08:44:03+00:00,IOS,L2,35,35-49,SALARIED,NL,N/A,N/A,NONE,BASELINE,0,1424.581514,821.0511829999999,132.912384,1291.66913,1,2,0.6655732668848573,1.6291502822266666,LOW,SYNTHETIC_UNCALIBRATED_OOF_RANK_PLUS_GRAPH,SYSTEM_DEMO,Demo-only band from uncalibrated ranking evidence; recorded after all inputs were available,2026-07-08T18:33:36+00:00
U0000645,2026-03-17T14:43:19+00:00,ANDROID,L2,68,50+,SELF_EMPLOYED,AE,N/A,N/A,NONE,BASELINE,0,3186.068919,1807.255683,399.631917,2786.4370019999997,1,1,0.6328134152870698,1.5500423518248656,LOW,SYNTHETIC_UNCALIBRATED_OOF_RANK_PLUS_GRAPH,SYSTEM_DEMO,Demo-only band from uncalibrated ranking evidence; recorded after all inputs were available,2026-07-08T18:33:36+00:00
U0000646,2026-01-26T06:22:23+00:00,IOS,L2,57,50+,SALARIED,AE,N/A,N/A,NONE,BASELINE,0,3447.594345,3423.976277,1594.589647,1853.004698,1,1,0.30757798829863925,0.6566157404738826,LOW,SYNTHETIC_UNCALIBRATED_OOF_RANK_PLUS_GRAPH,SYSTEM_DEMO,Demo-only band from uncalibrated ranking evidence; recorded after all inputs were available,2026-07-08T18:33:36+00:00
U0000647,2026-04-15T00:02:41+00:00,WEB,L2,62,50+,OTHER,DE,N/A,N/A,NONE,BASELINE,0,7283.7935609999995,8134.188534,4917.483189,2366.310372,1,1,0.20077560641530529,0.474546114398117,MEDIUM,SYNTHETIC_UNCALIBRATED_OOF_RANK_PLUS_GRAPH,SYSTEM_DEMO,Demo-only band from uncalibrated ranking evidence; recorded after all inputs were available,2026-07-08T18:33:36+00:00
U0000648,2026-04-22T05:54:21+00:00,WEB,L2,41,35-49,OTHER,TR,N/A,N/A,NONE,BASELINE,0,8948.285415,7027.272653,2409.133391,6539.152024000001,2,3,0.44780409359202333,1.0670538646650236,LOW,SYNTHETIC_UNCALIBRATED_OOF_RANK_PLUS_GRAPH,SYSTEM_DEMO,Demo-only band from uncalibrated ranking evidence; recorded after all inputs were available,2026-07-08T18:33:36+00:00
U0000649,2026-03-09T12:19:12+00:00,ANDROID,L2,67,50+,SALARIED,TR,KA_00,N/A,NONE,BASELINE,0,2124.255885,1214.5402100000001,444.996871,1679.259014,3,2,0.54417640363511,1.3314092729882199,MEDIUM,SYNTHETIC_UNCALIBRATED_OOF_RANK_PLUS_GRAPH,SYSTEM_DEMO,Demo-only band from uncalibrated ranking evidence; recorded after all inputs were available,2026-07-08T18:33:36+00:00
U0000650,2026-04-16T10:28:24+00:00,IOS,L2,63,50+,SELF_EMPLOYED,TR,N/A,BD_01,NONE,BASELINE,0,10465.789112999999,11448.790146,3097.260886,7368.528226999999,2,2,0.44701895051325663,1.0017090959622397,LOW,SYNTHETIC_UNCALIBRATED_OOF_RANK_PLUS_GRAPH,SYSTEM_DEMO,Demo-only band from uncalibrated ranking evidence; recorded after all inputs were available,2026-07-08T18:33:36+00:00
U0000651,2026-01-09T19:26:15+00:00,ANDROID,L2,61,50+,STUDENT,GB,N/A,N/A,NONE,BASELINE,0,23895.870238,4397.294371,2661.287273,21234.582965,2,2,0.9330180128948914,2.0579834247378064,LOW,SYNTHETIC_UNCALIBRATED_OOF_RANK_PLUS_GRAPH,SYSTEM_DEMO,Demo-only band from uncalibrated ranking evidence; recorded after all inputs were available,2026-07-08T18:33:36+00:00
U0000652,2026-02-13T04:54:44+00:00,IOS,L2,56,50+,STUDENT,TR,N/A,N/A,NONE,BASELINE,0,4834.18707,3555.932573,2661.808203,2172.378867,2,2,0.24198844186517454,0.5896832382378187,LOW,SYNTHETIC_UNCALIBRATED_OOF_RANK_PLUS_GRAPH,SYSTEM_DEMO,Demo-only band from uncalibrated ranking evidence; recorded after all inputs were available,2026-07-08T18:33:36+00:00
U0000653,2026-03-17T11:33:49+00:00,ANDROID,L2,63,50+,STUDENT,TR,N/A,N/A,NONE,BASELINE,0,3440.834264,918.859526,2740.826989,700.0072749999999,2,2,0.4491266504212282,1.0655449719091652,MEDIUM,SYNTHETIC_UNCALIBRATED_OOF_RANK_PLUS_GRAPH,SYSTEM_DEMO,Demo-only band from uncalibrated ranking evidence; recorded after all inputs were available,2026-07-08T18:33:36+00:00
U0000654,2026-03-15T10:46:17+00:00,ANDROID,L2,26,25-34,SALARIED,TR,N/A,N/A,NONE,BASELINE,0,4462.72944,5713.327104,3011.394096,1451.335344,2,3,0.25116465015443923,0.6146600465304188,MEDIUM,SYNTHETIC_UNCALIBRATED_OOF_RANK_PLUS_GRAPH,SYSTEM_DEMO,Demo-only band from uncalibrated ranking evidence; recorded after all inputs were available,2026-07-08T18:33:36+00:00
U0000655,2026-04-24T01:23:26+00:00,WEB,L1,54,50+,SELF_EMPLOYED,NL,N/A,N/A,NONE,BASELINE,0,8155.605507,4131.578061,594.740286,7560.865221,2,2,0.7193441554881214,1.7608080842642744,LOW,SYNTHETIC_UNCALIBRATED_OOF_RANK_PLUS_GRAPH,SYSTEM_DEMO,Demo-only band from uncalibrated ranking evidence; recorded after all inputs were available,2026-07-08T18:33:36+00:00
U0000656,2026-02-23T16:25:09+00:00,H5,L2,42,35-49,SALARIED,TR,N/A,N/A,NONE,BASELINE,0,5605.7913340000005,7064.000727,474.098268,5131.693066000001,3,2,0.6450637710210446,1.5040986254565087,LOW,SYNTHETIC_UNCALIBRATED_OOF_RANK_PLUS_GRAPH,SYSTEM_DEMO,Demo-only band from uncalibrated ranking evidence; recorded after all inputs were available,2026-07-08T18:33:36+00:00
U0000657,2026-01-04T03:15:34+00:00,WEB,L2,33,25-34,OTHER,AE,N/A,N/A,NONE,BASELINE,0,2859.158233,498.38401700000003,454.028631,2405.129602,2,1,0.8842655255075896,1.893022334168682,LOW,SYNTHETIC_UNCALIBRATED_OOF_RANK_PLUS_GRAPH,SYSTEM_DEMO,Demo-only band from uncalibrated ranking evidence; recorded after all inputs were available,2026-07-08T18:33:36+00:00
U0000658,2026-02-21T01:23:54+00:00,IOS,L2,69,50+,SALARIED,TR,KA_09,N/A,NONE,BASELINE,0,1407.465837,3915.784562,3509.441027,-2101.97519,1,3,0.37335599029436506,0.85194374082281,LOW,SYNTHETIC_UNCALIBRATED_OOF_RANK_PLUS_GRAPH,SYSTEM_DEMO,Demo-only band from uncalibrated ranking evidence; recorded after all inputs were available,2026-07-08T18:33:36+00:00
U0000659,2026-03-10T18:06:05+00:00,WEB,L2,40,35-49,SALARIED,DE,N/A,N/A,NONE,BASELINE,0,1994.140862,2843.54516,3763.10966,-1768.968798,1,2,0.2519654551205827,0.6170250509620234,LOW,SYNTHETIC_UNCALIBRATED_OOF_RANK_PLUS_GRAPH,SYSTEM_DEMO,Demo-only band from uncalibrated ranking evidence; recorded after all inputs were available,2026-07-08T18:33:36+00:00
U0000660,2026-01-16T14:11:32+00:00,WEB,L2,58,50+,STUDENT,TR,N/A,N/A,NONE,BASELINE,0,1731.159511,1567.299022,422.758383,1308.401128,3,2,0.4692183602660132,1.0548171398240522,MEDIUM,SYNTHETIC_UNCALIBRATED_OOF_RANK_PLUS_GRAPH,SYSTEM_DEMO,Demo-only band from uncalibrated ranking evidence; recorded after all inputs were available,2026-07-08T18:33:36+00:00
U0000661,2026-04-03T13:45:26+00:00,WEB,L2,27,25-34,SALARIED,GB,N/A,BD_04,REVIEW_ONLY,SYNTHETIC_GRAPH_SIGNAL,0,57301.661077,26570.255753,32161.956473,25139.704604,3,2,0.3455544732106521,0.794545707624985,LOW,SYNTHETIC_UNCALIBRATED_OOF_RANK_PLUS_GRAPH,SYSTEM_DEMO,Demo-only band from uncalibrated ranking evidence; recorded after all inputs were available,2026-07-08T18:33:36+00:00
U0000662,2026-02-27T09:42:42+00:00,ANDROID,L2,56,50+,RETIRED,TR,N/A,N/A,NONE,BASELINE,0,4343.4322839999995,3077.756488,198.195243,4145.237040999999,2,1,0.6829340909769155,1.6321150238022226,LOW,SYNTHETIC_UNCALIBRATED_OOF_RANK_PLUS_GRAPH,SYSTEM_DEMO,Demo-only band from uncalibrated ranking evidence; recorded after all inputs were available,2026-07-08T18:33:36+00:00
U0000663,2026-03-22T22:51:21+00:00,IOS,L2,46,35-49,STUDENT,TR,N/A,N/A,NONE,BASELINE,0,1195.6539890000001,2239.46014,113.813617,1081.8403720000001,1,2,0.7336056905358178,1.7968637361488848,LOW,SYNTHETIC_UNCALIBRATED_OOF_RANK_PLUS_GRAPH,SYSTEM_DEMO,Demo-only band from uncalibrated ranking evidence; recorded after all inputs were available,2026-07-08T18:33:36+00:00
U0000664,2026-01-06T15:39:23+00:00,IOS,L2,31,25-34,SALARIED,AE,N/A,N/A,NONE,BASELINE,0,4154.884006,4589.977103,204.569375,3950.314631,1,3,0.6613029300990803,1.4700626154391614,MEDIUM,SYNTHETIC_UNCALIBRATED_OOF_RANK_PLUS_GRAPH,SYSTEM_DEMO,Demo-only band from uncalibrated ranking evidence; recorded after all inputs were available,2026-07-08T18:33:36+00:00
U0000665,2026-01-21T13:24:22+00:00,IOS,L2,35,35-49,SELF_EMPLOYED,AE,N/A,N/A,NONE,BASELINE,0,1104.490577,895.456912,146.077314,958.413263,1,2,0.5752176678528942,1.339798023294328,LOW,SYNTHETIC_UNCALIBRATED_OOF_RANK_PLUS_GRAPH,SYSTEM_DEMO,Demo-only band from uncalibrated ranking evidence; recorded after all inputs were available,2026-07-08T18:33:36+00:00
U0000666,2026-03-11T01:14:19+00:00,ANDROID,L2,60,50+,SALARIED,TR,N/A,N/A,NONE,BASELINE,0,2796.81708,1412.357851,2448.3839829999997,348.4330970000001,2,1,0.2649529179281112,0.623858945996854,LOW,SYNTHETIC_UNCALIBRATED_OOF_RANK_PLUS_GRAPH,SYSTEM_DEMO,Demo-only band from uncalibrated ranking evidence; recorded after all inputs were available,2026-07-08T18:33:36+00:00
U0000667,2026-01-25T08:13:12+00:00,WEB,L2,66,50+,SALARIED,TR,KA_06,N/A,NONE,BASELINE,0,18631.904511,26162.908226,3388.491568,15243.412943000001,2,2,0.5898510586161189,1.4179859799883021,LOW,SYNTHETIC_UNCALIBRATED_OOF_RANK_PLUS_GRAPH,SYSTEM_DEMO,Demo-only band from uncalibrated ranking evidence; recorded after all inputs were available,2026-07-08T18:33:36+00:00
U0000668,2026-03-21T18:27:52+00:00,IOS,L1,28,25-34,SALARIED,NL,N/A,N/A,NONE,SYNTHETIC_GRAPH_SIGNAL,0,6293.480609,3237.655558,1351.271155,4942.209454,2,3,0.5613803015798203,1.3624401222352995,LOW,SYNTHETIC_UNCALIBRATED_OOF_RANK_PLUS_GRAPH,SYSTEM_DEMO,Demo-only band from uncalibrated ranking evidence; recorded after all inputs were available,2026-07-08T18:33:36+00:00
U0000669,2026-01-02T05:35:06+00:00,ANDROID,L2,24,18-24,SALARIED,TR,N/A,N/A,NONE,BASELINE,0,7837.9128,8071.78932,689.2559229999999,7148.656877,1,2,0.6192614566918292,1.3342765331188928,LOW,SYNTHETIC_UNCALIBRATED_OOF_RANK_PLUS_GRAPH,SYSTEM_DEMO,Demo-only band from uncalibrated ranking evidence; recorded after all inputs were available,2026-07-08T18:33:36+00:00
U0000670,2026-01-11T08:52:06+00:00,IOS,L2,26,25-34,SELF_EMPLOYED,TR,N/A,N/A,NONE,BASELINE,0,7412.404853000001,5055.194257,3358.247714,4054.157139000001,2,1,0.31513066208324597,0.7685194702223159,LOW,SYNTHETIC_UNCALIBRATED_OOF_RANK_PLUS_GRAPH,SYSTEM_DEMO,Demo-only band from uncalibrated ranking evidence; recorded after all inputs were available,2026-07-08T18:33:36+00:00
U0000671,2026-03-27T03:49:01+00:00,ANDROID,L2,25,25-34,RETIRED,TR,N/A,N/A,NONE,BASELINE,0,2638.352269,1330.289442,2418.6554330000004,219.69683599999962,2,1,0.268620810542477,0.6143738724737807,LOW,SYNTHETIC_UNCALIBRATED_OOF_RANK_PLUS_GRAPH,SYSTEM_DEMO,Demo-only band from uncalibrated ranking evidence; recorded after all inputs were available,2026-07-08T18:33:36+00:00
U0000672,2026-02-05T21:19:57+00:00,ANDROID,L2,53,50+,SELF_EMPLOYED,TR,N/A,BD_07,NONE,BASELINE,0,20596.055207,21605.486768,7289.351659,13306.703548000001,3,3,0.3954542269832751,0.8678041993869889,LOW,SYNTHETIC_UNCALIBRATED_OOF_RANK_PLUS_GRAPH,SYSTEM_DEMO,Demo-only band from uncalibrated ranking evidence; recorded after all inputs were available,2026-07-08T18:33:36+00:00
U0000673,2026-01-24T08:42:05+00:00,ANDROID,L2,51,50+,SELF_EMPLOYED,NL,N/A,N/A,NONE,BASELINE,0,4369.837252,3598.37918,2747.859355,1621.9778970000002,2,2,0.1854499395188987,0.4540779467893475,LOW,SYNTHETIC_UNCALIBRATED_OOF_RANK_PLUS_GRAPH,SYSTEM_DEMO,Demo-only band from uncalibrated ranking evidence; recorded after all inputs were available,2026-07-08T18:33:36+00:00
U0000674,2026-04-23T15:20:12+00:00,ANDROID,L2,69,50+,SALARIED,NL,N/A,N/A,NONE,BASELINE,0,2380.26246,2160.668159,1210.535203,1169.727257,1,1,0.2647853435263207,0.6101369424081401,LOW,SYNTHETIC_UNCALIBRATED_OOF_RANK_PLUS_GRAPH,SYSTEM_DEMO,Demo-only band from uncalibrated ranking evidence; recorded after all inputs were available,2026-07-08T18:33:36+00:00
U0000675,2026-02-05T12:27:03+00:00,ANDROID,L2,43,35-49,SELF_EMPLOYED,NL,N/A,N/A,NONE,BASELINE,0,6190.149979,5129.128453,1911.865639,4278.28434,1,1,0.4124457855885273,0.9700486179522005,LOW,SYNTHETIC_UNCALIBRATED_OOF_RANK_PLUS_GRAPH,SYSTEM_DEMO,Demo-only band from uncalibrated ranking evidence; recorded after all inputs were available,2026-07-08T18:33:36+00:00
U0000676,2026-04-25T21:22:46+00:00,ANDROID,L2,33,25-34,OTHER,TR,KA_03,N/A,NONE,BASELINE,0,9544.56017,12799.254602,1018.3201779999999,8526.239992,2,1,0.637885031759792,1.5128242066763682,LOW,SYNTHETIC_UNCALIBRATED_OOF_RANK_PLUS_GRAPH,SYSTEM_DEMO,Demo-only band from uncalibrated ranking evidence; recorded after all inputs were available,2026-07-08T18:33:36+00:00
U0000677,2026-04-21T11:09:29+00:00,IOS,L2,23,18-24,STUDENT,TR,N/A,N/A,NONE,SYNTHETIC_GRAPH_SIGNAL,0,11550.255232,2768.704209,10869.805328999999,680.4499030000006,1,1,0.47508845749227885,1.0458890425772953,LOW,SYNTHETIC_UNCALIBRATED_OOF_RANK_PLUS_GRAPH,SYSTEM_DEMO,Demo-only band from uncalibrated ranking evidence; recorded after all inputs were available,2026-07-08T18:33:36+00:00
U0000678,2026-03-10T11:24:31+00:00,ANDROID,L2,51,50+,SALARIED,AE,N/A,N/A,NONE,BASELINE,0,7385.613452,7879.770135,3705.067337,3680.5461149999996,1,3,0.29453040091274146,0.6601903372868925,LOW,SYNTHETIC_UNCALIBRATED_OOF_RANK_PLUS_GRAPH,SYSTEM_DEMO,Demo-only band from uncalibrated ranking evidence; recorded after all inputs were available,2026-07-08T18:33:36+00:00
U0000679,2026-04-08T08:21:56+00:00,WEB,L2,61,50+,SELF_EMPLOYED,TR,N/A,N/A,NONE,BASELINE,0,22135.07852,6224.173713,2965.325453,19169.753066999998,1,2,0.8020799831889213,1.8359149092919071,LOW,SYNTHETIC_UNCALIBRATED_OOF_RANK_PLUS_GRAPH,SYSTEM_DEMO,Demo-only band from uncalibrated ranking evidence; recorded after all inputs were available,2026-07-08T18:33:36+00:00
U0000680,2026-01-29T13:20:55+00:00,WEB,L2,23,18-24,SELF_EMPLOYED,TR,N/A,N/A,NONE,BASELINE,0,278.463464,295.137348,543.218158,-264.75469400000003,2,2,0.32521296848641734,0.7111842682973054,LOW,SYNTHETIC_UNCALIBRATED_OOF_RANK_PLUS_GRAPH,SYSTEM_DEMO,Demo-only band from uncalibrated ranking evidence; recorded after all inputs were available,2026-07-08T18:33:36+00:00
U0000681,2026-03-19T03:58:14+00:00,H5,L2,21,18-24,OTHER,TR,N/A,N/A,NONE,BASELINE,0,625.292251,691.419655,457.114769,168.17748199999994,1,1,0.16681303561729047,0.3962702037954187,MEDIUM,SYNTHETIC_UNCALIBRATED_OOF_RANK_PLUS_GRAPH,SYSTEM_DEMO,Demo-only band from uncalibrated ranking evidence; recorded after all inputs were available,2026-07-08T18:33:36+00:00
U0000682,2026-02-07T06:28:45+00:00,IOS,L2,64,50+,SALARIED,TR,N/A,N/A,NONE,BASELINE,0,3738.3247410000004,2648.122767,2183.854952,1554.4697890000002,2,3,0.22806663335947275,0.5441359145450743,MEDIUM,SYNTHETIC_UNCALIBRATED_OOF_RANK_PLUS_GRAPH,SYSTEM_DEMO,Demo-only band from uncalibrated ranking evidence; recorded after all inputs were available,2026-07-08T18:33:36+00:00
U0000683,2026-01-02T05:36:36+00:00,WEB,L2,46,35-49,RETIRED,TR,N/A,BD_02,NONE,BASELINE,0,605.033045,390.40877,110.637795,494.39525000000003,1,2,0.5490181710100939,1.3409394193606012,LOW,SYNTHETIC_UNCALIBRATED_OOF_RANK_PLUS_GRAPH,SYSTEM_DEMO,Demo-only band from uncalibrated ranking evidence; recorded after all inputs were available,2026-07-08T18:33:36+00:00
U0000684,2026-02-23T09:18:32+00:00,IOS,L2,53,50+,SELF_EMPLOYED,TR,N/A,N/A,NONE,BASELINE,0,5023.942274,6332.418026,4014.775917,1009.1663570000001,2,1,0.1851782147600867,0.45233652404369956,LOW,SYNTHETIC_UNCALIBRATED_OOF_RANK_PLUS_GRAPH,SYSTEM_DEMO,Demo-only band from uncalibrated ranking evidence; recorded after all inputs were available,2026-07-08T18:33:36+00:00
U0000685,2026-04-08T13:57:20+00:00,H5,L2,40,35-49,SALARIED,TR,KA_00,N/A,REVIEW_ONLY,SYNTHETIC_GRAPH_SIGNAL,1,3620.902918,3231.465286,3586.095029,34.80788900000016,2,2,0.050568685904781675,0.11192384069587116,MEDIUM,SYNTHETIC_UNCALIBRATED_OOF_RANK_PLUS_GRAPH,SYSTEM_DEMO,Demo-only band from uncalibrated ranking evidence; recorded after all inputs were available,2026-07-08T18:33:36+00:00
U0000686,2026-03-18T18:38:29+00:00,ANDROID,L2,64,50+,SELF_EMPLOYED,TR,N/A,N/A,NONE,BASELINE,0,5772.483706999999,2613.264653,2033.072424,3739.4112829999995,2,2,0.473139167332556,1.0767277872969696,LOW,SYNTHETIC_UNCALIBRATED_OOF_RANK_PLUS_GRAPH,SYSTEM_DEMO,Demo-only band from uncalibrated ranking evidence; recorded after all inputs were available,2026-07-08T18:33:36+00:00
U0000687,2026-04-17T04:51:01+00:00,ANDROID,L2,19,18-24,SALARIED,TR,N/A,N/A,NONE,BASELINE,0,7837.133167999999,6764.120895,389.427961,7447.705206999999,1,2,0.6578663217388372,1.490466917064133,LOW,SYNTHETIC_UNCALIBRATED_OOF_RANK_PLUS_GRAPH,SYSTEM_DEMO,Demo-only band from uncalibrated ranking evidence; recorded after all inputs were available,2026-07-08T18:33:36+00:00
U0000688,2026-03-09T06:02:34+00:00,ANDROID,L2,45,35-49,SALARIED,TR,N/A,N/A,NONE,BASELINE,0,20309.017342,12890.257637,10427.067149999999,9881.950192,2,2,0.2888147308292282,0.6795401385781857,LOW,SYNTHETIC_UNCALIBRATED_OOF_RANK_PLUS_GRAPH,SYSTEM_DEMO,Demo-only band from uncalibrated ranking evidence; recorded after all inputs were available,2026-07-08T18:33:36+00:00
U0000689,2026-03-01T17:05:09+00:00,IOS,L2,56,50+,SALARIED,DE,N/A,N/A,NONE,SYNTHETIC_GRAPH_SIGNAL,0,5872.018337,4966.214389,4473.210543,1398.8077940000003,2,1,0.11350147203023041,0.2740710531512208,MEDIUM,SYNTHETIC_UNCALIBRATED_OOF_RANK_PLUS_GRAPH,SYSTEM_DEMO,Demo-only band from uncalibrated ranking evidence; recorded after all inputs were available,2026-07-08T18:33:36+00:00
U0000690,2026-04-07T00:31:21+00:00,ANDROID,L2,24,18-24,RETIRED,TR,N/A,N/A,NONE,BASELINE,0,1011.720511,1590.142333,771.234328,240.48618299999998,2,1,0.30566167792018484,0.7283288591248447,LOW,SYNTHETIC_UNCALIBRATED_OOF_RANK_PLUS_GRAPH,SYSTEM_DEMO,Demo-only band from uncalibrated ranking evidence; recorded after all inputs were available,2026-07-08T18:33:36+00:00
U0000691,2026-03-06T02:20:02+00:00,ANDROID,L1,40,35-49,SALARIED,TR,N/A,N/A,NONE,BASELINE,0,779.105743,683.591874,262.028254,517.077489,2,1,0.39075745364241576,0.8994081280294081,LOW,SYNTHETIC_UNCALIBRATED_OOF_RANK_PLUS_GRAPH,SYSTEM_DEMO,Demo-only band from uncalibrated ranking evidence; recorded after all inputs were available,2026-07-08T18:33:36+00:00
U0000692,2026-03-17T13:47:03+00:00,ANDROID,L2,35,35-49,OTHER,TR,N/A,N/A,NONE,BASELINE,0,11161.376674,10283.137834,2643.5535959999997,8517.823078,1,2,0.4763990656047757,1.0608351455863188,LOW,SYNTHETIC_UNCALIBRATED_OOF_RANK_PLUS_GRAPH,SYSTEM_DEMO,Demo-only band from uncalibrated ranking evidence; recorded after all inputs were available,2026-07-08T18:33:36+00:00
U0000693,2026-03-11T14:35:03+00:00,ANDROID,L2,26,25-34,SALARIED,TR,N/A,N/A,NONE,BASELINE,0,4540.210302,7571.835653,3592.923436,947.2868660000004,1,1,0.32417470433410656,0.7600611216625833,LOW,SYNTHETIC_UNCALIBRATED_OOF_RANK_PLUS_GRAPH,SYSTEM_DEMO,Demo-only band from uncalibrated ranking evidence; recorded after all inputs were available,2026-07-08T18:33:36+00:00
U0000694,2026-02-22T22:52:04+00:00,WEB,L2,54,50+,SELF_EMPLOYED,TR,KA_09,BD_05,NONE,BASELINE,0,6363.349555,5051.286687,3532.443647,2830.9059079999997,1,2,0.23216703477497685,0.5681857451133343,LOW,SYNTHETIC_UNCALIBRATED_OOF_RANK_PLUS_GRAPH,SYSTEM_DEMO,Demo-only band from uncalibrated ranking evidence; recorded after all inputs were available,2026-07-08T18:33:36+00:00
U0000695,2026-02-25T21:40:22+00:00,ANDROID,L2,70,50+,SALARIED,TR,N/A,N/A,NONE,BASELINE,0,3004.54796,4321.986406,625.0098869999999,2379.5380729999997,1,2,0.5772104811486588,1.3948145421960716,LOW,SYNTHETIC_UNCALIBRATED_OOF_RANK_PLUS_GRAPH,SYSTEM_DEMO,Demo-only band from uncalibrated ranking evidence; recorded after all inputs were available,2026-07-08T18:33:36+00:00
U0000696,2026-02-06T16:24:07+00:00,WEB,L1,54,50+,SALARIED,TR,N/A,N/A,NONE,BASELINE,0,2123.541167,1602.142096,2059.612774,63.92839299999969,2,2,0.12040519214346611,0.2703746192063705,LOW,SYNTHETIC_UNCALIBRATED_OOF_RANK_PLUS_GRAPH,SYSTEM_DEMO,Demo-only band from uncalibrated ranking evidence; recorded after all inputs were available,2026-07-08T18:33:36+00:00
U0000697,2026-02-28T09:20:39+00:00,IOS,L2,56,50+,SELF_EMPLOYED,GB,N/A,N/A,REVIEW_ONLY,BASELINE,0,6324.897486,4367.599941,2542.6003650000002,3782.2971209999996,1,3,0.35007625718775714,0.8573333980092438,MEDIUM,SYNTHETIC_UNCALIBRATED_OOF_RANK_PLUS_GRAPH,SYSTEM_DEMO,Demo-only band from uncalibrated ranking evidence; recorded after all inputs were available,2026-07-08T18:33:36+00:00
U0000698,2026-04-03T05:26:36+00:00,IOS,L2,59,50+,SALARIED,TR,N/A,N/A,NONE,BASELINE,0,3258.957344,2495.889985,1956.73631,1302.221034,1,2,0.20783387763348365,0.506596736141553,LOW,SYNTHETIC_UNCALIBRATED_OOF_RANK_PLUS_GRAPH,SYSTEM_DEMO,Demo-only band from uncalibrated ranking evidence; recorded after all inputs were available,2026-07-08T18:33:36+00:00
U0000699,2026-03-06T23:26:28+00:00,ANDROID,L2,37,35-49,STUDENT,TR,N/A,N/A,NONE,BASELINE,0,1466.784183,1653.579704,1069.013868,397.770315,2,2,0.17456564057324775,0.41860572394240925,LOW,SYNTHETIC_UNCALIBRATED_OOF_RANK_PLUS_GRAPH,SYSTEM_DEMO,Demo-only band from uncalibrated ranking evidence; recorded after all inputs were available,2026-07-08T18:33:36+00:00
U0000700,2026-03-03T10:31:09+00:00,ANDROID,L2,31,25-34,SELF_EMPLOYED,AE,N/A,N/A,NONE,BASELINE,0,2060.5103090000002,1583.238957,1529.664594,530.8457150000002,2,1,0.13837281768629023,0.3078309967260188,MEDIUM,SYNTHETIC_UNCALIBRATED_OOF_RANK_PLUS_GRAPH,SYSTEM_DEMO,Demo-only band from uncalibrated ranking evidence; recorded after all inputs were available,2026-07-08T18:33:36+00:00
U0000701,2026-02-19T15:24:34+00:00,WEB,L2,61,50+,SELF_EMPLOYED,DE,N/A,N/A,NONE,BASELINE,0,1591.261816,964.464804,576.446248,1014.815568,3,2,0.4004587386021326,0.9719919149749817,LOW,SYNTHETIC_UNCALIBRATED_OOF_RANK_PLUS_GRAPH,SYSTEM_DEMO,Demo-only band from uncalibrated ranking evidence; recorded after all inputs were available,2026-07-08T18:33:36+00:00
U0000702,2026-04-25T07:37:44+00:00,ANDROID,L2,63,50+,OTHER,TR,N/A,N/A,REVIEW_ONLY,BASELINE,0,4214.623446,2581.1369950000003,1398.167222,2816.4562239999996,1,2,0.42276661954317146,1.0311744281260198,LOW,SYNTHETIC_UNCALIBRATED_OOF_RANK_PLUS_GRAPH,SYSTEM_DEMO,Demo-only band from uncalibrated ranking evidence; recorded after all inputs were available,2026-07-08T18:33:36+00:00
U0000703,2026-03-29T21:49:23+00:00,ANDROID,L2,51,50+,SELF_EMPLOYED,TR,KA_06,N/A,NONE,BASELINE,0,7282.195519999999,6251.2492649999995,3968.485291,3313.7102289999993,1,2,0.2373371434437609,0.568001965716458,LOW,SYNTHETIC_UNCALIBRATED_OOF_RANK_PLUS_GRAPH,SYSTEM_DEMO,Demo-only band from uncalibrated ranking evidence; recorded after all inputs were available,2026-07-08T18:33:36+00:00
U0000704,2026-04-16T05:06:03+00:00,IOS,L2,37,35-49,SALARIED,AE,N/A,N/A,NONE,BASELINE,0,6339.611727,5173.607201,3193.635497,3145.97623,1,1,0.26489482446885415,0.6417367315444819,LOW,SYNTHETIC_UNCALIBRATED_OOF_RANK_PLUS_GRAPH,SYSTEM_DEMO,Demo-only band from uncalibrated ranking evidence; recorded after all inputs were available,2026-07-08T18:33:36+00:00
U0000705,2026-04-21T15:31:10+00:00,ANDROID,L2,60,50+,SALARIED,TR,N/A,BD_00,NONE,BASELINE,0,4701.08985,2285.387248,1440.098366,3260.991484,1,3,0.4919415636772562,1.1609668119385872,LOW,SYNTHETIC_UNCALIBRATED_OOF_RANK_PLUS_GRAPH,SYSTEM_DEMO,Demo-only band from uncalibrated ranking evidence; recorded after all inputs were available,2026-07-08T18:33:36+00:00
U0000706,2026-04-05T10:47:29+00:00,ANDROID,L2,45,35-49,SELF_EMPLOYED,TR,N/A,N/A,NONE,BASELINE,0,9209.923591,2606.278137,727.060347,8482.863244,2,3,0.8700470960359736,2.028865344583817,LOW,SYNTHETIC_UNCALIBRATED_OOF_RANK_PLUS_GRAPH,SYSTEM_DEMO,Demo-only band from uncalibrated ranking evidence; recorded after all inputs were available,2026-07-08T18:33:36+00:00
U0000707,2026-03-21T22:30:43+00:00,IOS,L2,68,50+,SALARIED,TR,N/A,N/A,NONE,BASELINE,0,7367.697809,4084.453582,3353.658399,4014.0394100000003,1,2,0.3537131299317176,0.8133373588341906,LOW,SYNTHETIC_UNCALIBRATED_OOF_RANK_PLUS_GRAPH,SYSTEM_DEMO,Demo-only band from uncalibrated ranking evidence; recorded after all inputs were available,2026-07-08T18:33:36+00:00
U0000708,2026-01-28T19:21:01+00:00,WEB,L1,28,25-34,SELF_EMPLOYED,TR,N/A,N/A,NONE,BASELINE,0,8137.070675999999,6906.12161,3895.57196,4241.498715999999,1,3,0.28222504333092935,0.6718757350119874,LOW,SYNTHETIC_UNCALIBRATED_OOF_RANK_PLUS_GRAPH,SYSTEM_DEMO,Demo-only band from uncalibrated ranking evidence; recorded after all inputs were available,2026-07-08T18:33:36+00:00
U0000709,2026-02-11T15:02:07+00:00,ANDROID,L2,48,35-49,SELF_EMPLOYED,TR,N/A,N/A,NONE,BASELINE,0,2135.181474,608.129601,262.830044,1872.35143,2,3,0.8118912129098742,1.8685264821727752,MEDIUM,SYNTHETIC_UNCALIBRATED_OOF_RANK_PLUS_GRAPH,SYSTEM_DEMO,Demo-only band from uncalibrated ranking evidence; recorded after all inputs were available,2026-07-08T18:33:36+00:00
U0000710,2026-01-07T00:47:44+00:00,ANDROID,L2,59,50+,SALARIED,NL,N/A,N/A,NONE,BASELINE,0,4767.927175999999,2746.853673,688.299317,4079.6278589999993,1,1,0.6091094425220236,1.4919863428529607,LOW,SYNTHETIC_UNCALIBRATED_OOF_RANK_PLUS_GRAPH,SYSTEM_DEMO,Demo-only band from uncalibrated ranking evidence; recorded after all inputs were available,2026-07-08T18:33:36+00:00
U0000711,2026-03-05T23:24:33+00:00,IOS,L2,66,50+,SALARIED,TR,N/A,N/A,NONE,BASELINE,0,1808.327214,1787.446712,129.963823,1678.3633909999999,2,2,0.6331465896946672,1.3514344036564125,LOW,SYNTHETIC_UNCALIBRATED_OOF_RANK_PLUS_GRAPH,SYSTEM_DEMO,Demo-only band from uncalibrated ranking evidence; recorded after all inputs were available,2026-07-08T18:33:36+00:00
U0000712,2026-01-14T00:47:20+00:00,IOS,L1,34,25-34,SELF_EMPLOYED,TR,KA_03,N/A,NONE,BASELINE,0,4824.04406,4571.723373,3532.206429,1291.8376310000003,1,1,0.12973661359912567,0.29977728407941306,MEDIUM,SYNTHETIC_UNCALIBRATED_OOF_RANK_PLUS_GRAPH,SYSTEM_DEMO,Demo-only band from uncalibrated ranking evidence; recorded after all inputs were available,2026-07-08T18:33:36+00:00
U0000713,2026-01-14T20:28:44+00:00,H5,L2,38,35-49,SELF_EMPLOYED,TR,N/A,N/A,NONE,BASELINE,0,2763.340568,2106.198335,952.9453920000001,1810.395176,1,1,0.38554876963754403,0.932795221562723,LOW,SYNTHETIC_UNCALIBRATED_OOF_RANK_PLUS_GRAPH,SYSTEM_DEMO,Demo-only band from uncalibrated ranking evidence; recorded after all inputs were available,2026-07-08T18:33:36+00:00
U0000714,2026-03-07T06:50:31+00:00,WEB,L2,59,50+,STUDENT,TR,N/A,N/A,NONE,BASELINE,0,5385.71744,3141.211152,1553.787631,3831.929809,2,2,0.46783181082776243,1.1403742722934105,LOW,SYNTHETIC_UNCALIBRATED_OOF_RANK_PLUS_GRAPH,SYSTEM_DEMO,Demo-only band from uncalibrated ranking evidence; recorded after all inputs were available,2026-07-08T18:33:36+00:00
U0000715,2026-03-02T02:07:51+00:00,IOS,L2,38,35-49,SELF_EMPLOYED,NL,N/A,N/A,NONE,BASELINE,0,3212.284104,2899.771566,2278.460124,933.8239799999997,2,1,0.13877020098929435,0.3338855451536498,MEDIUM,SYNTHETIC_UNCALIBRATED_OOF_RANK_PLUS_GRAPH,SYSTEM_DEMO,Demo-only band from uncalibrated ranking evidence; recorded after all inputs were available,2026-07-08T18:33:36+00:00
U0000716,2026-03-26T21:01:48+00:00,IOS,L2,33,25-34,OTHER,DE,N/A,BD_03,NONE,BASELINE,0,4193.177274,2450.402737,259.093652,3934.0836219999997,1,1,0.6995370635254895,1.7098086107218016,LOW,SYNTHETIC_UNCALIBRATED_OOF_RANK_PLUS_GRAPH,SYSTEM_DEMO,Demo-only band from uncalibrated ranking evidence; recorded after all inputs were available,2026-07-08T18:33:36+00:00
U0000717,2026-01-08T03:38:55+00:00,IOS,L2,37,35-49,SELF_EMPLOYED,TR,N/A,N/A,NONE,BASELINE,0,2899.843944,2786.188609,2856.057381,43.786563000000115,2,3,0.016438044453966846,0.03991599334992452,MEDIUM,SYNTHETIC_UNCALIBRATED_OOF_RANK_PLUS_GRAPH,SYSTEM_DEMO,Demo-only band from uncalibrated ranking evidence; recorded after all inputs were available,2026-07-08T18:33:36+00:00
U0000718,2026-02-03T07:28:58+00:00,IOS,L2,23,18-24,SALARIED,GB,N/A,N/A,NONE,BASELINE,0,753.8390059999999,863.30434,871.125498,-117.28649200000007,1,2,0.06455236221922059,0.14140733902144226,MEDIUM,SYNTHETIC_UNCALIBRATED_OOF_RANK_PLUS_GRAPH,SYSTEM_DEMO,Demo-only band from uncalibrated ranking evidence; recorded after all inputs were available,2026-07-08T18:33:36+00:00
U0000719,2026-04-05T22:32:06+00:00,IOS,L2,69,50+,SELF_EMPLOYED,NL,N/A,N/A,NONE,BASELINE,0,4248.982515,3585.256811,359.963626,3889.018889,1,1,0.621882715833908,1.4238183671240854,LOW,SYNTHETIC_UNCALIBRATED_OOF_RANK_PLUS_GRAPH,SYSTEM_DEMO,Demo-only band from uncalibrated ranking evidence; recorded after all inputs were available,2026-07-08T18:33:36+00:00
U0000720,2026-04-29T00:50:38+00:00,ANDROID,L1,37,35-49,SALARIED,DE,N/A,N/A,NONE,BASELINE,0,1968.8817490000001,1325.440693,130.776233,1838.105516,3,1,0.667047585052758,1.609973046396977,MEDIUM,SYNTHETIC_UNCALIBRATED_OOF_RANK_PLUS_GRAPH,SYSTEM_DEMO,Demo-only band from uncalibrated ranking evidence; recorded after all inputs were available,2026-07-08T18:33:36+00:00
U0000721,2026-02-19T16:35:25+00:00,IOS,L2,58,50+,SELF_EMPLOYED,TR,KA_00,N/A,NONE,BASELINE,0,1442.605751,5232.189625,1223.072097,219.53365400000007,2,1,0.6990577550750493,1.5228607754076957,LOW,SYNTHETIC_UNCALIBRATED_OOF_RANK_PLUS_GRAPH,SYSTEM_DEMO,Demo-only band from uncalibrated ranking evidence; recorded after all inputs were available,2026-07-08T18:33:36+00:00
U0000722,2026-02-26T16:46:54+00:00,WEB,L1,52,50+,OTHER,GB,N/A,N/A,NONE,BASELINE,0,6096.953012999999,7161.558443,4129.629034,1967.3239789999998,2,3,0.21668812984036262,0.5231029869025404,MEDIUM,SYNTHETIC_UNCALIBRATED_OOF_RANK_PLUS_GRAPH,SYSTEM_DEMO,Demo-only band from uncalibrated ranking evidence; recorded after all inputs were available,2026-07-08T18:33:36+00:00
U0000723,2026-04-13T17:34:05+00:00,IOS,L2,31,25-34,STUDENT,TR,N/A,N/A,NONE,BASELINE,0,3603.579209,720.594823,1527.7158220000001,2075.863387,1,1,0.6225527669444512,1.4779760682077938,LOW,SYNTHETIC_UNCALIBRATED_OOF_RANK_PLUS_GRAPH,SYSTEM_DEMO,Demo-only band from uncalibrated ranking evidence; recorded after all inputs were available,2026-07-08T18:33:36+00:00
U0000724,2026-01-03T05:53:58+00:00,WEB,L2,61,50+,SALARIED,GB,N/A,N/A,NONE,BASELINE,0,4081.713785,2641.078859,3140.7091609999998,941.0046240000001,1,2,0.1816596745381824,0.43817143885036264,LOW,SYNTHETIC_UNCALIBRATED_OOF_RANK_PLUS_GRAPH,SYSTEM_DEMO,Demo-only band from uncalibrated ranking evidence; recorded after all inputs were available,2026-07-08T18:33:36+00:00
U0000725,2026-02-16T21:10:23+00:00,WEB,L2,30,25-34,SALARIED,TR,N/A,N/A,REVIEW_ONLY,BASELINE,0,5481.342952,9629.676896,336.706637,5144.636315,1,1,0.7381863038622464,1.8047258154182686,LOW,SYNTHETIC_UNCALIBRATED_OOF_RANK_PLUS_GRAPH,SYSTEM_DEMO,Demo-only band from uncalibrated ranking evidence; recorded after all inputs were available,2026-07-08T18:33:36+00:00
U0000726,2026-04-14T00:23:27+00:00,WEB,L1,39,35-49,SALARIED,TR,N/A,N/A,NONE,BASELINE,0,4888.972313,1401.733961,1076.61775,3812.3545630000003,1,1,0.7026876468369792,1.5524040549516085,LOW,SYNTHETIC_UNCALIBRATED_OOF_RANK_PLUS_GRAPH,SYSTEM_DEMO,Demo-only band from uncalibrated ranking evidence; recorded after all inputs were available,2026-07-08T18:33:36+00:00
U0000727,2026-01-17T20:55:39+00:00,ANDROID,L2,57,50+,STUDENT,TR,N/A,BD_06,NONE,BASELINE,0,907.566939,1159.761417,687.302664,220.264275,1,2,0.21022116962248527,0.5145430544813946,LOW,SYNTHETIC_UNCALIBRATED_OOF_RANK_PLUS_GRAPH,SYSTEM_DEMO,Demo-only band from uncalibrated ranking evidence; recorded after all inputs were available,2026-07-08T18:33:36+00:00
U0000728,2026-03-29T18:28:02+00:00,ANDROID,L2,25,25-34,STUDENT,TR,N/A,N/A,NONE,BASELINE,0,17616.921003,25878.600254,3206.655072,14410.265931,1,1,0.6018062471124563,1.4563740042188387,LOW,SYNTHETIC_UNCALIBRATED_OOF_RANK_PLUS_GRAPH,SYSTEM_DEMO,Demo-only band from uncalibrated ranking evidence; recorded after all inputs were available,2026-07-08T18:33:36+00:00
U0000729,2026-01-29T16:39:29+00:00,WEB,L1,44,35-49,SALARIED,TR,N/A,N/A,NONE,BASELINE,0,3267.1134389999997,1452.782737,731.369988,2535.743451,2,1,0.5870834167995973,1.3954978759316363,LOW,SYNTHETIC_UNCALIBRATED_OOF_RANK_PLUS_GRAPH,SYSTEM_DEMO,Demo-only band from uncalibrated ranking evidence; recorded after all inputs were available,2026-07-08T18:33:36+00:00
U0000730,2026-04-15T12:04:12+00:00,WEB,L2,41,35-49,OTHER,TR,KA_09,N/A,NONE,BASELINE,0,6789.2026,12573.779353,2992.1788699999997,3797.02373,2,1,0.5286866063636474,1.2858239614821314,LOW,SYNTHETIC_UNCALIBRATED_OOF_RANK_PLUS_GRAPH,SYSTEM_DEMO,Demo-only band from uncalibrated ranking evidence; recorded after all inputs were available,2026-07-08T18:33:36+00:00
U0000731,2026-02-08T12:39:47+00:00,ANDROID,L1,34,25-34,SELF_EMPLOYED,TR,N/A,N/A,NONE,BASELINE,0,19054.699342,11543.746804999999,1248.544622,17806.15472,1,2,0.6875589443610263,1.6773473056675032,LOW,SYNTHETIC_UNCALIBRATED_OOF_RANK_PLUS_GRAPH,SYSTEM_DEMO,Demo-only band from uncalibrated ranking evidence; recorded after all inputs were available,2026-07-08T18:33:36+00:00
U0000732,2026-04-03T23:22:04+00:00,ANDROID,L2,51,50+,STUDENT,TR,N/A,N/A,NONE,BASELINE,0,4846.589385,3870.7737079999997,3739.1797380000003,1107.409647,1,2,0.11896184716997915,0.26670553668648156,MEDIUM,SYNTHETIC_UNCALIBRATED_OOF_RANK_PLUS_GRAPH,SYSTEM_DEMO,Demo-only band from uncalibrated ranking evidence; recorded after all inputs were available,2026-07-08T18:33:36+00:00
U0000733,2026-04-19T18:55:50+00:00,ANDROID,L1,33,25-34,SALARIED,TR,N/A,N/A,NONE,BASELINE,0,3736.2171209999997,1823.235554,914.5959270000001,2821.6211939999994,1,1,0.544942453605191,1.3075069562166997,LOW,SYNTHETIC_UNCALIBRATED_OOF_RANK_PLUS_GRAPH,SYSTEM_DEMO,Demo-only band from uncalibrated ranking evidence; recorded after all inputs were available,2026-07-08T18:33:36+00:00
U0000734,2026-01-30T02:41:46+00:00,ANDROID,L1,42,35-49,OTHER,TR,N/A,N/A,NONE,BASELINE,0,3029.953581,2172.5742920000002,1396.369531,1633.5840500000002,3,3,0.3033153510963714,0.7426622737048997,LOW,SYNTHETIC_UNCALIBRATED_OOF_RANK_PLUS_GRAPH,SYSTEM_DEMO,Demo-only band from uncalibrated ranking evidence; recorded after all inputs were available,2026-07-08T18:33:36+00:00
U0000735,2026-02-24T02:26:38+00:00,ANDROID,L2,50,50+,SALARIED,TR,N/A,N/A,NONE,BASELINE,0,6271.183674,5088.319854,1285.552187,4985.631487,2,3,0.5046214407494652,1.1828255088870518,MEDIUM,SYNTHETIC_UNCALIBRATED_OOF_RANK_PLUS_GRAPH,SYSTEM_DEMO,Demo-only band from uncalibrated ranking evidence; recorded after all inputs were available,2026-07-08T18:33:36+00:00
U0000736,2026-01-17T09:36:16+00:00,H5,L2,28,25-34,OTHER,TR,N/A,N/A,NONE,BASELINE,0,2446.587325,691.329262,1682.4369980000001,764.1503269999998,1,3,0.44721308533858284,1.0924041351211375,LOW,SYNTHETIC_UNCALIBRATED_OOF_RANK_PLUS_GRAPH,SYSTEM_DEMO,Demo-only band from uncalibrated ranking evidence; recorded after all inputs were available,2026-07-08T18:33:36+00:00
U0000737,2026-03-30T11:46:14+00:00,ANDROID,L2,30,25-34,SELF_EMPLOYED,TR,N/A,N/A,NONE,BASELINE,0,5046.364545,691.062695,1723.8093450000001,3322.5552000000002,2,3,0.7471226672888739,1.7511715921550557,LOW,SYNTHETIC_UNCALIBRATED_OOF_RANK_PLUS_GRAPH,SYSTEM_DEMO,Demo-only band from uncalibrated ranking evidence; recorded after all inputs were available,2026-07-08T18:33:36+00:00
U0000738,2026-02-09T12:48:57+00:00,WEB,L2,54,50+,SALARIED,TR,N/A,BD_01,NONE,BASELINE,0,1556.65655,1372.41955,889.593664,667.0628859999999,1,1,0.2209729833118662,0.5240538673613359,LOW,SYNTHETIC_UNCALIBRATED_OOF_RANK_PLUS_GRAPH,SYSTEM_DEMO,Demo-only band from uncalibrated ranking evidence; recorded after all inputs were available,2026-07-08T18:33:36+00:00
U0000739,2026-03-03T09:39:33+00:00,ANDROID,L2,20,18-24,SELF_EMPLOYED,TR,KA_06,N/A,NONE,BASELINE,0,9665.449039,8689.443438,3647.802667,6017.646371999999,3,2,0.3595436319580299,0.8204876265316489,MEDIUM,SYNTHETIC_UNCALIBRATED_OOF_RANK_PLUS_GRAPH,SYSTEM_DEMO,Demo-only band from uncalibrated ranking evidence; recorded after all inputs were available,2026-07-08T18:33:36+00:00
U0000740,2026-01-26T02:53:04+00:00,ANDROID,L2,22,18-24,OTHER,DE,N/A,N/A,REVIEW_ONLY,BASELINE,0,5985.519036000001,4919.046517,2887.24359,3098.2754460000006,1,2,0.2795501444390519,0.6739381499284718,LOW,SYNTHETIC_UNCALIBRATED_OOF_RANK_PLUS_GRAPH,SYSTEM_DEMO,Demo-only band from uncalibrated ranking evidence; recorded after all inputs were available,2026-07-08T18:33:36+00:00
U0000741,2026-01-16T16:41:45+00:00,IOS,L1,51,50+,SALARIED,TR,N/A,N/A,NONE,SYNTHETIC_GRAPH_SIGNAL,0,5898.842259,2134.526399,2166.092965,3732.749294,1,3,0.5197692562288643,1.1072101643614374,MEDIUM,SYNTHETIC_UNCALIBRATED_OOF_RANK_PLUS_GRAPH,SYSTEM_DEMO,Demo-only band from uncalibrated ranking evidence; recorded after all inputs were available,2026-07-08T18:33:36+00:00
U0000742,2026-01-22T19:33:33+00:00,WEB,L2,54,50+,SALARIED,GB,N/A,N/A,NONE,BASELINE,0,9568.993731,5074.538207,6247.071313,3321.922418,1,1,0.2733539180896012,0.6454273440550156,LOW,SYNTHETIC_UNCALIBRATED_OOF_RANK_PLUS_GRAPH,SYSTEM_DEMO,Demo-only band from uncalibrated ranking evidence; recorded after all inputs were available,2026-07-08T18:33:36+00:00
U0000743,2026-01-18T09:24:03+00:00,WEB,L2,60,50+,OTHER,TR,N/A,N/A,NONE,BASELINE,0,4331.95218,2154.464523,267.581193,4064.3709870000002,1,2,0.7376456364963139,1.8053178500723654,LOW,SYNTHETIC_UNCALIBRATED_OOF_RANK_PLUS_GRAPH,SYSTEM_DEMO,Demo-only band from uncalibrated ranking evidence; recorded after all inputs were available,2026-07-08T18:33:36+00:00
U0000744,2026-01-14T00:33:01+00:00,ANDROID,L2,21,18-24,OTHER,TR,N/A,N/A,NONE,BASELINE,0,2506.368406,2943.647407,2037.7949239999998,468.57348200000024,2,2,0.14819536505596623,0.362930841129779,MEDIUM,SYNTHETIC_UNCALIBRATED_OOF_RANK_PLUS_GRAPH,SYSTEM_DEMO,Demo-only band from uncalibrated ranking evidence; recorded after all inputs were available,2026-07-08T18:33:36+00:00
U0000745,2026-01-23T09:16:40+00:00,IOS,L2,53,50+,SALARIED,TR,N/A,N/A,NONE,BASELINE,0,3142.661891,4523.855084,1724.470616,1418.1912750000001,1,1,0.3650980846563515,0.8942779790326312,LOW,SYNTHETIC_UNCALIBRATED_OOF_RANK_PLUS_GRAPH,SYSTEM_DEMO,Demo-only band from uncalibrated ranking evidence; recorded after all inputs were available,2026-07-08T18:33:36+00:00
U0000746,2026-02-12T22:38:48+00:00,ANDROID,L2,48,35-49,SALARIED,TR,N/A,N/A,NONE,BASELINE,0,1428.759489,661.009416,445.898245,982.861244,2,2,0.4991169333491036,1.1628433692489963,LOW,SYNTHETIC_UNCALIBRATED_OOF_RANK_PLUS_GRAPH,SYSTEM_DEMO,Demo-only band from uncalibrated ranking evidence; recorded after all inputs were available,2026-07-08T18:33:36+00:00
U0000747,2026-01-01T12:40:43+00:00,WEB,L2,70,50+,OTHER,TR,N/A,N/A,NONE,BASELINE,0,4319.754496,2497.105138,1052.8590060000001,3266.8954899999994,2,2,0.5095544734954452,1.2453668191115914,LOW,SYNTHETIC_UNCALIBRATED_OOF_RANK_PLUS_GRAPH,SYSTEM_DEMO,Demo-only band from uncalibrated ranking evidence; recorded after all inputs were available,2026-07-08T18:33:36+00:00
U0000748,2026-02-23T11:07:34+00:00,IOS,L2,64,50+,SALARIED,AE,KA_03,N/A,NONE,BASELINE,0,5011.428066,2857.731361,1566.933303,3444.4947630000006,2,1,0.45172556150277426,1.0951020284218849,LOW,SYNTHETIC_UNCALIBRATED_OOF_RANK_PLUS_GRAPH,SYSTEM_DEMO,Demo-only band from uncalibrated ranking evidence; recorded after all inputs were available,2026-07-08T18:33:36+00:00
U0000749,2026-01-02T01:17:28+00:00,ANDROID,L2,35,35-49,SALARIED,TR,N/A,BD_04,NONE,BASELINE,0,6096.684274,3261.661414,3159.0908210000002,2937.593453,1,2,0.3262480107103459,0.7040403482505093,MEDIUM,SYNTHETIC_UNCALIBRATED_OOF_RANK_PLUS_GRAPH,SYSTEM_DEMO,Demo-only band from uncalibrated ranking evidence; recorded after all inputs were available,2026-07-08T18:33:36+00:00
U0000750,2026-01-24T03:44:30+00:00,ANDROID,L2,66,50+,SALARIED,TR,N/A,N/A,NONE,BASELINE,0,17486.079863,8068.499841,8549.783965,8936.295897999998,3,1,0.3809345154819005,0.8284200913468741,LOW,SYNTHETIC_UNCALIBRATED_OOF_RANK_PLUS_GRAPH,SYSTEM_DEMO,Demo-only band from uncalibrated ranking evidence; recorded after all inputs were available,2026-07-08T18:33:36+00:00
U0000751,2026-02-01T21:40:44+00:00,WEB,L1,40,35-49,SALARIED,TR,N/A,N/A,NONE,BASELINE,0,8370.708227,12736.333402999999,7819.1878400000005,551.5203869999987,2,3,0.22811732079267552,0.5099674917637994,LOW,SYNTHETIC_UNCALIBRATED_OOF_RANK_PLUS_GRAPH,SYSTEM_DEMO,Demo-only band from uncalibrated ranking evidence; recorded after all inputs were available,2026-07-08T18:33:36+00:00
U0000752,2026-01-29T10:17:47+00:00,ANDROID,L2,71,50+,SELF_EMPLOYED,TR,N/A,N/A,NONE,BASELINE,0,4845.754695,1118.943833,446.305072,4399.4496229999995,3,2,0.9054569112023119,2.0587024579115814,LOW,SYNTHETIC_UNCALIBRATED_OOF_RANK_PLUS_GRAPH,SYSTEM_DEMO,Demo-only band from uncalibrated ranking evidence; recorded after all inputs were available,2026-07-08T18:33:36+00:00
U0000753,2026-04-23T06:09:49+00:00,IOS,L2,29,25-34,SELF_EMPLOYED,NL,N/A,N/A,REVIEW_ONLY,BASELINE,0,4399.757067,1026.491141,1855.498665,2544.2584019999995,1,3,0.5913063993524025,1.3897486351143589,LOW,SYNTHETIC_UNCALIBRATED_OOF_RANK_PLUS_GRAPH,SYSTEM_DEMO,Demo-only band from uncalibrated ranking evidence; recorded after all inputs were available,2026-07-08T18:33:36+00:00
U0000754,2026-01-15T04:42:01+00:00,IOS,L2,42,35-49,SELF_EMPLOYED,DE,N/A,N/A,NONE,BASELINE,0,5795.6356510000005,7778.4295870000005,2702.196849,3093.4388020000006,2,2,0.38500831054423834,0.935638547265917,LOW,SYNTHETIC_UNCALIBRATED_OOF_RANK_PLUS_GRAPH,SYSTEM_DEMO,Demo-only band from uncalibrated ranking evidence; recorded after all inputs were available,2026-07-08T18:33:36+00:00
U0000755,2026-03-02T10:17:44+00:00,IOS,L2,27,25-34,SALARIED,TR,N/A,N/A,NONE,BASELINE,0,1501.738924,1024.721687,774.564507,727.174417,1,1,0.27413745780987187,0.660862360333,LOW,SYNTHETIC_UNCALIBRATED_OOF_RANK_PLUS_GRAPH,SYSTEM_DEMO,Demo-only band from uncalibrated ranking evidence; recorded after all inputs were available,2026-07-08T18:33:36+00:00
U0000756,2026-03-13T19:24:29+00:00,ANDROID,L2,59,50+,SALARIED,TR,N/A,N/A,NONE,BASELINE,0,7825.819189,9045.578415,2472.365518,5353.453670999999,1,1,0.4427638332364047,1.0194313571061318,LOW,SYNTHETIC_UNCALIBRATED_OOF_RANK_PLUS_GRAPH,SYSTEM_DEMO,Demo-only band from uncalibrated ranking evidence; recorded after all inputs were available,2026-07-08T18:33:36+00:00
U0000757,2026-03-04T05:26:57+00:00,IOS,L2,38,35-49,SALARIED,TR,KA_00,N/A,NONE,BASELINE,0,9589.879921,8391.598581,9398.809081,191.07084000000032,1,1,0.05759537305798705,0.13129314325507604,LOW,SYNTHETIC_UNCALIBRATED_OOF_RANK_PLUS_GRAPH,SYSTEM_DEMO,Demo-only band from uncalibrated ranking evidence; recorded after all inputs were available,2026-07-08T18:33:36+00:00
U0000758,2026-04-29T00:52:11+00:00,ANDROID,L2,54,50+,SELF_EMPLOYED,TR,N/A,N/A,NONE,BASELINE,0,4783.941215,3975.1726790000002,5628.95279,-845.0115750000004,2,2,0.14078478215793472,0.34482327903839727,MEDIUM,SYNTHETIC_UNCALIBRATED_OOF_RANK_PLUS_GRAPH,SYSTEM_DEMO,Demo-only band from uncalibrated ranking evidence; recorded after all inputs were available,2026-07-08T18:33:36+00:00
U0000759,2026-04-11T03:25:57+00:00,IOS,L1,43,35-49,STUDENT,AE,N/A,N/A,NONE,BASELINE,0,2571.808681,855.3210770000001,1370.727177,1201.081504,2,2,0.4496685206653394,1.0732839435947041,MEDIUM,SYNTHETIC_UNCALIBRATED_OOF_RANK_PLUS_GRAPH,SYSTEM_DEMO,Demo-only band from uncalibrated ranking evidence; recorded after all inputs were available,2026-07-08T18:33:36+00:00
U0000760,2026-01-24T00:31:25+00:00,WEB,L2,24,18-24,SALARIED,TR,N/A,BD_07,NONE,BASELINE,0,2729.491555,4074.708348,2296.320081,433.1714740000002,2,1,0.2496059190557264,0.5862483473889376,LOW,SYNTHETIC_UNCALIBRATED_OOF_RANK_PLUS_GRAPH,SYSTEM_DEMO,Demo-only band from uncalibrated ranking evidence; recorded after all inputs were available,2026-07-08T18:33:36+00:00
U0000761,2026-02-28T08:03:18+00:00,ANDROID,L2,22,18-24,SALARIED,TR,N/A,N/A,NONE,BASELINE,0,7653.417635,6375.508055,2418.175346,5235.242289,2,3,0.40650950176981065,0.9549237177191742,LOW,SYNTHETIC_UNCALIBRATED_OOF_RANK_PLUS_GRAPH,SYSTEM_DEMO,Demo-only band from uncalibrated ranking evidence; recorded after all inputs were available,2026-07-08T18:33:36+00:00
U0000762,2026-01-31T01:36:37+00:00,ANDROID,L2,45,35-49,SALARIED,TR,N/A,N/A,NONE,BASELINE,0,3123.814731,3387.325225,1964.179429,1159.635302,1,3,0.2188234404882196,0.5037494392903047,LOW,SYNTHETIC_UNCALIBRATED_OOF_RANK_PLUS_GRAPH,SYSTEM_DEMO,Demo-only band from uncalibrated ranking evidence; recorded after all inputs were available,2026-07-08T18:33:36+00:00
U0000763,2026-04-05T13:16:31+00:00,IOS,L2,52,50+,SALARIED,TR,N/A,N/A,REVIEW_ONLY,BASELINE,0,1809.018477,2457.504689,271.37349700000004,1537.64498,3,1,0.6060699716440888,1.445249652658298,MEDIUM,SYNTHETIC_UNCALIBRATED_OOF_RANK_PLUS_GRAPH,SYSTEM_DEMO,Demo-only band from uncalibrated ranking evidence; recorded after all inputs were available,2026-07-08T18:33:36+00:00
U0000764,2026-04-05T21:03:00+00:00,WEB,L2,42,35-49,STUDENT,NL,N/A,N/A,NONE,BASELINE,0,2988.767593,3902.296179,4398.787496,-1410.0199029999999,2,3,0.15517579037279478,0.37467807224260774,MEDIUM,SYNTHETIC_UNCALIBRATED_OOF_RANK_PLUS_GRAPH,SYSTEM_DEMO,Demo-only band from uncalibrated ranking evidence; recorded after all inputs were available,2026-07-08T18:33:36+00:00
U0000765,2026-04-20T19:34:40+00:00,WEB,L2,20,18-24,STUDENT,TR,N/A,N/A,NONE,BASELINE,0,1446.8215329999998,314.905644,413.53465300000005,1033.2868799999997,2,1,0.7060241720032666,1.5610753704072486,LOW,SYNTHETIC_UNCALIBRATED_OOF_RANK_PLUS_GRAPH,SYSTEM_DEMO,Demo-only band from uncalibrated ranking evidence; recorded after all inputs were available,2026-07-08T18:33:36+00:00
U0000766,2026-04-30T23:39:03+00:00,ANDROID,L2,45,35-49,SELF_EMPLOYED,TR,KA_09,N/A,NONE,BASELINE,0,3615.758017,1278.161939,1282.662104,2333.095913,2,1,0.5347103861751006,1.1353833181324238,LOW,SYNTHETIC_UNCALIBRATED_OOF_RANK_PLUS_GRAPH,SYSTEM_DEMO,Demo-only band from uncalibrated ranking evidence; recorded after all inputs were available,2026-07-08T18:33:36+00:00
U0000767,2026-02-15T07:33:41+00:00,ANDROID,L2,66,50+,SALARIED,TR,N/A,N/A,NONE,BASELINE,0,5772.185332,6835.171434,4564.331703,1207.8536290000002,1,2,0.16207405289992832,0.396729722024635,LOW,SYNTHETIC_UNCALIBRATED_OOF_RANK_PLUS_GRAPH,SYSTEM_DEMO,Demo-only band from uncalibrated ranking evidence; recorded after all inputs were available,2026-07-08T18:33:36+00:00
U0000768,2026-03-30T11:23:35+00:00,ANDROID,L2,22,18-24,SALARIED,TR,N/A,N/A,NONE,BASELINE,0,5414.346681,3336.924885,867.254969,4547.091712,1,1,0.5797072809283446,1.4182291940831042,LOW,SYNTHETIC_UNCALIBRATED_OOF_RANK_PLUS_GRAPH,SYSTEM_DEMO,Demo-only band from uncalibrated ranking evidence; recorded after all inputs were available,2026-07-08T18:33:36+00:00
U0000769,2026-03-31T06:26:18+00:00,ANDROID,L2,42,35-49,SALARIED,TR,N/A,N/A,NONE,BASELINE,0,4635.537414,1693.1061770000001,3369.6348590000002,1265.9025550000001,1,1,0.3727884123331588,0.910191819765703,LOW,SYNTHETIC_UNCALIBRATED_OOF_RANK_PLUS_GRAPH,SYSTEM_DEMO,Demo-only band from uncalibrated ranking evidence; recorded after all inputs were available,2026-07-08T18:33:36+00:00
U0000770,2026-04-19T23:00:04+00:00,WEB,L2,58,50+,STUDENT,TR,N/A,N/A,NONE,BASELINE,0,3379.254313,2236.417846,109.549369,3269.704944,1,1,0.7099386351020928,1.7133162068973482,MEDIUM,SYNTHETIC_UNCALIBRATED_OOF_RANK_PLUS_GRAPH,SYSTEM_DEMO,Demo-only band from uncalibrated ranking evidence; recorded after all inputs were available,2026-07-08T18:33:36+00:00
U0000771,2026-02-05T13:39:34+00:00,ANDROID,L2,32,25-34,SELF_EMPLOYED,TR,N/A,BD_02,NONE,SYNTHETIC_GRAPH_SIGNAL,0,3084.142935,3143.385308,3966.2283660000003,-882.0854310000004,2,2,0.11847918065556103,0.2595957893151617,MEDIUM,SYNTHETIC_UNCALIBRATED_OOF_RANK_PLUS_GRAPH,SYSTEM_DEMO,Demo-only band from uncalibrated ranking evidence; recorded after all inputs were available,2026-07-08T18:33:36+00:00
U0000772,2026-03-20T02:23:19+00:00,IOS,L2,28,25-34,SELF_EMPLOYED,TR,N/A,N/A,NONE,BASELINE,0,6579.414983,7455.564593,4079.355403,2500.0595799999996,1,2,0.23691022298220984,0.5591498435764906,LOW,SYNTHETIC_UNCALIBRATED_OOF_RANK_PLUS_GRAPH,SYSTEM_DEMO,Demo-only band from uncalibrated ranking evidence; recorded after all inputs were available,2026-07-08T18:33:36+00:00
U0000773,2026-01-09T18:58:19+00:00,ANDROID,L2,28,25-34,SALARIED,TR,N/A,N/A,NONE,BASELINE,0,1997.94038,2646.320481,2321.929533,-323.989153,3,3,0.11399347553300365,0.27922583119108474,MEDIUM,SYNTHETIC_UNCALIBRATED_OOF_RANK_PLUS_GRAPH,SYSTEM_DEMO,Demo-only band from uncalibrated ranking evidence; recorded after all inputs were available,2026-07-08T18:33:36+00:00
U0000774,2026-01-08T04:51:07+00:00,WEB,L2,54,50+,SALARIED,TR,N/A,N/A,NONE,BASELINE,0,3054.281175,1138.961754,733.459463,2320.821712,2,2,0.6162937923078783,1.4132100098649514,LOW,SYNTHETIC_UNCALIBRATED_OOF_RANK_PLUS_GRAPH,SYSTEM_DEMO,Demo-only band from uncalibrated ranking evidence; recorded after all inputs were available,2026-07-08T18:33:36+00:00
U0000775,2026-01-10T02:57:29+00:00,IOS,L2,50,50+,SALARIED,TR,KA_06,N/A,NONE,BASELINE,0,2258.757288,1970.3102470000001,1798.622652,460.1346359999998,3,1,0.09449111619243776,0.22901042773849506,LOW,SYNTHETIC_UNCALIBRATED_OOF_RANK_PLUS_GRAPH,SYSTEM_DEMO,Demo-only band from uncalibrated ranking evidence; recorded after all inputs were available,2026-07-08T18:33:36+00:00
U0000776,2026-01-07T08:39:00+00:00,ANDROID,L2,41,35-49,SALARIED,DE,N/A,N/A,NONE,BASELINE,0,1162.722172,1575.0925320000001,1089.859575,72.86259700000005,2,1,0.1674500018134147,0.38030897220970156,MEDIUM,SYNTHETIC_UNCALIBRATED_OOF_RANK_PLUS_GRAPH,SYSTEM_DEMO,Demo-only band from uncalibrated ranking evidence; recorded after all inputs were available,2026-07-08T18:33:36+00:00
U0000777,2026-01-23T19:10:30+00:00,WEB,L2,46,35-49,SALARIED,TR,N/A,N/A,REVIEW_ONLY,BASELINE,0,11896.650362,18645.514035,3974.7137979999998,7921.9365640000005,1,1,0.5211109651742298,1.2750979524381059,LOW,SYNTHETIC_UNCALIBRATED_OOF_RANK_PLUS_GRAPH,SYSTEM_DEMO,Demo-only band from uncalibrated ranking evidence; recorded after all inputs were available,2026-07-08T18:33:36+00:00
U0000778,2026-03-12T23:51:32+00:00,ANDROID,L2,39,35-49,SELF_EMPLOYED,DE,N/A,N/A,NONE,BASELINE,0,4817.620704,2320.8243820000002,2124.682793,2692.937911,2,2,0.39700958359222943,0.8721474904081912,LOW,SYNTHETIC_UNCALIBRATED_OOF_RANK_PLUS_GRAPH,SYSTEM_DEMO,Demo-only band from uncalibrated ranking evidence; recorded after all inputs were available,2026-07-08T18:33:36+00:00
U0000779,2026-03-04T14:43:48+00:00,ANDROID,L1,22,18-24,SALARIED,TR,N/A,N/A,NONE,BASELINE,0,19523.527556,15548.246475,6231.14323,13292.384326000001,1,2,0.40462598672761896,0.9654803007257245,LOW,SYNTHETIC_UNCALIBRATED_OOF_RANK_PLUS_GRAPH,SYSTEM_DEMO,Demo-only band from uncalibrated ranking evidence; recorded after all inputs were available,2026-07-08T18:33:36+00:00
U0000780,2026-02-19T16:04:29+00:00,IOS,L1,68,50+,RETIRED,TR,N/A,N/A,NONE,BASELINE,0,1041.16435,786.066277,106.942865,934.221485,3,2,0.6115355681542278,1.449024333438647,LOW,SYNTHETIC_UNCALIBRATED_OOF_RANK_PLUS_GRAPH,SYSTEM_DEMO,Demo-only band from uncalibrated ranking evidence; recorded after all inputs were available,2026-07-08T18:33:36+00:00
U0000781,2026-02-23T18:21:42+00:00,IOS,L2,50,50+,SALARIED,TR,N/A,N/A,NONE,SYNTHETIC_GRAPH_SIGNAL,0,1398.300602,1347.182038,458.041002,940.2596000000001,2,1,0.40427226266082233,0.8805237966775087,LOW,SYNTHETIC_UNCALIBRATED_OOF_RANK_PLUS_GRAPH,SYSTEM_DEMO,Demo-only band from uncalibrated ranking evidence; recorded after all inputs were available,2026-07-08T18:33:36+00:00
U0000782,2026-04-04T11:46:01+00:00,WEB,L2,60,50+,OTHER,TR,N/A,BD_05,NONE,BASELINE,0,7655.955457,5748.753211,7684.479810999999,-28.52435399999922,3,1,0.12886155419649872,0.27536288585891383,MEDIUM,SYNTHETIC_UNCALIBRATED_OOF_RANK_PLUS_GRAPH,SYSTEM_DEMO,Demo-only band from uncalibrated ranking evidence; recorded after all inputs were available,2026-07-08T18:33:36+00:00
U0000783,2026-02-21T04:10:00+00:00,ANDROID,L2,45,35-49,SALARIED,TR,N/A,N/A,NONE,BASELINE,0,1105.296531,337.01709,161.211795,944.084736,3,2,0.7669475069427985,1.7662671135360415,LOW,SYNTHETIC_UNCALIBRATED_OOF_RANK_PLUS_GRAPH,SYSTEM_DEMO,Demo-only band from uncalibrated ranking evidence; recorded after all inputs were available,2026-07-08T18:33:36+00:00
U0000784,2026-01-20T09:20:39+00:00,ANDROID,L2,35,35-49,OTHER,TR,KA_03,N/A,NONE,BASELINE,0,571.242379,534.831023,663.233699,-91.99131999999997,1,3,0.09161609008543974,0.2177168835089642,LOW,SYNTHETIC_UNCALIBRATED_OOF_RANK_PLUS_GRAPH,SYSTEM_DEMO,Demo-only band from uncalibrated ranking evidence; recorded after all inputs were available,2026-07-08T18:33:36+00:00
U0000785,2026-02-27T19:28:21+00:00,ANDROID,L2,41,35-49,SALARIED,NL,N/A,N/A,NONE,BASELINE,0,2424.375849,334.83428000000004,776.53925,1647.836599,2,2,0.7629293983679183,1.77292676461501,LOW,SYNTHETIC_UNCALIBRATED_OOF_RANK_PLUS_GRAPH,SYSTEM_DEMO,Demo-only band from uncalibrated ranking evidence; recorded after all inputs were available,2026-07-08T18:33:36+00:00
U0000786,2026-02-23T16:16:59+00:00,WEB,L2,32,25-34,STUDENT,TR,N/A,N/A,REVIEW_ONLY,SYNTHETIC_GRAPH_SIGNAL,0,2289.162676,2161.508301,2274.978102,14.184573999999884,3,2,0.025482046905188658,0.05694069382771617,MEDIUM,SYNTHETIC_UNCALIBRATED_OOF_RANK_PLUS_GRAPH,SYSTEM_DEMO,Demo-only band from uncalibrated ranking evidence; recorded after all inputs were available,2026-07-08T18:33:36+00:00
U0000787,2026-01-07T15:54:52+00:00,ANDROID,L2,49,35-49,OTHER,TR,N/A,N/A,NONE,BASELINE,0,1875.415743,348.874797,738.89562,1136.520123,1,2,0.6556151815354472,1.545506286381953,LOW,SYNTHETIC_UNCALIBRATED_OOF_RANK_PLUS_GRAPH,SYSTEM_DEMO,Demo-only band from uncalibrated ranking evidence; recorded after all inputs were available,2026-07-08T18:33:36+00:00
U0000788,2026-04-03T21:27:51+00:00,ANDROID,L2,22,18-24,SELF_EMPLOYED,TR,N/A,N/A,NONE,BASELINE,0,7069.628456,8359.341042,7945.7461140000005,-876.1176580000001,2,2,0.06900926994888454,0.16552662381970026,MEDIUM,SYNTHETIC_UNCALIBRATED_OOF_RANK_PLUS_GRAPH,SYSTEM_DEMO,Demo-only band from uncalibrated ranking evidence; recorded after all inputs were available,2026-07-08T18:33:36+00:00
U0000789,2026-03-31T14:12:16+00:00,WEB,L2,24,18-24,SELF_EMPLOYED,TR,N/A,N/A,REVIEW_ONLY,SYNTHETIC_GRAPH_SIGNAL,1,12440.007637,14637.145547,8572.99933,3867.008307,4,1,0.2109474381818367,0.5103046513996183,MEDIUM,SYNTHETIC_UNCALIBRATED_OOF_RANK_PLUS_GRAPH,SYSTEM_DEMO,Demo-only band from uncalibrated ranking evidence; recorded after all inputs were available,2026-07-08T18:33:36+00:00
U0000790,2026-03-14T21:44:27+00:00,ANDROID,L2,20,18-24,SALARIED,TR,N/A,N/A,NONE,BASELINE,0,2112.043483,3003.063681,95.260882,2016.7826009999999,1,1,0.7003724084877173,1.6742403454007366,LOW,SYNTHETIC_UNCALIBRATED_OOF_RANK_PLUS_GRAPH,SYSTEM_DEMO,Demo-only band from uncalibrated ranking evidence; recorded after all inputs were available,2026-07-08T18:33:36+00:00
U0000791,2026-01-19T14:44:12+00:00,IOS,L2,45,35-49,STUDENT,TR,N/A,N/A,NONE,BASELINE,0,2687.810625,5169.842982,3695.687445,-1007.87682,2,2,0.26465803646490155,0.644497296278725,LOW,SYNTHETIC_UNCALIBRATED_OOF_RANK_PLUS_GRAPH,SYSTEM_DEMO,Demo-only band from uncalibrated ranking evidence; recorded after all inputs were available,2026-07-08T18:33:36+00:00
U0000792,2026-01-28T16:17:04+00:00,H5,L2,59,50+,SALARIED,DE,N/A,N/A,REVIEW_ONLY,BASELINE,0,5656.784566,6728.7750510000005,402.296289,5254.488277,1,1,0.6485497228951432,1.4841765832765557,LOW,SYNTHETIC_UNCALIBRATED_OOF_RANK_PLUS_GRAPH,SYSTEM_DEMO,Demo-only band from uncalibrated ranking evidence; recorded after all inputs were available,2026-07-08T18:33:36+00:00
U0000793,2026-01-25T09:30:57+00:00,WEB,L2,29,25-34,SALARIED,TR,KA_00,BD_00,NONE,BASELINE,0,1859.249162,1826.559381,1318.615753,540.633409,1,1,0.14837592471413852,0.3240932684897188,MEDIUM,SYNTHETIC_UNCALIBRATED_OOF_RANK_PLUS_GRAPH,SYSTEM_DEMO,Demo-only band from uncalibrated ranking evidence; recorded after all inputs were available,2026-07-08T18:33:36+00:00
U0000794,2026-01-29T20:41:42+00:00,IOS,L2,32,25-34,SALARIED,GB,N/A,N/A,NONE,BASELINE,0,7573.244698,4498.251778,7651.217661000001,-77.97296300000016,2,2,0.22333980887019128,0.4795941158653726,LOW,SYNTHETIC_UNCALIBRATED_OOF_RANK_PLUS_GRAPH,SYSTEM_DEMO,Demo-only band from uncalibrated ranking evidence; recorded after all inputs were available,2026-07-08T18:33:36+00:00
U0000795,2026-01-09T02:45:18+00:00,IOS,L2,20,18-24,OTHER,TR,N/A,N/A,NONE,BASELINE,0,3801.634086,1940.86676,783.2757710000001,3018.358315,2,1,0.5715806881835566,1.3875857965182323,LOW,SYNTHETIC_UNCALIBRATED_OOF_RANK_PLUS_GRAPH,SYSTEM_DEMO,Demo-only band from uncalibrated ranking evidence; recorded after all inputs were available,2026-07-08T18:33:36+00:00
U0000796,2026-03-02T10:44:03+00:00,WEB,L1,49,35-49,STUDENT,TR,N/A,N/A,NONE,BASELINE,0,7114.279456,6209.827565,5081.35849,2032.9209660000006,2,1,0.13554904907839174,0.3313560797663654,LOW,SYNTHETIC_UNCALIBRATED_OOF_RANK_PLUS_GRAPH,SYSTEM_DEMO,Demo-only band from uncalibrated ranking evidence; recorded after all inputs were available,2026-07-08T18:33:36+00:00
U0000797,2026-04-27T21:20:49+00:00,ANDROID,L1,56,50+,SALARIED,TR,N/A,N/A,NONE,BASELINE,0,1574.909411,890.057552,822.756463,752.152948,3,1,0.3100788687684585,0.686328669302124,LOW,SYNTHETIC_UNCALIBRATED_OOF_RANK_PLUS_GRAPH,SYSTEM_DEMO,Demo-only band from uncalibrated ranking evidence; recorded after all inputs were available,2026-07-08T18:33:36+00:00
U0000798,2026-03-01T09:38:01+00:00,IOS,L1,53,50+,SELF_EMPLOYED,TR,N/A,N/A,NONE,BASELINE,0,2497.783388,1094.223577,677.514129,1820.2692589999997,1,2,0.5471395326640862,1.2790211493917027,LOW,SYNTHETIC_UNCALIBRATED_OOF_RANK_PLUS_GRAPH,SYSTEM_DEMO,Demo-only band from uncalibrated ranking evidence; recorded after all inputs were available,2026-07-08T18:33:36+00:00
U0000799,2026-04-01T11:39:22+00:00,WEB,L2,57,50+,STUDENT,TR,N/A,N/A,NONE,BASELINE,0,1607.550581,664.339169,183.25272,1424.297861,1,3,0.7228680378163124,1.740385185467465,LOW,SYNTHETIC_UNCALIBRATED_OOF_RANK_PLUS_GRAPH,SYSTEM_DEMO,Demo-only band from uncalibrated ranking evidence; recorded after all inputs were available,2026-07-08T18:33:36+00:00
U0000800,2026-04-05T19:54:55+00:00,WEB,L2,61,50+,SALARIED,DE,N/A,N/A,NONE,BASELINE,0,2148.471772,926.0813949999999,1544.533634,603.938138,3,3,0.3241228378329903,0.7939169123658995,LOW,SYNTHETIC_UNCALIBRATED_OOF_RANK_PLUS_GRAPH,SYSTEM_DEMO,Demo-only band from uncalibrated ranking evidence; recorded after all inputs were available,2026-07-08T18:33:36+00:00
U0000801,2026-04-04T02:30:06+00:00,ANDROID,L2,49,35-49,SALARIED,NL,N/A,N/A,NONE,BASELINE,0,7526.242161,14109.323314,1436.5181400000001,6089.724021,2,2,0.6728856150997261,1.6478102349318309,LOW,SYNTHETIC_UNCALIBRATED_OOF_RANK_PLUS_GRAPH,SYSTEM_DEMO,Demo-only band from uncalibrated ranking evidence; recorded after all inputs were available,2026-07-08T18:33:36+00:00
U0000802,2026-01-04T11:11:46+00:00,ANDROID,L2,38,35-49,SALARIED,TR,KA_09,N/A,NONE,BASELINE,0,802.722141,1267.955587,231.050361,571.6717799999999,1,1,0.5527032702390822,1.3514696600637435,LOW,SYNTHETIC_UNCALIBRATED_OOF_RANK_PLUS_GRAPH,SYSTEM_DEMO,Demo-only band from uncalibrated ranking evidence; recorded after all inputs were available,2026-07-08T18:33:36+00:00
U0000803,2026-01-10T21:45:02+00:00,ANDROID,L2,22,18-24,SALARIED,GB,N/A,N/A,REVIEW_ONLY,BASELINE,1,39806.635163,35417.036968,41828.285831,-2021.650668000002,2,4,0.06859076474697962,0.16431802529304196,MEDIUM,SYNTHETIC_UNCALIBRATED_OOF_RANK_PLUS_GRAPH,SYSTEM_DEMO,Demo-only band from uncalibrated ranking evidence; recorded after all inputs were available,2026-07-08T18:33:36+00:00
U0000804,2026-02-18T23:08:08+00:00,WEB,L2,26,25-34,STUDENT,AE,N/A,BD_03,NONE,BASELINE,0,15558.994648999998,8326.700587,9069.93087,6489.063778999998,2,1,0.29570281593711395,0.6583665598163162,MEDIUM,SYNTHETIC_UNCALIBRATED_OOF_RANK_PLUS_GRAPH,SYSTEM_DEMO,Demo-only band from uncalibrated ranking evidence; recorded after all inputs were available,2026-07-08T18:33:36+00:00
U0000805,2026-02-18T09:19:59+00:00,ANDROID,L1,24,18-24,SALARIED,TR,N/A,N/A,NONE,BASELINE,0,1999.447937,2910.50481,295.744076,1703.703861,2,1,0.6245259817329506,1.5068649728778107,LOW,SYNTHETIC_UNCALIBRATED_OOF_RANK_PLUS_GRAPH,SYSTEM_DEMO,Demo-only band from uncalibrated ranking evidence; recorded after all inputs were available,2026-07-08T18:33:36+00:00
U0000806,2026-01-15T12:56:43+00:00,WEB,L1,55,50+,OTHER,TR,N/A,N/A,REVIEW_ONLY,BASELINE,0,6079.046795,5851.886097,3170.071266,2908.9755290000003,3,1,0.26243707664743127,0.5779037271754389,MEDIUM,SYNTHETIC_UNCALIBRATED_OOF_RANK_PLUS_GRAPH,SYSTEM_DEMO,Demo-only band from uncalibrated ranking evidence; recorded after all inputs were available,2026-07-08T18:33:36+00:00
U0000807,2026-01-17T16:44:32+00:00,ANDROID,L2,20,18-24,STUDENT,TR,N/A,N/A,NONE,BASELINE,0,3248.5997350000002,2933.343599,530.200158,2718.399577,2,2,0.5425989999342711,1.2149917147510232,LOW,SYNTHETIC_UNCALIBRATED_OOF_RANK_PLUS_GRAPH,SYSTEM_DEMO,Demo-only band from uncalibrated ranking evidence; recorded after all inputs were available,2026-07-08T18:33:36+00:00
U0000808,2026-04-24T05:42:26+00:00,IOS,L2,56,50+,SELF_EMPLOYED,TR,N/A,N/A,NONE,BASELINE,0,1817.206606,2125.744365,1618.519689,198.686917,1,1,0.11257062595755876,0.27361000732133683,MEDIUM,SYNTHETIC_UNCALIBRATED_OOF_RANK_PLUS_GRAPH,SYSTEM_DEMO,Demo-only band from uncalibrated ranking evidence; recorded after all inputs were available,2026-07-08T18:33:36+00:00
U0000809,2026-02-05T09:16:36+00:00,WEB,L2,31,25-34,SALARIED,TR,N/A,N/A,NONE,BASELINE,0,2618.201387,1662.454715,1844.1675539999999,774.0338330000002,1,1,0.2029807783971342,0.46813429692644204,LOW,SYNTHETIC_UNCALIBRATED_OOF_RANK_PLUS_GRAPH,SYSTEM_DEMO,Demo-only band from uncalibrated ranking evidence; recorded after all inputs were available,2026-07-08T18:33:36+00:00
U0000810,2026-04-07T11:32:09+00:00,IOS,L2,37,35-49,SALARIED,TR,N/A,N/A,NONE,BASELINE,0,2482.312501,3422.209995,1506.612003,975.7004979999999,1,1,0.31658518757778803,0.7754270249413807,LOW,SYNTHETIC_UNCALIBRATED_OOF_RANK_PLUS_GRAPH,SYSTEM_DEMO,Demo-only band from uncalibrated ranking evidence; recorded after all inputs were available,2026-07-08T18:33:36+00:00
U0000811,2026-02-15T01:11:03+00:00,ANDROID,L2,58,50+,SELF_EMPLOYED,TR,KA_06,N/A,NONE,BASELINE,0,10868.808696,6022.558733,3667.5708059999997,7201.23789,2,1,0.43746827001076305,1.0508185502119634,LOW,SYNTHETIC_UNCALIBRATED_OOF_RANK_PLUS_GRAPH,SYSTEM_DEMO,Demo-only band from uncalibrated ranking evidence; recorded after all inputs were available,2026-07-08T18:33:36+00:00
U0000812,2026-04-04T21:15:38+00:00,H5,L1,37,35-49,STUDENT,TR,N/A,N/A,NONE,BASELINE,0,2307.862581,2589.544021,1460.022439,847.8401419999998,2,2,0.22652830313346414,0.533008661857906,LOW,SYNTHETIC_UNCALIBRATED_OOF_RANK_PLUS_GRAPH,SYSTEM_DEMO,Demo-only band from uncalibrated ranking evidence; recorded after all inputs were available,2026-07-08T18:33:36+00:00
U0000813,2026-04-20T18:04:00+00:00,H5,L1,57,50+,OTHER,GB,N/A,N/A,NONE,BASELINE,0,19809.869724,8685.069368,8333.246319,11476.623405,2,3,0.4341084853123437,0.9348782686620325,MEDIUM,SYNTHETIC_UNCALIBRATED_OOF_RANK_PLUS_GRAPH,SYSTEM_DEMO,Demo-only band from uncalibrated ranking evidence; recorded after all inputs were available,2026-07-08T18:33:36+00:00
U0000814,2026-03-19T23:46:36+00:00,ANDROID,L2,65,50+,OTHER,TR,N/A,N/A,NONE,BASELINE,0,6489.9290120000005,4952.699135,3381.9713279999996,3107.957684000001,1,2,0.2567711146331935,0.6289460344425261,LOW,SYNTHETIC_UNCALIBRATED_OOF_RANK_PLUS_GRAPH,SYSTEM_DEMO,Demo-only band from uncalibrated ranking evidence; recorded after all inputs were available,2026-07-08T18:33:36+00:00
U0000815,2026-01-06T22:43:22+00:00,ANDROID,L2,67,50+,SALARIED,TR,N/A,BD_06,NONE,BASELINE,0,1322.7464519999999,314.332534,889.1989719999999,433.54747999999995,1,1,0.49047878331358274,1.1975094602792713,LOW,SYNTHETIC_UNCALIBRATED_OOF_RANK_PLUS_GRAPH,SYSTEM_DEMO,Demo-only band from uncalibrated ranking evidence; recorded after all inputs were available,2026-07-08T18:33:36+00:00
U0000816,2026-04-08T04:03:21+00:00,ANDROID,L2,25,25-34,SELF_EMPLOYED,TR,N/A,N/A,NONE,BASELINE,0,2333.259555,1081.787141,1534.560581,798.6989740000001,2,2,0.31358646327348694,0.7585283098006889,LOW,SYNTHETIC_UNCALIBRATED_OOF_RANK_PLUS_GRAPH,SYSTEM_DEMO,Demo-only band from uncalibrated ranking evidence; recorded after all inputs were available,2026-07-08T18:33:36+00:00
U0000817,2026-01-06T05:33:11+00:00,IOS,L2,47,35-49,OTHER,TR,N/A,N/A,NONE,BASELINE,0,1179.485211,654.069601,1179.327063,0.15814799999998286,1,1,0.24658719129830783,0.5231691434965401,LOW,SYNTHETIC_UNCALIBRATED_OOF_RANK_PLUS_GRAPH,SYSTEM_DEMO,Demo-only band from uncalibrated ranking evidence; recorded after all inputs were available,2026-07-08T18:33:36+00:00
U0000818,2026-04-04T13:22:58+00:00,WEB,L1,57,50+,SALARIED,TR,N/A,N/A,REVIEW_ONLY,BASELINE,1,3544.5467989999997,3511.178936,4176.0614399999995,-631.5146409999998,2,2,0.08169685703599204,0.1775895038716311,MEDIUM,SYNTHETIC_UNCALIBRATED_OOF_RANK_PLUS_GRAPH,SYSTEM_DEMO,Demo-only band from uncalibrated ranking evidence; recorded after all inputs were available,2026-07-08T18:33:36+00:00
U0000819,2026-01-10T14:13:11+00:00,ANDROID,L2,23,18-24,SELF_EMPLOYED,TR,N/A,N/A,NONE,BASELINE,0,1827.3773149999997,1780.852167,70.718959,1756.6583559999997,2,2,0.6665094732759979,1.4324677696672292,LOW,SYNTHETIC_UNCALIBRATED_OOF_RANK_PLUS_GRAPH,SYSTEM_DEMO,Demo-only band from uncalibrated ranking evidence; recorded after all inputs were available,2026-07-08T18:33:36+00:00
U0000820,2026-04-23T18:14:26+00:00,WEB,L2,44,35-49,STUDENT,TR,KA_03,N/A,NONE,BASELINE,0,14289.187423000001,6961.41495,7439.892156,6849.295267000001,2,2,0.3500049238679335,0.7662230219412751,LOW,SYNTHETIC_UNCALIBRATED_OOF_RANK_PLUS_GRAPH,SYSTEM_DEMO,Demo-only band from uncalibrated ranking evidence; recorded after all inputs were available,2026-07-08T18:33:36+00:00
U0000821,2026-01-07T02:26:32+00:00,WEB,L2,45,35-49,SELF_EMPLOYED,TR,N/A,N/A,NONE,BASELINE,0,1453.912047,1290.229422,1452.291911,1.6201360000000022,1,1,0.05489069044747446,0.11701552974492824,MEDIUM,SYNTHETIC_UNCALIBRATED_OOF_RANK_PLUS_GRAPH,SYSTEM_DEMO,Demo-only band from uncalibrated ranking evidence; recorded after all inputs were available,2026-07-08T18:33:36+00:00
U0000822,2026-02-10T09:31:13+00:00,IOS,L2,49,35-49,SELF_EMPLOYED,TR,N/A,N/A,NONE,BASELINE,0,5611.966501,4763.320049,6715.316701,-1103.3501999999999,1,1,0.1402801444385986,0.34264384176476365,MEDIUM,SYNTHETIC_UNCALIBRATED_OOF_RANK_PLUS_GRAPH,SYSTEM_DEMO,Demo-only band from uncalibrated ranking evidence; recorded after all inputs were available,2026-07-08T18:33:36+00:00
U0000823,2026-03-24T18:17:21+00:00,ANDROID,L2,33,25-34,SALARIED,TR,N/A,N/A,NONE,BASELINE,0,4504.48029,1019.70548,3848.1848710000004,656.295419,2,2,0.48396843241318865,1.1154407812540967,LOW,SYNTHETIC_UNCALIBRATED_OOF_RANK_PLUS_GRAPH,SYSTEM_DEMO,Demo-only band from uncalibrated ranking evidence; recorded after all inputs were available,2026-07-08T18:33:36+00:00
U0000824,2026-02-18T11:34:20+00:00,IOS,L2,33,25-34,SELF_EMPLOYED,TR,N/A,N/A,NONE,BASELINE,0,1150.040077,818.322556,638.451589,511.5884880000001,1,2,0.24386038415703543,0.588751377465824,LOW,SYNTHETIC_UNCALIBRATED_OOF_RANK_PLUS_GRAPH,SYSTEM_DEMO,Demo-only band from uncalibrated ranking evidence; recorded after all inputs were available,2026-07-08T18:33:36+00:00
U0000825,2026-02-07T02:20:47+00:00,ANDROID,L2,57,50+,SALARIED,TR,N/A,N/A,REVIEW_ONLY,SYNTHETIC_GRAPH_SIGNAL,0,10954.295694,2787.732486,7320.265158,3634.030536,3,2,0.47583207751584383,1.163201424974855,MEDIUM,SYNTHETIC_UNCALIBRATED_OOF_RANK_PLUS_GRAPH,SYSTEM_DEMO,Demo-only band from uncalibrated ranking evidence; recorded after all inputs were available,2026-07-08T18:33:36+00:00
U0000826,2026-01-23T12:44:07+00:00,IOS,L1,50,50+,SELF_EMPLOYED,TR,N/A,BD_01,NONE,BASELINE,0,3491.5633470000002,4391.131428000001,1419.2354520000001,2072.3278950000004,2,3,0.40132380503654286,0.958477188113185,LOW,SYNTHETIC_UNCALIBRATED_OOF_RANK_PLUS_GRAPH,SYSTEM_DEMO,Demo-only band from uncalibrated ranking evidence; recorded after all inputs were available,2026-07-08T18:33:36+00:00
U0000827,2026-01-25T09:02:16+00:00,IOS,L2,38,35-49,SALARIED,TR,N/A,N/A,NONE,BASELINE,0,7997.471834,2883.581232,6914.482144,1082.9896900000003,2,1,0.37093448277473107,0.8621079177983317,LOW,SYNTHETIC_UNCALIBRATED_OOF_RANK_PLUS_GRAPH,SYSTEM_DEMO,Demo-only band from uncalibrated ranking evidence; recorded after all inputs were available,2026-07-08T18:33:36+00:00
U0000828,2026-04-02T04:11:38+00:00,WEB,L2,48,35-49,OTHER,NL,N/A,N/A,NONE,BASELINE,0,1259.503639,239.437646,1102.707495,156.7961439999999,2,2,0.5171697866759547,1.1762533061822433,LOW,SYNTHETIC_UNCALIBRATED_OOF_RANK_PLUS_GRAPH,SYSTEM_DEMO,Demo-only band from uncalibrated ranking evidence; recorded after all inputs were available,2026-07-08T18:33:36+00:00
U0000829,2026-01-10T10:51:52+00:00,H5,L2,23,18-24,SALARIED,TR,KA_00,N/A,NONE,BASELINE,0,641.958305,584.218244,345.294219,296.664086,2,2,0.24516128023354047,0.5663435019747054,LOW,SYNTHETIC_UNCALIBRATED_OOF_RANK_PLUS_GRAPH,SYSTEM_DEMO,Demo-only band from uncalibrated ranking evidence; recorded after all inputs were available,2026-07-08T18:33:36+00:00
U0000830,2026-04-27T18:08:40+00:00,WEB,L2,52,50+,SALARIED,GB,N/A,N/A,NONE,BASELINE,0,1681.062445,2426.512414,691.68425,989.378195,1,2,0.4441751076966073,1.0844349875254877,LOW,SYNTHETIC_UNCALIBRATED_OOF_RANK_PLUS_GRAPH,SYSTEM_DEMO,Demo-only band from uncalibrated ranking evidence; recorded after all inputs were available,2026-07-08T18:33:36+00:00
U0000831,2026-04-21T04:08:09+00:00,IOS,L2,35,35-49,SALARIED,TR,N/A,N/A,NONE,BASELINE,0,6097.04144,5074.083807,5062.401158,1034.6402820000003,3,2,0.08963005056374926,0.19120434886187013,LOW,SYNTHETIC_UNCALIBRATED_OOF_RANK_PLUS_GRAPH,SYSTEM_DEMO,Demo-only band from uncalibrated ranking evidence; recorded after all inputs were available,2026-07-08T18:33:36+00:00
U0000832,2026-03-14T15:41:47+00:00,WEB,L2,60,50+,STUDENT,TR,N/A,N/A,NONE,BASELINE,0,8480.810347,10524.69478,1891.186368,6589.623979000001,3,2,0.5288688702557428,1.239455788596835,LOW,SYNTHETIC_UNCALIBRATED_OOF_RANK_PLUS_GRAPH,SYSTEM_DEMO,Demo-only band from uncalibrated ranking evidence; recorded after all inputs were available,2026-07-08T18:33:36+00:00
U0000833,2026-01-28T06:22:01+00:00,ANDROID,L2,42,35-49,STUDENT,TR,N/A,N/A,NONE,SYNTHETIC_GRAPH_SIGNAL,0,3273.747866,2707.957123,2771.154533,502.59333300000026,1,1,0.08676208166140975,0.1939220233951791,MEDIUM,SYNTHETIC_UNCALIBRATED_OOF_RANK_PLUS_GRAPH,SYSTEM_DEMO,Demo-only band from uncalibrated ranking evidence; recorded after all inputs were available,2026-07-08T18:33:36+00:00
U0000834,2026-02-07T03:18:06+00:00,ANDROID,L2,55,50+,SALARIED,TR,N/A,N/A,NONE,SYNTHETIC_GRAPH_SIGNAL,0,23784.942382999998,28337.339581,2350.435329,21434.507053999998,1,1,0.6240257028809972,1.4311882467081982,LOW,SYNTHETIC_UNCALIBRATED_OOF_RANK_PLUS_GRAPH,SYSTEM_DEMO,Demo-only band from uncalibrated ranking evidence; recorded after all inputs were available,2026-07-08T18:33:36+00:00
U0000835,2026-01-26T22:32:18+00:00,H5,L2,36,35-49,SALARIED,TR,N/A,N/A,REVIEW_ONLY,BASELINE,0,1913.054538,1820.0005390000001,1388.1966869999999,524.8578510000002,2,1,0.13395068323141252,0.3074587279751632,LOW,SYNTHETIC_UNCALIBRATED_OOF_RANK_PLUS_GRAPH,SYSTEM_DEMO,Demo-only band from uncalibrated ranking evidence; recorded after all inputs were available,2026-07-08T18:33:36+00:00
U0000836,2026-01-27T12:27:54+00:00,WEB,L2,57,50+,SALARIED,TR,N/A,N/A,NONE,BASELINE,0,13767.062151999999,5873.731231,12994.167923,772.8942289999977,1,1,0.3265962116118082,0.7256019868069028,LOW,SYNTHETIC_UNCALIBRATED_OOF_RANK_PLUS_GRAPH,SYSTEM_DEMO,Demo-only band from uncalibrated ranking evidence; recorded after all inputs were available,2026-07-08T18:33:36+00:00
U0000837,2026-01-10T23:24:19+00:00,WEB,L2,26,25-34,SELF_EMPLOYED,TR,N/A,BD_04,NONE,BASELINE,0,8031.522991999999,4354.448855,3311.056945,4720.466047,1,1,0.38694625682419115,0.9021706164046386,LOW,SYNTHETIC_UNCALIBRATED_OOF_RANK_PLUS_GRAPH,SYSTEM_DEMO,Demo-only band from uncalibrated ranking evidence; recorded after all inputs were available,2026-07-08T18:33:36+00:00
U0000838,2026-01-05T02:16:48+00:00,ANDROID,L2,24,18-24,SELF_EMPLOYED,TR,KA_09,N/A,NONE,BASELINE,0,4723.87513,2690.390868,3020.749506,1703.1256240000002,2,3,0.2561550433624404,0.584613677254389,MEDIUM,SYNTHETIC_UNCALIBRATED_OOF_RANK_PLUS_GRAPH,SYSTEM_DEMO,Demo-only band from uncalibrated ranking evidence; recorded after all inputs were available,2026-07-08T18:33:36+00:00
U0000839,2026-02-03T07:51:37+00:00,IOS,L2,60,50+,SALARIED,GB,N/A,N/A,NONE,BASELINE,0,2740.7130060000004,2257.260351,375.766436,2364.9465700000005,2,1,0.569530637707266,1.320279727582262,LOW,SYNTHETIC_UNCALIBRATED_OOF_RANK_PLUS_GRAPH,SYSTEM_DEMO,Demo-only band from uncalibrated ranking evidence; recorded after all inputs were available,2026-07-08T18:33:36+00:00
U0000840,2026-02-09T13:22:25+00:00,WEB,L2,55,50+,SELF_EMPLOYED,GB,N/A,N/A,NONE,BASELINE,0,2136.058794,1467.917196,1542.4405510000001,593.6182429999999,3,2,0.17426793124928974,0.38947970457333403,MEDIUM,SYNTHETIC_UNCALIBRATED_OOF_RANK_PLUS_GRAPH,SYSTEM_DEMO,Demo-only band from uncalibrated ranking evidence; recorded after all inputs were available,2026-07-08T18:33:36+00:00
U0000841,2026-01-16T11:43:19+00:00,IOS,L2,34,25-34,SALARIED,TR,N/A,N/A,NONE,BASELINE,0,992.668274,700.838423,35.936941,956.731333,1,2,0.6944893182744319,1.659605399063025,LOW,SYNTHETIC_UNCALIBRATED_OOF_RANK_PLUS_GRAPH,SYSTEM_DEMO,Demo-only band from uncalibrated ranking evidence; recorded after all inputs were available,2026-07-08T18:33:36+00:00
U0000842,2026-01-15T04:51:40+00:00,IOS,L2,51,50+,SALARIED,DE,N/A,N/A,NONE,BASELINE,0,3308.2662950000004,3367.050999,2415.66777,892.5985250000003,1,2,0.1436453991676604,0.31395384184518554,LOW,SYNTHETIC_UNCALIBRATED_OOF_RANK_PLUS_GRAPH,SYSTEM_DEMO,Demo-only band from uncalibrated ranking evidence; recorded after all inputs were available,2026-07-08T18:33:36+00:00
U0000843,2026-03-19T09:34:00+00:00,IOS,L2,49,35-49,SALARIED,TR,N/A,N/A,NONE,BASELINE,0,10235.800048000001,3425.885285,2282.792567,7953.007481000001,1,2,0.6605686790705398,1.496381543041933,LOW,SYNTHETIC_UNCALIBRATED_OOF_RANK_PLUS_GRAPH,SYSTEM_DEMO,Demo-only band from uncalibrated ranking evidence; recorded after all inputs were available,2026-07-08T18:33:36+00:00
U0000844,2026-01-05T04:35:26+00:00,ANDROID,L2,28,25-34,SELF_EMPLOYED,AE,N/A,N/A,NONE,BASELINE,0,15730.237147,16372.972853,475.041294,15255.195853,1,2,0.6766062411743448,1.463976511402988,MEDIUM,SYNTHETIC_UNCALIBRATED_OOF_RANK_PLUS_GRAPH,SYSTEM_DEMO,Demo-only band from uncalibrated ranking evidence; recorded after all inputs were available,2026-07-08T18:33:36+00:00
U0000845,2026-02-22T13:24:00+00:00,ANDROID,L2,32,25-34,SALARIED,TR,N/A,N/A,REVIEW_ONLY,BASELINE,0,1686.5824819999998,542.465164,292.694363,1393.8881189999997,1,1,0.7219317978932159,1.6582443176485937,MEDIUM,MANUAL_REVIEW_SYNTHETIC,REVIEWER_DEMO,Synthetic documented override; T+1 must not overwrite,2026-07-08T19:33:36+00:00
U0000846,2026-04-03T20:29:45+00:00,IOS,L1,53,50+,STUDENT,TR,N/A,N/A,NONE,BASELINE,0,1967.210001,1776.706042,1262.7791379999999,704.430863,1,1,0.17827016484658634,0.4220933195653239,LOW,SYNTHETIC_UNCALIBRATED_OOF_RANK_PLUS_GRAPH,SYSTEM_DEMO,Demo-only band from uncalibrated ranking evidence; recorded after all inputs were available,2026-07-08T18:33:36+00:00
U0000847,2026-02-22T15:51:51+00:00,ANDROID,L1,24,18-24,SELF_EMPLOYED,TR,KA_06,N/A,NONE,BASELINE,0,2668.054584,1609.160565,1746.917727,921.136857,2,2,0.23409546925263128,0.5273260272288856,LOW,SYNTHETIC_UNCALIBRATED_OOF_RANK_PLUS_GRAPH,SYSTEM_DEMO,Demo-only band from uncalibrated ranking evidence; recorded after all inputs were available,2026-07-08T18:33:36+00:00
U0000848,2026-03-09T09:31:22+00:00,IOS,L2,40,35-49,RETIRED,TR,N/A,BD_07,NONE,BASELINE,0,5348.376625,7249.404235,1453.131234,3895.245391,1,1,0.5151020173111166,1.2375580237545825,LOW,SYNTHETIC_UNCALIBRATED_OOF_RANK_PLUS_GRAPH,SYSTEM_DEMO,Demo-only band from uncalibrated ranking evidence; recorded after all inputs were available,2026-07-08T18:33:36+00:00
U0000849,2026-04-07T14:06:21+00:00,H5,L2,71,50+,STUDENT,TR,N/A,N/A,NONE,BASELINE,0,2064.112649,1909.7151330000002,814.87224,1249.240409,1,2,0.34837615664967897,0.7826176644564101,LOW,SYNTHETIC_UNCALIBRATED_OOF_RANK_PLUS_GRAPH,SYSTEM_DEMO,Demo-only band from uncalibrated ranking evidence; recorded after all inputs were available,2026-07-08T18:33:36+00:00
U0000850,2026-01-30T13:32:44+00:00,IOS,L2,53,50+,SELF_EMPLOYED,TR,N/A,N/A,NONE,BASELINE,0,2112.052943,579.357247,1630.6657460000001,481.387197,3,3,0.44421526461152855,1.0638607826625655,MEDIUM,SYNTHETIC_UNCALIBRATED_OOF_RANK_PLUS_GRAPH,SYSTEM_DEMO,Demo-only band from uncalibrated ranking evidence; recorded after all inputs were available,2026-07-08T18:33:36+00:00
U0000851,2026-03-13T03:46:14+00:00,ANDROID,L2,70,50+,SALARIED,TR,N/A,N/A,NONE,BASELINE,0,1812.624043,3216.578481,2546.386756,-733.7627129999998,2,2,0.22705474164923065,0.555978308528363,MEDIUM,SYNTHETIC_UNCALIBRATED_OOF_RANK_PLUS_GRAPH,SYSTEM_DEMO,Demo-only band from uncalibrated ranking evidence; recorded after all inputs were available,2026-07-08T18:33:36+00:00
U0000852,2026-04-21T20:13:34+00:00,IOS,L2,51,50+,STUDENT,TR,N/A,N/A,NONE,BASELINE,0,12100.161094,2861.175477,973.687803,11126.473290999998,1,1,0.915274368046075,2.0947203524497096,LOW,SYNTHETIC_UNCALIBRATED_OOF_RANK_PLUS_GRAPH,SYSTEM_DEMO,Demo-only band from uncalibrated ranking evidence; recorded after all inputs were available,2026-07-08T18:33:36+00:00
U0000853,2026-02-02T12:26:06+00:00,IOS,L2,33,25-34,SALARIED,TR,N/A,N/A,NONE,BASELINE,0,3691.141717,2408.386234,1589.309367,2101.8323499999997,1,2,0.33750283431601213,0.8200845965668278,LOW,SYNTHETIC_UNCALIBRATED_OOF_RANK_PLUS_GRAPH,SYSTEM_DEMO,Demo-only band from uncalibrated ranking evidence; recorded after all inputs were available,2026-07-08T18:33:36+00:00
U0000854,2026-04-27T04:24:32+00:00,ANDROID,L2,37,35-49,SALARIED,TR,N/A,N/A,NONE,BASELINE,0,12314.777685000001,14084.876485,2926.224859,9388.552826000001,3,2,0.5009199423350308,1.1415158210567546,LOW,SYNTHETIC_UNCALIBRATED_OOF_RANK_PLUS_GRAPH,SYSTEM_DEMO,Demo-only band from uncalibrated ranking evidence; recorded after all inputs were available,2026-07-08T18:33:36+00:00
U0000855,2026-03-25T09:43:31+00:00,ANDROID,L1,56,50+,SELF_EMPLOYED,TR,N/A,N/A,NONE,BASELINE,0,5905.791916,3734.530029,4307.364294999999,1598.4276210000007,2,1,0.19762088788426782,0.467015499841069,MEDIUM,SYNTHETIC_UNCALIBRATED_OOF_RANK_PLUS_GRAPH,SYSTEM_DEMO,Demo-only band from uncalibrated ranking evidence; recorded after all inputs were available,2026-07-08T18:33:36+00:00
U0000856,2026-04-11T11:22:07+00:00,ANDROID,L2,44,35-49,SELF_EMPLOYED,TR,KA_03,N/A,NONE,BASELINE,0,1725.930157,1774.785308,476.541497,1249.38866,2,1,0.45318712136539285,0.9792506418900072,MEDIUM,SYNTHETIC_UNCALIBRATED_OOF_RANK_PLUS_GRAPH,SYSTEM_DEMO,Demo-only band from uncalibrated ranking evidence; recorded after all inputs were available,2026-07-08T18:33:36+00:00
U0000857,2026-02-24T10:18:28+00:00,H5,L1,66,50+,STUDENT,TR,N/A,N/A,REVIEW_ONLY,SYNTHETIC_GRAPH_SIGNAL,0,1565.650954,882.069387,394.76314,1170.887814,2,3,0.5068593004703347,1.2357726845132717,LOW,SYNTHETIC_UNCALIBRATED_OOF_RANK_PLUS_GRAPH,SYSTEM_DEMO,Demo-only band from uncalibrated ranking evidence; recorded after all inputs were available,2026-07-08T18:33:36+00:00
U0000858,2026-01-18T12:10:59+00:00,IOS,L2,54,50+,RETIRED,TR,N/A,N/A,NONE,BASELINE,0,4466.1747319999995,4050.679756,225.348133,4240.826598999999,2,1,0.6550169590460906,1.4552945463010447,LOW,SYNTHETIC_UNCALIBRATED_OOF_RANK_PLUS_GRAPH,SYSTEM_DEMO,Demo-only band from uncalibrated ranking evidence; recorded after all inputs were available,2026-07-08T18:33:36+00:00
U0000859,2026-03-19T18:33:10+00:00,ANDROID,L1,45,35-49,SALARIED,TR,N/A,BD_02,REVIEW_ONLY,BASELINE,0,1956.231927,1500.795468,896.945296,1059.286631,1,3,0.2989438758265098,0.7298759359627779,LOW,SYNTHETIC_UNCALIBRATED_OOF_RANK_PLUS_GRAPH,SYSTEM_DEMO,Demo-only band from uncalibrated ranking evidence; recorded after all inputs were available,2026-07-08T18:33:36+00:00
U0000860,2026-03-28T16:39:26+00:00,WEB,L2,51,50+,SELF_EMPLOYED,DE,N/A,N/A,NONE,BASELINE,0,4177.268526,11739.779168,5142.530504,-965.2619780000005,2,2,0.478737655116818,1.0773022950742006,MEDIUM,SYNTHETIC_UNCALIBRATED_OOF_RANK_PLUS_GRAPH,SYSTEM_DEMO,Demo-only band from uncalibrated ranking evidence; recorded after all inputs were available,2026-07-08T18:33:36+00:00
U0000861,2026-01-23T04:59:43+00:00,IOS,L2,70,50+,OTHER,TR,N/A,N/A,NONE,BASELINE,0,2568.446918,613.899462,478.777452,2089.6694660000003,2,2,0.7824039226334658,1.7123180437672783,LOW,SYNTHETIC_UNCALIBRATED_OOF_RANK_PLUS_GRAPH,SYSTEM_DEMO,Demo-only band from uncalibrated ranking evidence; recorded after all inputs were available,2026-07-08T18:33:36+00:00
U0000862,2026-01-23T08:30:45+00:00,H5,L1,30,25-34,SALARIED,TR,N/A,N/A,NONE,BASELINE,0,4372.409991,1647.228086,642.700953,3729.7090380000004,1,2,0.7095406084901882,1.679459280534392,LOW,SYNTHETIC_UNCALIBRATED_OOF_RANK_PLUS_GRAPH,SYSTEM_DEMO,Demo-only band from uncalibrated ranking evidence; recorded after all inputs were available,2026-07-08T18:33:36+00:00
U0000863,2026-04-25T19:52:03+00:00,IOS,L2,60,50+,STUDENT,TR,N/A,N/A,NONE,BASELINE,0,14391.748510000001,4420.499828,5290.990367,9100.758143000001,1,2,0.5612532485729022,1.2410674935478552,LOW,SYNTHETIC_UNCALIBRATED_OOF_RANK_PLUS_GRAPH,SYSTEM_DEMO,Demo-only band from uncalibrated ranking evidence; recorded after all inputs were available,2026-07-08T18:33:36+00:00
U0000864,2026-01-01T06:22:14+00:00,ANDROID,L2,38,35-49,SELF_EMPLOYED,DE,N/A,N/A,NONE,BASELINE,0,1481.350954,2637.439516,2512.7497869999997,-1031.3988329999997,2,1,0.23438107175518905,0.5229954960069844,LOW,SYNTHETIC_UNCALIBRATED_OOF_RANK_PLUS_GRAPH,SYSTEM_DEMO,Demo-only band from uncalibrated ranking evidence; recorded after all inputs were available,2026-07-08T18:33:36+00:00
U0000865,2026-02-06T11:43:34+00:00,WEB,L1,45,35-49,STUDENT,TR,KA_00,N/A,NONE,BASELINE,0,3624.930386,2228.776911,671.931427,2952.998959,1,1,0.5544981827410055,1.357567780211058,LOW,SYNTHETIC_UNCALIBRATED_OOF_RANK_PLUS_GRAPH,SYSTEM_DEMO,Demo-only band from uncalibrated ranking evidence; recorded after all inputs were available,2026-07-08T18:33:36+00:00
U0000866,2026-02-26T20:29:04+00:00,ANDROID,L1,70,50+,SELF_EMPLOYED,GB,N/A,N/A,NONE,BASELINE,0,1045.721497,1278.010427,175.164045,870.557452,2,1,0.5698969760568545,1.3240003533736542,LOW,SYNTHETIC_UNCALIBRATED_OOF_RANK_PLUS_GRAPH,SYSTEM_DEMO,Demo-only band from uncalibrated ranking evidence; recorded after all inputs were available,2026-07-08T18:33:36+00:00
U0000867,2026-04-30T00:11:45+00:00,IOS,L1,61,50+,SALARIED,TR,N/A,N/A,NONE,BASELINE,0,6137.935796,5728.675508,3496.520011,2641.4157849999997,1,3,0.22667235077397893,0.5157963694070006,LOW,SYNTHETIC_UNCALIBRATED_OOF_RANK_PLUS_GRAPH,SYSTEM_DEMO,Demo-only band from uncalibrated ranking evidence; recorded after all inputs were available,2026-07-08T18:33:36+00:00
U0000868,2026-02-24T22:27:29+00:00,ANDROID,L2,40,35-49,SELF_EMPLOYED,TR,N/A,N/A,NONE,BASELINE,0,1546.4928260000002,3003.358629,1234.954584,311.5382420000001,1,2,0.3997208699488121,0.9170942118427696,LOW,SYNTHETIC_UNCALIBRATED_OOF_RANK_PLUS_GRAPH,SYSTEM_DEMO,Demo-only band from uncalibrated ranking evidence; recorded after all inputs were available,2026-07-08T18:33:36+00:00
U0000869,2026-03-19T12:17:14+00:00,ANDROID,L2,43,35-49,OTHER,TR,N/A,N/A,NONE,BASELINE,0,2775.489184,2013.742021,1365.2573670000002,1410.2318169999999,2,2,0.28093805285565,0.6874162493773495,LOW,SYNTHETIC_UNCALIBRATED_OOF_RANK_PLUS_GRAPH,SYSTEM_DEMO,Demo-only band from uncalibrated ranking evidence; recorded after all inputs were available,2026-07-08T18:33:36+00:00
U0000870,2026-04-11T23:59:18+00:00,ANDROID,L2,28,25-34,OTHER,TR,N/A,BD_05,NONE,BASELINE,0,2071.548361,872.06577,343.065141,1728.48322,1,1,0.660055377494782,1.577716969275364,LOW,SYNTHETIC_UNCALIBRATED_OOF_RANK_PLUS_GRAPH,SYSTEM_DEMO,Demo-only band from uncalibrated ranking evidence; recorded after all inputs were available,2026-07-08T18:33:36+00:00
U0000871,2026-03-28T18:03:16+00:00,WEB,L2,69,50+,SALARIED,TR,N/A,N/A,NONE,BASELINE,0,31338.432407,22349.761592,1515.590802,29822.841605,2,1,0.678820619051229,1.620695485599736,LOW,SYNTHETIC_UNCALIBRATED_OOF_RANK_PLUS_GRAPH,SYSTEM_DEMO,Demo-only band from uncalibrated ranking evidence; recorded after all inputs were available,2026-07-08T18:33:36+00:00
U0000872,2026-04-15T06:16:13+00:00,ANDROID,L2,43,35-49,OTHER,TR,N/A,N/A,NONE,BASELINE,0,6235.374695,3524.9311000000002,265.987672,5969.387023,3,1,0.7302056958985662,1.7861197787539287,LOW,SYNTHETIC_UNCALIBRATED_OOF_RANK_PLUS_GRAPH,SYSTEM_DEMO,Demo-only band from uncalibrated ranking evidence; recorded after all inputs were available,2026-07-08T18:33:36+00:00
U0000873,2026-02-24T19:56:15+00:00,WEB,L2,53,50+,SELF_EMPLOYED,TR,N/A,N/A,NONE,BASELINE,0,2461.932549,956.8567889999999,845.154689,1616.7778600000001,3,2,0.5187026406171503,1.1375228073555574,LOW,SYNTHETIC_UNCALIBRATED_OOF_RANK_PLUS_GRAPH,SYSTEM_DEMO,Demo-only band from uncalibrated ranking evidence; recorded after all inputs were available,2026-07-08T18:33:36+00:00
U0000874,2026-02-12T08:57:53+00:00,ANDROID,L2,27,25-34,SELF_EMPLOYED,TR,KA_09,N/A,NONE,BASELINE,0,4627.2538970000005,1416.784821,1486.649895,3140.6040020000005,3,2,0.5964530165025718,1.2789543855755228,LOW,SYNTHETIC_UNCALIBRATED_OOF_RANK_PLUS_GRAPH,SYSTEM_DEMO,Demo-only band from uncalibrated ranking evidence; recorded after all inputs were available,2026-07-08T18:33:36+00:00
U0000875,2026-01-29T12:57:35+00:00,ANDROID,L2,30,25-34,SALARIED,TR,N/A,N/A,NONE,BASELINE,0,6279.23212,4872.784137,3499.7537820000002,2779.4783379999994,3,1,0.23234283929449312,0.5691076908663457,MEDIUM,SYNTHETIC_UNCALIBRATED_OOF_RANK_PLUS_GRAPH,SYSTEM_DEMO,Demo-only band from uncalibrated ranking evidence; recorded after all inputs were available,2026-07-08T18:33:36+00:00
U0000876,2026-02-07T20:59:08+00:00,WEB,L2,50,50+,RETIRED,TR,N/A,N/A,NONE,BASELINE,0,2737.366074,4850.671955,1141.063469,1596.302605,1,3,0.5221623570737891,1.2749107637882113,LOW,SYNTHETIC_UNCALIBRATED_OOF_RANK_PLUS_GRAPH,SYSTEM_DEMO,Demo-only band from uncalibrated ranking evidence; recorded after all inputs were available,2026-07-08T18:33:36+00:00
U0000877,2026-04-21T11:08:03+00:00,ANDROID,L2,54,50+,SELF_EMPLOYED,GB,N/A,N/A,NONE,BASELINE,0,7481.064563,5667.91269,4521.72674,2959.337823,2,2,0.20683888359937352,0.5024142486070107,MEDIUM,SYNTHETIC_UNCALIBRATED_OOF_RANK_PLUS_GRAPH,SYSTEM_DEMO,Demo-only band from uncalibrated ranking evidence; recorded after all inputs were available,2026-07-08T18:33:36+00:00
U0000878,2026-03-02T15:13:10+00:00,WEB,L2,68,50+,SELF_EMPLOYED,DE,N/A,N/A,NONE,BASELINE,0,8929.749287,12747.955991,1983.598052,6946.151235,1,2,0.5649663029126128,1.3648053687750936,LOW,SYNTHETIC_UNCALIBRATED_OOF_RANK_PLUS_GRAPH,SYSTEM_DEMO,Demo-only band from uncalibrated ranking evidence; recorded after all inputs were available,2026-07-08T18:33:36+00:00
U0000879,2026-02-01T17:05:16+00:00,ANDROID,L2,53,50+,STUDENT,TR,N/A,N/A,NONE,BASELINE,0,2267.684621,2231.741744,1765.124697,502.5599239999999,1,2,0.10962062269887432,0.24066844648220698,LOW,SYNTHETIC_UNCALIBRATED_OOF_RANK_PLUS_GRAPH,SYSTEM_DEMO,Demo-only band from uncalibrated ranking evidence; recorded after all inputs were available,2026-07-08T18:33:36+00:00
U0000880,2026-04-24T06:46:16+00:00,IOS,L2,50,50+,RETIRED,GB,N/A,N/A,REVIEW_ONLY,BASELINE,0,7504.631257999999,3024.68705,2337.061486,5167.569771999999,3,2,0.534230259304547,1.2049006452638216,LOW,SYNTHETIC_UNCALIBRATED_OOF_RANK_PLUS_GRAPH,SYSTEM_DEMO,Demo-only band from uncalibrated ranking evidence; recorded after all inputs were available,2026-07-08T18:33:36+00:00
U0000881,2026-03-09T14:32:41+00:00,IOS,L2,31,25-34,RETIRED,TR,N/A,BD_00,NONE,BASELINE,0,1920.5195290000001,3626.939068,2686.66498,-766.1454509999999,1,1,0.2542532218745909,0.6217126290525188,LOW,SYNTHETIC_UNCALIBRATED_OOF_RANK_PLUS_GRAPH,SYSTEM_DEMO,Demo-only band from uncalibrated ranking evidence; recorded after all inputs were available,2026-07-08T18:33:36+00:00
U0000882,2026-02-09T11:42:20+00:00,IOS,L2,50,50+,SELF_EMPLOYED,TR,N/A,N/A,NONE,BASELINE,0,3448.281363,4111.756494,617.417615,2830.863748,3,3,0.5558954745164079,1.2819411457383476,LOW,SYNTHETIC_UNCALIBRATED_OOF_RANK_PLUS_GRAPH,SYSTEM_DEMO,Demo-only band from uncalibrated ranking evidence; recorded after all inputs were available,2026-07-08T18:33:36+00:00
U0000883,2026-02-12T07:22:33+00:00,ANDROID,L2,29,25-34,SALARIED,TR,KA_06,N/A,NONE,BASELINE,0,892.461454,1134.3831129999999,594.529149,297.93230500000004,3,1,0.2526799254671835,0.6178294541196963,LOW,SYNTHETIC_UNCALIBRATED_OOF_RANK_PLUS_GRAPH,SYSTEM_DEMO,Demo-only band from uncalibrated ranking evidence; recorded after all inputs were available,2026-07-08T18:33:36+00:00
U0000884,2026-01-27T11:20:58+00:00,ANDROID,L2,46,35-49,STUDENT,TR,N/A,N/A,NONE,BASELINE,0,2461.063242,1966.95939,990.932738,1470.1305040000002,1,1,0.33816451004603315,0.8138822357564462,LOW,SYNTHETIC_UNCALIBRATED_OOF_RANK_PLUS_GRAPH,SYSTEM_DEMO,Demo-only band from uncalibrated ranking evidence; recorded after all inputs were available,2026-07-08T18:33:36+00:00
U0000885,2026-03-14T03:25:55+00:00,ANDROID,L1,45,35-49,SALARIED,TR,N/A,N/A,NONE,BASELINE,0,3504.239508,2800.75227,5446.088568,-1941.84906,3,3,0.2856001472865266,0.6753429182961355,LOW,SYNTHETIC_UNCALIBRATED_OOF_RANK_PLUS_GRAPH,SYSTEM_DEMO,Demo-only band from uncalibrated ranking evidence; recorded after all inputs were available,2026-07-08T18:33:36+00:00
U0000886,2026-03-08T20:08:44+00:00,H5,L2,68,50+,SALARIED,TR,N/A,N/A,NONE,BASELINE,0,10490.306146,5551.259107,6168.321973,4321.984173000001,3,1,0.2968048698286808,0.6671416638106258,LOW,SYNTHETIC_UNCALIBRATED_OOF_RANK_PLUS_GRAPH,SYSTEM_DEMO,Demo-only band from uncalibrated ranking evidence; recorded after all inputs were available,2026-07-08T18:33:36+00:00
U0000887,2026-03-01T06:04:20+00:00,ANDROID,L2,19,18-24,STUDENT,TR,N/A,N/A,NONE,BASELINE,0,11065.928791,5823.248031,1322.604839,9743.323952,3,1,0.6558730091131579,1.6050034203185697,LOW,SYNTHETIC_UNCALIBRATED_OOF_RANK_PLUS_GRAPH,SYSTEM_DEMO,Demo-only band from uncalibrated ranking evidence; recorded after all inputs were available,2026-07-08T18:33:36+00:00
U0000888,2026-04-06T09:17:36+00:00,WEB,L2,67,50+,SELF_EMPLOYED,TR,N/A,N/A,NONE,BASELINE,0,2193.819595,2327.134471,570.775789,1623.043806,1,1,0.47040400445883956,1.034830243561694,LOW,SYNTHETIC_UNCALIBRATED_OOF_RANK_PLUS_GRAPH,SYSTEM_DEMO,Demo-only band from uncalibrated ranking evidence; recorded after all inputs were available,2026-07-08T18:33:36+00:00
U0000889,2026-01-22T23:57:40+00:00,ANDROID,L2,57,50+,OTHER,TR,N/A,N/A,NONE,BASELINE,0,5418.71712,7384.035642,1168.841926,4249.875194,2,2,0.5569551658431972,1.3345349306485692,LOW,SYNTHETIC_UNCALIBRATED_OOF_RANK_PLUS_GRAPH,SYSTEM_DEMO,Demo-only band from uncalibrated ranking evidence; recorded after all inputs were available,2026-07-08T18:33:36+00:00
U0000890,2026-01-23T08:43:13+00:00,ANDROID,L1,63,50+,SALARIED,TR,N/A,N/A,NONE,BASELINE,0,7100.30374,3908.703248,2685.0656360000003,4415.238104,1,1,0.40774722459961377,0.9672589503275881,LOW,SYNTHETIC_UNCALIBRATED_OOF_RANK_PLUS_GRAPH,SYSTEM_DEMO,Demo-only band from uncalibrated ranking evidence; recorded after all inputs were available,2026-07-08T18:33:36+00:00
U0000891,2026-01-21T03:42:59+00:00,IOS,L2,38,35-49,SELF_EMPLOYED,TR,N/A,N/A,NONE,BASELINE,0,3390.585152,4293.8469239999995,3428.2977739999997,-37.712621999999556,1,2,0.11262675916483976,0.24384515349304547,MEDIUM,SYNTHETIC_UNCALIBRATED_OOF_RANK_PLUS_GRAPH,SYSTEM_DEMO,Demo-only band from uncalibrated ranking evidence; recorded after all inputs were available,2026-07-08T18:33:36+00:00
U0000892,2026-04-12T12:11:15+00:00,WEB,L1,22,18-24,SALARIED,TR,KA_03,BD_03,NONE,BASELINE,0,10732.876538,10238.511698,3895.23684,6837.639698000001,1,1,0.375602228949213,0.8249176971666343,LOW,SYNTHETIC_UNCALIBRATED_OOF_RANK_PLUS_GRAPH,SYSTEM_DEMO,Demo-only band from uncalibrated ranking evidence; recorded after all inputs were available,2026-07-08T18:33:36+00:00
U0000893,2026-01-13T18:59:29+00:00,IOS,L2,39,35-49,SALARIED,TR,N/A,N/A,NONE,BASELINE,0,1800.987514,1439.656833,1108.574263,692.413251,1,2,0.19504636094826627,0.4776121734198134,LOW,SYNTHETIC_UNCALIBRATED_OOF_RANK_PLUS_GRAPH,SYSTEM_DEMO,Demo-only band from uncalibrated ranking evidence; recorded after all inputs were available,2026-07-08T18:33:36+00:00
U0000894,2026-01-20T12:28:00+00:00,ANDROID,L2,44,35-49,SALARIED,TR,N/A,N/A,NONE,BASELINE,0,908.786672,743.279259,421.35359700000004,487.4330749999999,1,3,0.29282096502878274,0.705259695518793,LOW,SYNTHETIC_UNCALIBRATED_OOF_RANK_PLUS_GRAPH,SYSTEM_DEMO,Demo-only band from uncalibrated ranking evidence; recorded after all inputs were available,2026-07-08T18:33:36+00:00
U0000895,2026-03-21T16:34:21+00:00,H5,L2,50,50+,RETIRED,TR,N/A,N/A,NONE,BASELINE,0,2015.6100069999998,625.833129,70.013056,1945.5969509999998,1,2,0.9053227605533545,2.1526406623205365,LOW,SYNTHETIC_UNCALIBRATED_OOF_RANK_PLUS_GRAPH,SYSTEM_DEMO,Demo-only band from uncalibrated ranking evidence; recorded after all inputs were available,2026-07-08T18:33:36+00:00
U0000896,2026-04-14T19:34:05+00:00,H5,L2,29,25-34,STUDENT,DE,N/A,N/A,NONE,BASELINE,0,8733.030154,4836.563236,2689.912394,6043.11776,2,3,0.46151390713665114,1.1150002663574192,LOW,SYNTHETIC_UNCALIBRATED_OOF_RANK_PLUS_GRAPH,SYSTEM_DEMO,Demo-only band from uncalibrated ranking evidence; recorded after all inputs were available,2026-07-08T18:33:36+00:00
U0000897,2026-03-14T21:10:45+00:00,IOS,L2,70,50+,SALARIED,TR,N/A,N/A,NONE,BASELINE,0,1600.2155400000001,809.001882,861.7054880000001,738.5100520000001,2,2,0.3312833326103267,0.7256792774734029,LOW,SYNTHETIC_UNCALIBRATED_OOF_RANK_PLUS_GRAPH,SYSTEM_DEMO,Demo-only band from uncalibrated ranking evidence; recorded after all inputs were available,2026-07-08T18:33:36+00:00
U0000898,2026-02-28T23:01:35+00:00,H5,L1,35,35-49,SALARIED,NL,N/A,N/A,NONE,BASELINE,0,5061.767376,7364.357242,1998.9816409999999,3062.785735,2,2,0.45706183549192875,1.1158411254653622,LOW,SYNTHETIC_UNCALIBRATED_OOF_RANK_PLUS_GRAPH,SYSTEM_DEMO,Demo-only band from uncalibrated ranking evidence; recorded after all inputs were available,2026-07-08T18:33:36+00:00
U0000899,2026-04-24T11:17:32+00:00,ANDROID,L1,61,50+,RETIRED,TR,N/A,N/A,NONE,BASELINE,0,15112.08005,11602.127593,6358.7891070000005,8753.290943,1,2,0.32625975195359946,0.7939973818368907,MEDIUM,SYNTHETIC_UNCALIBRATED_OOF_RANK_PLUS_GRAPH,SYSTEM_DEMO,Demo-only band from uncalibrated ranking evidence; recorded after all inputs were available,2026-07-08T18:33:36+00:00
U0000900,2026-04-14T08:18:11+00:00,WEB,L2,54,50+,SALARIED,TR,N/A,N/A,NONE,BASELINE,0,2374.00466,1150.978316,648.8548109999999,1725.1498490000001,1,1,0.5207416258369539,1.2399738109419727,LOW,SYNTHETIC_UNCALIBRATED_OOF_RANK_PLUS_GRAPH,SYSTEM_DEMO,Demo-only band from uncalibrated ranking evidence; recorded after all inputs were available,2026-07-08T18:33:36+00:00
U0000901,2026-02-18T02:30:45+00:00,IOS,L2,31,25-34,STUDENT,TR,KA_00,N/A,NONE,BASELINE,0,1501.688891,1013.237148,627.095462,874.593429,1,3,0.3416889554779092,0.835061213351003,LOW,SYNTHETIC_UNCALIBRATED_OOF_RANK_PLUS_GRAPH,SYSTEM_DEMO,Demo-only band from uncalibrated ranking evidence; recorded after all inputs were available,2026-07-08T18:33:36+00:00
U0000902,2026-01-22T22:39:14+00:00,IOS,L2,62,50+,RETIRED,TR,N/A,N/A,NONE,BASELINE,0,16237.062856,11596.543284,15270.217765,966.845091000001,2,1,0.13913128916819514,0.3229773475940987,MEDIUM,SYNTHETIC_UNCALIBRATED_OOF_RANK_PLUS_GRAPH,SYSTEM_DEMO,Demo-only band from uncalibrated ranking evidence; recorded after all inputs were available,2026-07-08T18:33:36+00:00
U0000903,2026-04-10T04:27:00+00:00,ANDROID,L2,62,50+,RETIRED,TR,N/A,BD_06,NONE,BASELINE,0,837.6758560000001,841.966005,295.028758,542.6470980000001,2,1,0.39017666449819816,0.8309293333340472,LOW,SYNTHETIC_UNCALIBRATED_OOF_RANK_PLUS_GRAPH,SYSTEM_DEMO,Demo-only band from uncalibrated ranking evidence; recorded after all inputs were available,2026-07-08T18:33:36+00:00
U0000904,2026-01-09T06:44:24+00:00,IOS,L2,56,50+,STUDENT,DE,N/A,N/A,REVIEW_ONLY,SYNTHETIC_GRAPH_SIGNAL,1,12015.400034,12125.661019,11743.904744,271.49529000000075,4,3,0.013411009115768072,0.03191500394562851,MEDIUM,SYNTHETIC_UNCALIBRATED_OOF_RANK_PLUS_GRAPH,SYSTEM_DEMO,Demo-only band from uncalibrated ranking evidence; recorded after all inputs were available,2026-07-08T18:33:36+00:00
U0000905,2026-01-17T05:59:27+00:00,WEB,L2,20,18-24,OTHER,TR,N/A,N/A,NONE,BASELINE,0,5403.428156,8308.933711,2216.270339,3187.157817,1,2,0.46862878090074617,1.1474927589272255,MEDIUM,SYNTHETIC_UNCALIBRATED_OOF_RANK_PLUS_GRAPH,SYSTEM_DEMO,Demo-only band from uncalibrated ranking evidence; recorded after all inputs were available,2026-07-08T18:33:36+00:00
U0000906,2026-01-11T04:04:55+00:00,ANDROID,L1,21,18-24,SELF_EMPLOYED,TR,N/A,N/A,NONE,BASELINE,0,1636.463628,1299.884493,1757.449229,-120.98560100000009,1,1,0.12373040735660455,0.2924485455257245,LOW,SYNTHETIC_UNCALIBRATED_OOF_RANK_PLUS_GRAPH,SYSTEM_DEMO,Demo-only band from uncalibrated ranking evidence; recorded after all inputs were available,2026-07-08T18:33:36+00:00
U0000907,2026-02-05T20:22:34+00:00,IOS,L2,35,35-49,SALARIED,TR,N/A,N/A,NONE,BASELINE,0,2847.521409,863.908426,394.306283,2453.215126,1,1,0.7768629297635284,1.7925276166031476,LOW,SYNTHETIC_UNCALIBRATED_OOF_RANK_PLUS_GRAPH,SYSTEM_DEMO,Demo-only band from uncalibrated ranking evidence; recorded after all inputs were available,2026-07-08T18:33:36+00:00
U0000908,2026-02-27T01:49:56+00:00,WEB,L1,27,25-34,SALARIED,TR,N/A,N/A,NONE,BASELINE,0,1825.088039,707.431703,1012.842943,812.245096,2,1,0.39910780254858236,0.945733710738821,LOW,SYNTHETIC_UNCALIBRATED_OOF_RANK_PLUS_GRAPH,SYSTEM_DEMO,Demo-only band from uncalibrated ranking evidence; recorded after all inputs were available,2026-07-08T18:33:36+00:00
U0000909,2026-04-08T00:30:39+00:00,ANDROID,L2,40,35-49,SELF_EMPLOYED,TR,N/A,N/A,NONE,BASELINE,0,2623.515073,2281.868395,1166.784111,1456.730962,3,2,0.307314561293375,0.7197088731730472,MEDIUM,SYNTHETIC_UNCALIBRATED_OOF_RANK_PLUS_GRAPH,SYSTEM_DEMO,Demo-only band from uncalibrated ranking evidence; recorded after all inputs were available,2026-07-08T18:33:36+00:00
U0000910,2026-03-19T09:00:43+00:00,IOS,L2,38,35-49,SALARIED,TR,KA_09,N/A,REVIEW_ONLY,SYNTHETIC_GRAPH_SIGNAL,0,1606.586903,4432.546943,6484.41155,-4877.8246469999995,2,3,0.4790268299905661,1.1684769351076816,LOW,SYNTHETIC_UNCALIBRATED_OOF_RANK_PLUS_GRAPH,SYSTEM_DEMO,Demo-only band from uncalibrated ranking evidence; recorded after all inputs were available,2026-07-08T18:33:36+00:00
U0000911,2026-04-11T13:46:38+00:00,IOS,L2,21,18-24,SALARIED,AE,N/A,N/A,NONE,BASELINE,0,6805.415517,4489.031176,7533.553455,-728.1379379999998,1,2,0.2068312300419504,0.4851055218400457,LOW,SYNTHETIC_UNCALIBRATED_OOF_RANK_PLUS_GRAPH,SYSTEM_DEMO,Demo-only band from uncalibrated ranking evidence; recorded after all inputs were available,2026-07-08T18:33:36+00:00
U0000912,2026-02-14T12:14:34+00:00,IOS,L2,31,25-34,RETIRED,TR,N/A,N/A,NONE,BASELINE,0,2897.39372,636.508862,1587.618236,1309.775484,1,1,0.5429241377606486,1.324343845320673,LOW,SYNTHETIC_UNCALIBRATED_OOF_RANK_PLUS_GRAPH,SYSTEM_DEMO,Demo-only band from uncalibrated ranking evidence; recorded after all inputs were available,2026-07-08T18:33:36+00:00
U0000913,2026-02-19T04:34:11+00:00,H5,L1,27,25-34,SELF_EMPLOYED,TR,N/A,N/A,NONE,BASELINE,0,8400.813902,7421.784799,7287.7772780000005,1113.0366239999994,2,1,0.06440356418342813,0.14448531149100255,MEDIUM,SYNTHETIC_UNCALIBRATED_OOF_RANK_PLUS_GRAPH,SYSTEM_DEMO,Demo-only band from uncalibrated ranking evidence; recorded after all inputs were available,2026-07-08T18:33:36+00:00
U0000914,2026-02-17T02:24:01+00:00,H5,L2,38,35-49,SELF_EMPLOYED,DE,N/A,BD_01,NONE,BASELINE,0,5228.64337,2464.445828,3077.0345660000003,2151.6088039999995,1,1,0.33017702737554167,0.7699626121028111,MEDIUM,SYNTHETIC_UNCALIBRATED_OOF_RANK_PLUS_GRAPH,SYSTEM_DEMO,Demo-only band from uncalibrated ranking evidence; recorded after all inputs were available,2026-07-08T18:33:36+00:00
U0000915,2026-01-09T00:44:11+00:00,IOS,L2,29,25-34,SALARIED,TR,N/A,N/A,NONE,BASELINE,0,979.005331,706.964833,609.9862889999999,369.019042,3,3,0.2040979308977005,0.4821768829950888,MEDIUM,SYNTHETIC_UNCALIBRATED_OOF_RANK_PLUS_GRAPH,SYSTEM_DEMO,Demo-only band from uncalibrated ranking evidence; recorded after all inputs were available,2026-07-08T18:33:36+00:00
U0000916,2026-03-25T15:47:43+00:00,IOS,L1,27,25-34,STUDENT,TR,N/A,N/A,NONE,BASELINE,0,5799.666438,1952.577215,1800.8539220000002,3998.812516,3,1,0.5810682238188789,1.25576415961605,LOW,SYNTHETIC_UNCALIBRATED_OOF_RANK_PLUS_GRAPH,SYSTEM_DEMO,Demo-only band from uncalibrated ranking evidence; recorded after all inputs were available,2026-07-08T18:33:36+00:00
U0000917,2026-03-28T00:08:35+00:00,ANDROID,L2,54,50+,SALARIED,TR,N/A,N/A,NONE,BASELINE,0,1478.217539,1043.598129,683.4453599999999,794.772179,2,1,0.3041300896400559,0.7438759327778531,LOW,SYNTHETIC_UNCALIBRATED_OOF_RANK_PLUS_GRAPH,SYSTEM_DEMO,Demo-only band from uncalibrated ranking evidence; recorded after all inputs were available,2026-07-08T18:33:36+00:00
U0000918,2026-01-07T15:42:42+00:00,ANDROID,L2,64,50+,SALARIED,TR,N/A,N/A,REVIEW_ONLY,BASELINE,1,10522.573258,9655.805352,7080.844855,3441.728403,3,2,0.16085870607164487,0.3787776721613959,MEDIUM,SYNTHETIC_UNCALIBRATED_OOF_RANK_PLUS_GRAPH,SYSTEM_DEMO,Demo-only band from uncalibrated ranking evidence; recorded after all inputs were available,2026-07-08T18:33:36+00:00
U0000919,2026-03-14T16:21:04+00:00,ANDROID,L1,64,50+,SALARIED,TR,KA_06,N/A,NONE,BASELINE,0,2655.012114,768.391616,1563.091882,1091.9202320000002,3,2,0.4652901046121899,1.1350378972317847,LOW,SYNTHETIC_UNCALIBRATED_OOF_RANK_PLUS_GRAPH,SYSTEM_DEMO,Demo-only band from uncalibrated ranking evidence; recorded after all inputs were available,2026-07-08T18:33:36+00:00
U0000920,2026-01-27T07:18:01+00:00,WEB,L2,19,18-24,OTHER,TR,N/A,N/A,NONE,BASELINE,0,3672.938233,2479.215141,455.25583,3217.682403,2,2,0.6030090529862044,1.4609428462756973,LOW,SYNTHETIC_UNCALIBRATED_OOF_RANK_PLUS_GRAPH,SYSTEM_DEMO,Demo-only band from uncalibrated ranking evidence; recorded after all inputs were available,2026-07-08T18:33:36+00:00
U0000921,2026-01-24T08:36:46+00:00,ANDROID,L2,67,50+,SALARIED,TR,N/A,N/A,REVIEW_ONLY,BASELINE,0,1517.988865,1155.778511,1333.785588,184.20327700000007,1,1,0.11070019866305353,0.27114577692702957,LOW,SYNTHETIC_UNCALIBRATED_OOF_RANK_PLUS_GRAPH,SYSTEM_DEMO,Demo-only band from uncalibrated ranking evidence; recorded after all inputs were available,2026-07-08T18:33:36+00:00
U0000922,2026-03-19T17:11:16+00:00,ANDROID,L2,61,50+,RETIRED,TR,N/A,N/A,NONE,BASELINE,0,11332.363007,14980.626443000001,1903.323092,9429.039915,1,2,0.5858223099920511,1.39039819588769,LOW,SYNTHETIC_UNCALIBRATED_OOF_RANK_PLUS_GRAPH,SYSTEM_DEMO,Demo-only band from uncalibrated ranking evidence; recorded after all inputs were available,2026-07-08T18:33:36+00:00
U0000923,2026-01-11T15:35:51+00:00,WEB,L2,28,25-34,OTHER,TR,N/A,N/A,NONE,BASELINE,0,5305.488905,6182.709083,2584.608723,2720.8801820000003,2,1,0.3265549452927683,0.767032568674637,LOW,SYNTHETIC_UNCALIBRATED_OOF_RANK_PLUS_GRAPH,SYSTEM_DEMO,Demo-only band from uncalibrated ranking evidence; recorded after all inputs were available,2026-07-08T18:33:36+00:00
U0000924,2026-01-18T14:49:59+00:00,ANDROID,L1,44,35-49,STUDENT,NL,N/A,N/A,NONE,BASELINE,0,2886.142468,3661.960894,2320.979008,565.1634600000002,3,1,0.18593825399119496,0.45359209557098745,LOW,SYNTHETIC_UNCALIBRATED_OOF_RANK_PLUS_GRAPH,SYSTEM_DEMO,Demo-only band from uncalibrated ranking evidence; recorded after all inputs were available,2026-07-08T18:33:36+00:00
U0000925,2026-01-15T06:29:24+00:00,ANDROID,L2,29,25-34,SALARIED,DE,N/A,BD_04,NONE,BASELINE,0,3739.9637079999998,2946.249195,2522.940907,1217.0228009999996,3,3,0.1643342489796041,0.3964607908964873,MEDIUM,SYNTHETIC_UNCALIBRATED_OOF_RANK_PLUS_GRAPH,SYSTEM_DEMO,Demo-only band from uncalibrated ranking evidence; recorded after all inputs were available,2026-07-08T18:33:36+00:00
U0000926,2026-01-24T18:38:31+00:00,ANDROID,L2,60,50+,SALARIED,NL,N/A,N/A,NONE,BASELINE,0,3050.23306,3243.524344,594.918284,2455.314776,1,2,0.5250316703324288,1.1534609175812311,LOW,SYNTHETIC_UNCALIBRATED_OOF_RANK_PLUS_GRAPH,SYSTEM_DEMO,Demo-only band from uncalibrated ranking evidence; recorded after all inputs were available,2026-07-08T18:33:36+00:00
U0000927,2026-04-10T04:08:00+00:00,ANDROID,L2,32,25-34,STUDENT,DE,N/A,N/A,NONE,BASELINE,0,1985.018008,2113.268022,1994.510925,-9.492917000000034,1,2,0.028730144277198486,0.06314834465052357,MEDIUM,SYNTHETIC_UNCALIBRATED_OOF_RANK_PLUS_GRAPH,SYSTEM_DEMO,Demo-only band from uncalibrated ranking evidence; recorded after all inputs were available,2026-07-08T18:33:36+00:00
U0000928,2026-01-19T17:34:32+00:00,WEB,L2,29,25-34,SALARIED,NL,KA_03,N/A,NONE,BASELINE,0,5295.082512999999,4890.570828,3941.5770860000002,1353.5054269999991,1,2,0.12046390249269673,0.2874247929898226,MEDIUM,SYNTHETIC_UNCALIBRATED_OOF_RANK_PLUS_GRAPH,SYSTEM_DEMO,Demo-only band from uncalibrated ranking evidence; recorded after all inputs were available,2026-07-08T18:33:36+00:00
U0000929,2026-01-05T13:55:45+00:00,WEB,L2,46,35-49,RETIRED,TR,N/A,N/A,NONE,BASELINE,0,3646.28791,7540.083670999999,1791.436571,1854.851339,2,2,0.5537705695907446,1.3288793529701115,LOW,SYNTHETIC_UNCALIBRATED_OOF_RANK_PLUS_GRAPH,SYSTEM_DEMO,Demo-only band from uncalibrated ranking evidence; recorded after all inputs were available,2026-07-08T18:33:36+00:00
U0000930,2026-03-19T05:34:47+00:00,H5,L2,33,25-34,SALARIED,TR,N/A,N/A,NONE,BASELINE,0,2092.354905,814.640413,1150.142206,942.2126990000002,2,1,0.3999409267883792,0.9447901268628526,MEDIUM,SYNTHETIC_UNCALIBRATED_OOF_RANK_PLUS_GRAPH,SYSTEM_DEMO,Demo-only band from uncalibrated ranking evidence; recorded after all inputs were available,2026-07-08T18:33:36+00:00
U0000931,2026-03-02T00:28:59+00:00,IOS,L2,37,35-49,SALARIED,TR,N/A,N/A,NONE,BASELINE,0,1845.156381,884.698172,661.737237,1183.419144,3,3,0.45416672889445364,1.04678205745981,MEDIUM,SYNTHETIC_UNCALIBRATED_OOF_RANK_PLUS_GRAPH,SYSTEM_DEMO,Demo-only band from uncalibrated ranking evidence; recorded after all inputs were available,2026-07-08T18:33:36+00:00
U0000932,2026-03-25T04:56:27+00:00,ANDROID,L2,69,50+,RETIRED,TR,N/A,N/A,NONE,BASELINE,0,1539.5021470000002,2393.807039,1246.516502,292.9856450000002,1,1,0.281886105400681,0.6644763392277303,LOW,SYNTHETIC_UNCALIBRATED_OOF_RANK_PLUS_GRAPH,SYSTEM_DEMO,Demo-only band from uncalibrated ranking evidence; recorded after all inputs were available,2026-07-08T18:33:36+00:00
U0000933,2026-02-24T01:50:46+00:00,ANDROID,L2,64,50+,STUDENT,TR,N/A,N/A,NONE,BASELINE,0,3851.615765,3743.251158,2682.87077,1168.744995,2,2,0.1539061749082861,0.3411485182568961,LOW,SYNTHETIC_UNCALIBRATED_OOF_RANK_PLUS_GRAPH,SYSTEM_DEMO,Demo-only band from uncalibrated ranking evidence; recorded after all inputs were available,2026-07-08T18:33:36+00:00
U0000934,2026-01-27T20:01:22+00:00,ANDROID,L1,25,25-34,STUDENT,TR,N/A,N/A,NONE,BASELINE,0,1452.190941,1981.426681,916.558457,535.6324840000001,1,2,0.2998038966612149,0.7343621531600996,LOW,SYNTHETIC_UNCALIBRATED_OOF_RANK_PLUS_GRAPH,SYSTEM_DEMO,Demo-only band from uncalibrated ranking evidence; recorded after all inputs were available,2026-07-08T18:33:36+00:00
U0000935,2026-04-21T21:48:31+00:00,H5,L2,32,25-34,RETIRED,TR,N/A,N/A,NONE,BASELINE,0,6980.096851,9292.208848,3661.4393840000002,3318.657467,1,3,0.34779648204256136,0.8474227156845797,MEDIUM,SYNTHETIC_UNCALIBRATED_OOF_RANK_PLUS_GRAPH,SYSTEM_DEMO,Demo-only band from uncalibrated ranking evidence; recorded after all inputs were available,2026-07-08T18:33:36+00:00
U0000936,2026-04-18T23:27:44+00:00,IOS,L1,37,35-49,STUDENT,TR,N/A,BD_07,NONE,BASELINE,0,3647.261832,2292.098448,2027.576143,1619.6856890000001,1,1,0.26714632037417974,0.6099028295207973,LOW,SYNTHETIC_UNCALIBRATED_OOF_RANK_PLUS_GRAPH,SYSTEM_DEMO,Demo-only band from uncalibrated ranking evidence; recorded after all inputs were available,2026-07-08T18:33:36+00:00
U0000937,2026-04-18T23:03:09+00:00,IOS,L2,44,35-49,SALARIED,TR,KA_00,N/A,NONE,BASELINE,0,4459.960811,3643.638397,2669.158038,1790.802773,1,1,0.20385921795598547,0.4987031821398196,LOW,SYNTHETIC_UNCALIBRATED_OOF_RANK_PLUS_GRAPH,SYSTEM_DEMO,Demo-only band from uncalibrated ranking evidence; recorded after all inputs were available,2026-07-08T18:33:36+00:00
U0000938,2026-01-23T17:00:26+00:00,IOS,L2,49,35-49,SALARIED,TR,N/A,N/A,NONE,BASELINE,0,3057.072299,2688.374433,2571.766596,485.305703,2,2,0.07460788755904615,0.17504866733412228,MEDIUM,SYNTHETIC_UNCALIBRATED_OOF_RANK_PLUS_GRAPH,SYSTEM_DEMO,Demo-only band from uncalibrated ranking evidence; recorded after all inputs were available,2026-07-08T18:33:36+00:00
U0000939,2026-01-13T17:41:58+00:00,WEB,L2,66,50+,SELF_EMPLOYED,TR,N/A,N/A,NONE,BASELINE,0,7403.862066,4858.730088,3161.233787,4242.628279,2,2,0.3391241125934969,0.8252093148410355,LOW,SYNTHETIC_UNCALIBRATED_OOF_RANK_PLUS_GRAPH,SYSTEM_DEMO,Demo-only band from uncalibrated ranking evidence; recorded after all inputs were available,2026-07-08T18:33:36+00:00
U0000940,2026-03-31T21:59:57+00:00,ANDROID,L2,20,18-24,SALARIED,DE,N/A,N/A,NONE,BASELINE,0,2690.324936,1205.308118,1575.2929,1115.032036,2,2,0.3461079793797866,0.8143137910215628,LOW,SYNTHETIC_UNCALIBRATED_OOF_RANK_PLUS_GRAPH,SYSTEM_DEMO,Demo-only band from uncalibrated ranking evidence; recorded after all inputs were available,2026-07-08T18:33:36+00:00
U0000941,2026-01-19T11:22:28+00:00,IOS,L2,67,50+,SALARIED,TR,N/A,N/A,NONE,BASELINE,0,1521.463295,356.364038,695.365051,826.098244,1,2,0.5704700729467218,1.3583507369031604,LOW,SYNTHETIC_UNCALIBRATED_OOF_RANK_PLUS_GRAPH,SYSTEM_DEMO,Demo-only band from uncalibrated ranking evidence; recorded after all inputs were available,2026-07-08T18:33:36+00:00
U0000942,2026-03-25T03:33:33+00:00,ANDROID,L2,36,35-49,SALARIED,TR,N/A,N/A,NONE,BASELINE,0,1006.979619,803.7003530000001,878.071287,128.90833199999997,2,2,0.09369934256243591,0.2268107903097033,MEDIUM,SYNTHETIC_UNCALIBRATED_OOF_RANK_PLUS_GRAPH,SYSTEM_DEMO,Demo-only band from uncalibrated ranking evidence; recorded after all inputs were available,2026-07-08T18:33:36+00:00
U0000943,2026-02-04T04:02:00+00:00,WEB,L2,37,35-49,STUDENT,TR,N/A,N/A,REVIEW_ONLY,BASELINE,0,6757.538189,9921.188428,5848.810963,908.727226,1,1,0.23243949045723133,0.5423199207465266,MEDIUM,SYNTHETIC_UNCALIBRATED_OOF_RANK_PLUS_GRAPH,SYSTEM_DEMO,Demo-only band from uncalibrated ranking evidence; recorded after all inputs were available,2026-07-08T18:33:36+00:00
U0000944,2026-02-23T05:04:44+00:00,IOS,L2,58,50+,SELF_EMPLOYED,TR,N/A,N/A,NONE,BASELINE,0,2869.7846630000004,2363.6675619999996,971.012361,1898.7723020000003,2,1,0.38819179100664053,0.9180996727507151,LOW,SYNTHETIC_UNCALIBRATED_OOF_RANK_PLUS_GRAPH,SYSTEM_DEMO,Demo-only band from uncalibrated ranking evidence; recorded after all inputs were available,2026-07-08T18:33:36+00:00
U0000945,2026-03-03T04:26:27+00:00,WEB,L2,63,50+,OTHER,TR,N/A,N/A,NONE,BASELINE,0,9495.845037,8420.291635,11072.080576,-1576.2355390000012,1,2,0.11270111708875621,0.27443449712482304,MEDIUM,SYNTHETIC_UNCALIBRATED_OOF_RANK_PLUS_GRAPH,SYSTEM_DEMO,Demo-only band from uncalibrated ranking evidence; recorded after all inputs were available,2026-07-08T18:33:36+00:00
U0000946,2026-03-02T08:24:54+00:00,IOS,L2,22,18-24,SALARIED,NL,KA_09,N/A,NONE,BASELINE,0,7753.486569,7929.276274,10800.552878,-3047.0663090000007,1,1,0.15822923836153582,0.3451682192404431,MEDIUM,SYNTHETIC_UNCALIBRATED_OOF_RANK_PLUS_GRAPH,SYSTEM_DEMO,Demo-only band from uncalibrated ranking evidence; recorded after all inputs were available,2026-07-08T18:33:36+00:00
U0000947,2026-03-13T14:40:26+00:00,ANDROID,L2,70,50+,SALARIED,TR,N/A,BD_02,REVIEW_ONLY,BASELINE,0,11882.810274,10297.422251,8450.757313,3432.0529609999994,2,1,0.13735917380731524,0.3361353628287537,LOW,SYNTHETIC_UNCALIBRATED_OOF_RANK_PLUS_GRAPH,SYSTEM_DEMO,Demo-only band from uncalibrated ranking evidence; recorded after all inputs were available,2026-07-08T18:33:36+00:00
U0000948,2026-02-21T14:00:42+00:00,ANDROID,L2,51,50+,STUDENT,TR,N/A,N/A,NONE,BASELINE,0,11422.257946,10450.359435,8803.768535,2618.4894110000005,2,2,0.10569280055189974,0.2560754143108754,MEDIUM,SYNTHETIC_UNCALIBRATED_OOF_RANK_PLUS_GRAPH,SYSTEM_DEMO,Demo-only band from uncalibrated ranking evidence; recorded after all inputs were available,2026-07-08T18:33:36+00:00
U0000949,2026-04-14T09:10:13+00:00,ANDROID,L2,27,25-34,RETIRED,TR,N/A,N/A,NONE,BASELINE,0,7880.555101,8123.587915,5960.605283,1919.949818,2,3,0.13213775358361654,0.29542555223796607,LOW,SYNTHETIC_UNCALIBRATED_OOF_RANK_PLUS_GRAPH,SYSTEM_DEMO,Demo-only band from uncalibrated ranking evidence; recorded after all inputs were available,2026-07-08T18:33:36+00:00
U0000950,2026-01-27T22:04:13+00:00,IOS,L2,37,35-49,SELF_EMPLOYED,AE,N/A,N/A,NONE,BASELINE,0,3644.44085,4203.137073,1801.7389979999998,1842.7018520000001,1,2,0.3189917022345148,0.7466014728277158,LOW,SYNTHETIC_UNCALIBRATED_OOF_RANK_PLUS_GRAPH,SYSTEM_DEMO,Demo-only band from uncalibrated ranking evidence; recorded after all inputs were available,2026-07-08T18:33:36+00:00
U0000951,2026-02-07T03:21:19+00:00,ANDROID,L2,21,18-24,SELF_EMPLOYED,GB,N/A,N/A,NONE,BASELINE,0,2960.416409,1711.55253,1755.725185,1204.691224,2,1,0.2700453253533029,0.582882689300789,MEDIUM,SYNTHETIC_UNCALIBRATED_OOF_RANK_PLUS_GRAPH,SYSTEM_DEMO,Demo-only band from uncalibrated ranking evidence; recorded after all inputs were available,2026-07-08T18:33:36+00:00
U0000952,2026-04-29T12:44:06+00:00,ANDROID,L2,38,35-49,SALARIED,TR,N/A,N/A,NONE,BASELINE,0,4200.576014,2392.097896,1953.529243,2247.0467710000003,1,3,0.34138665724131473,0.7887877449570851,MEDIUM,SYNTHETIC_UNCALIBRATED_OOF_RANK_PLUS_GRAPH,SYSTEM_DEMO,Demo-only band from uncalibrated ranking evidence; recorded after all inputs were available,2026-07-08T18:33:36+00:00
U0000953,2026-01-21T07:01:52+00:00,IOS,L2,50,50+,STUDENT,TR,N/A,N/A,NONE,BASELINE,0,7333.663878,4252.98657,9230.429581,-1896.765703,1,2,0.29558951704985137,0.7173114102553273,MEDIUM,SYNTHETIC_UNCALIBRATED_OOF_RANK_PLUS_GRAPH,SYSTEM_DEMO,Demo-only band from uncalibrated ranking evidence; recorded after all inputs were available,2026-07-08T18:33:36+00:00
U0000954,2026-02-09T02:42:05+00:00,WEB,L2,61,50+,SALARIED,TR,N/A,N/A,NONE,BASELINE,0,1028.760849,878.006078,436.86141399999997,591.899435,1,1,0.3214868909249639,0.7576706058445809,LOW,SYNTHETIC_UNCALIBRATED_OOF_RANK_PLUS_GRAPH,SYSTEM_DEMO,Demo-only band from uncalibrated ranking evidence; recorded after all inputs were available,2026-07-08T18:33:36+00:00
U0000955,2026-03-21T14:13:15+00:00,IOS,L2,46,35-49,SALARIED,TR,KA_06,N/A,NONE,BASELINE,0,3179.087583,2311.61456,618.584977,2560.502606,1,1,0.5221284525888412,1.2573492892244356,MEDIUM,SYNTHETIC_UNCALIBRATED_OOF_RANK_PLUS_GRAPH,SYSTEM_DEMO,Demo-only band from uncalibrated ranking evidence; recorded after all inputs were available,2026-07-08T18:33:36+00:00
U0000956,2026-02-07T01:44:14+00:00,ANDROID,L1,36,35-49,SALARIED,TR,N/A,N/A,NONE,BASELINE,0,4649.357098,5660.656247,3903.011664,746.3454340000003,1,3,0.15202981368381216,0.3709930676728608,MEDIUM,SYNTHETIC_UNCALIBRATED_OOF_RANK_PLUS_GRAPH,SYSTEM_DEMO,Demo-only band from uncalibrated ranking evidence; recorded after all inputs were available,2026-07-08T18:33:36+00:00
U0000957,2026-03-18T01:33:21+00:00,ANDROID,L2,19,18-24,SALARIED,TR,N/A,N/A,NONE,BASELINE,0,2956.743529,3622.563029,167.72168299999998,2789.0218459999996,1,2,0.6654416459376612,1.5361613539746855,LOW,SYNTHETIC_UNCALIBRATED_OOF_RANK_PLUS_GRAPH,SYSTEM_DEMO,Demo-only band from uncalibrated ranking evidence; recorded after all inputs were available,2026-07-08T18:33:36+00:00
U0000958,2026-04-22T10:11:00+00:00,ANDROID,L1,64,50+,STUDENT,TR,N/A,BD_05,NONE,BASELINE,0,5955.002914000001,4920.988819,5416.386877,538.6160370000007,1,1,0.07775243606675554,0.19039836719090344,MEDIUM,SYNTHETIC_UNCALIBRATED_OOF_RANK_PLUS_GRAPH,SYSTEM_DEMO,Demo-only band from uncalibrated ranking evidence; recorded after all inputs were available,2026-07-08T18:33:36+00:00
U0000959,2026-04-07T07:33:33+00:00,ANDROID,L1,46,35-49,SALARIED,TR,N/A,N/A,NONE,BASELINE,0,3070.685588,5815.145103,9248.328549,-6177.642961,3,3,0.4180890652953523,1.0219899713972072,LOW,SYNTHETIC_UNCALIBRATED_OOF_RANK_PLUS_GRAPH,SYSTEM_DEMO,Demo-only band from uncalibrated ranking evidence; recorded after all inputs were available,2026-07-08T18:33:36+00:00
U0000960,2026-02-24T00:58:31+00:00,H5,L2,55,50+,SALARIED,TR,N/A,N/A,NONE,BASELINE,0,1996.451088,1642.753886,509.237605,1487.213483,2,1,0.4587489037432095,1.0754976992053478,MEDIUM,SYNTHETIC_UNCALIBRATED_OOF_RANK_PLUS_GRAPH,SYSTEM_DEMO,Demo-only band from uncalibrated ranking evidence; recorded after all inputs were available,2026-07-08T18:33:36+00:00
U0000961,2026-03-19T19:51:22+00:00,IOS,L2,34,25-34,SALARIED,TR,N/A,N/A,NONE,BASELINE,0,2762.939784,848.9591399999999,1281.307573,1481.632211,1,2,0.5024835972909556,1.173451791891545,LOW,SYNTHETIC_UNCALIBRATED_OOF_RANK_PLUS_GRAPH,SYSTEM_DEMO,Demo-only band from uncalibrated ranking evidence; recorded after all inputs were available,2026-07-08T18:33:36+00:00
U0000962,2026-04-23T09:50:08+00:00,ANDROID,L2,24,18-24,OTHER,TR,N/A,N/A,NONE,BASELINE,0,2269.3994839999996,3182.198965,2183.425724,85.9737599999994,1,2,0.17757390943812223,0.3924440388277995,MEDIUM,SYNTHETIC_UNCALIBRATED_OOF_RANK_PLUS_GRAPH,SYSTEM_DEMO,Demo-only band from uncalibrated ranking evidence; recorded after all inputs were available,2026-07-08T18:33:36+00:00
U0000963,2026-04-11T04:32:20+00:00,WEB,L2,33,25-34,SALARIED,AE,N/A,N/A,NONE,BASELINE,0,1155.176401,990.17656,352.950557,802.2258439999999,2,1,0.4153670575476076,0.9633247180177087,LOW,SYNTHETIC_UNCALIBRATED_OOF_RANK_PLUS_GRAPH,SYSTEM_DEMO,Demo-only band from uncalibrated ranking evidence; recorded after all inputs were available,2026-07-08T18:33:36+00:00
U0000964,2026-03-30T23:52:00+00:00,IOS,L2,58,50+,SELF_EMPLOYED,TR,KA_03,N/A,NONE,BASELINE,0,6810.846378,5126.152705,1651.383427,5159.462951,2,2,0.47426937563906757,1.1390898689825004,LOW,SYNTHETIC_UNCALIBRATED_OOF_RANK_PLUS_GRAPH,SYSTEM_DEMO,Demo-only band from uncalibrated ranking evidence; recorded after all inputs were available,2026-07-08T18:33:36+00:00
U0000965,2026-03-15T02:39:04+00:00,WEB,L2,41,35-49,RETIRED,TR,N/A,N/A,NONE,BASELINE,0,3283.434836,3828.525483,2744.8297469999998,538.6050890000001,1,1,0.1346542544539491,0.32983224622124163,MEDIUM,SYNTHETIC_UNCALIBRATED_OOF_RANK_PLUS_GRAPH,SYSTEM_DEMO,Demo-only band from uncalibrated ranking evidence; recorded after all inputs were available,2026-07-08T18:33:36+00:00
U0000966,2026-01-03T02:56:29+00:00,WEB,L1,58,50+,SALARIED,DE,N/A,N/A,NONE,BASELINE,0,15116.961081,12084.510629,1962.1358100000002,13154.825271,2,2,0.5785732197247707,1.353209673595278,LOW,SYNTHETIC_UNCALIBRATED_OOF_RANK_PLUS_GRAPH,SYSTEM_DEMO,Demo-only band from uncalibrated ranking evidence; recorded after all inputs were available,2026-07-08T18:33:36+00:00
U0000967,2026-02-17T11:17:23+00:00,WEB,L2,66,50+,SELF_EMPLOYED,DE,N/A,N/A,NONE,BASELINE,0,5733.229805999999,5403.60331,3041.731785,2691.4980209999994,2,2,0.25362263922963335,0.5694859895468344,LOW,SYNTHETIC_UNCALIBRATED_OOF_RANK_PLUS_GRAPH,SYSTEM_DEMO,Demo-only band from uncalibrated ranking evidence; recorded after all inputs were available,2026-07-08T18:33:36+00:00
U0000968,2026-02-16T10:54:03+00:00,ANDROID,L2,52,50+,STUDENT,AE,N/A,N/A,NONE,BASELINE,0,2636.579694,2113.082381,1916.977868,719.6018260000001,1,1,0.13668447931839914,0.32382211975715813,LOW,SYNTHETIC_UNCALIBRATED_OOF_RANK_PLUS_GRAPH,SYSTEM_DEMO,Demo-only band from uncalibrated ranking evidence; recorded after all inputs were available,2026-07-08T18:33:36+00:00
U0000969,2026-01-07T12:45:57+00:00,IOS,L2,62,50+,SALARIED,NL,N/A,BD_00,NONE,BASELINE,0,3515.558781,3014.617278,2214.839695,1300.719086,2,3,0.18376209315393868,0.44621500609820397,MEDIUM,SYNTHETIC_UNCALIBRATED_OOF_RANK_PLUS_GRAPH,SYSTEM_DEMO,Demo-only band from uncalibrated ranking evidence; recorded after all inputs were available,2026-07-08T18:33:36+00:00
U0000970,2026-01-17T23:56:32+00:00,IOS,L2,60,50+,SELF_EMPLOYED,TR,N/A,N/A,NONE,BASELINE,0,3796.986406,1672.681371,476.317585,3320.668821,2,1,0.6928310087160592,1.6754172532387748,MEDIUM,SYNTHETIC_UNCALIBRATED_OOF_RANK_PLUS_GRAPH,SYSTEM_DEMO,Demo-only band from uncalibrated ranking evidence; recorded after all inputs were available,2026-07-08T18:33:36+00:00
U0000971,2026-03-07T02:15:09+00:00,H5,L2,48,35-49,SALARIED,TR,N/A,N/A,NONE,BASELINE,0,13397.33232,11025.871434,7932.972778,5464.359541999999,2,2,0.20743676842456307,0.5066444921199936,MEDIUM,SYNTHETIC_UNCALIBRATED_OOF_RANK_PLUS_GRAPH,SYSTEM_DEMO,Demo-only band from uncalibrated ranking evidence; recorded after all inputs were available,2026-07-08T18:33:36+00:00
U0000972,2026-01-27T09:05:20+00:00,ANDROID,L2,22,18-24,SALARIED,GB,N/A,N/A,NONE,BASELINE,0,6394.69154,1856.5812290000001,222.493521,6172.1980189999995,2,2,0.9244187129155291,2.185166952132214,LOW,SYNTHETIC_UNCALIBRATED_OOF_RANK_PLUS_GRAPH,SYSTEM_DEMO,Demo-only band from uncalibrated ranking evidence; recorded after all inputs were available,2026-07-08T18:33:36+00:00
U0000973,2026-03-11T06:54:17+00:00,IOS,L1,23,18-24,OTHER,TR,KA_00,N/A,NONE,BASELINE,0,3814.0327960000004,4102.254815,3443.667446,370.3653500000005,1,3,0.07118779422136685,0.17392340877110574,MEDIUM,SYNTHETIC_UNCALIBRATED_OOF_RANK_PLUS_GRAPH,SYSTEM_DEMO,Demo-only band from uncalibrated ranking evidence; recorded after all inputs were available,2026-07-08T18:33:36+00:00
U0000974,2026-03-26T12:28:07+00:00,WEB,L2,42,35-49,SALARIED,NL,N/A,N/A,NONE,SYNTHETIC_GRAPH_SIGNAL,0,1112.068544,4142.559059,4451.408323,-3339.339779,2,2,0.46569018008059065,1.0321432367836467,LOW,SYNTHETIC_UNCALIBRATED_OOF_RANK_PLUS_GRAPH,SYSTEM_DEMO,Demo-only band from uncalibrated ranking evidence; recorded after all inputs were available,2026-07-08T18:33:36+00:00
U0000975,2026-03-28T19:15:25+00:00,IOS,L2,38,35-49,SALARIED,TR,N/A,N/A,NONE,BASELINE,0,22219.963384,9355.929596,5127.636538,17092.326846,3,2,0.5941166909239262,1.3970585720605684,LOW,SYNTHETIC_UNCALIBRATED_OOF_RANK_PLUS_GRAPH,SYSTEM_DEMO,Demo-only band from uncalibrated ranking evidence; recorded after all inputs were available,2026-07-08T18:33:36+00:00
U0000976,2026-03-28T20:20:02+00:00,IOS,L2,32,25-34,SALARIED,GB,N/A,N/A,NONE,BASELINE,0,1301.943452,296.054887,316.758868,985.184584,1,1,0.735408985326841,1.5760043539556707,LOW,SYNTHETIC_UNCALIBRATED_OOF_RANK_PLUS_GRAPH,SYSTEM_DEMO,Demo-only band from uncalibrated ranking evidence; recorded after all inputs were available,2026-07-08T18:33:36+00:00
U0000977,2026-02-23T23:44:11+00:00,IOS,L1,30,25-34,SALARIED,TR,N/A,N/A,NONE,BASELINE,0,1709.979501,2405.4676289999998,3476.7438070000003,-1766.7643060000003,2,3,0.28714899807817995,0.6981242913912244,MEDIUM,SYNTHETIC_UNCALIBRATED_OOF_RANK_PLUS_GRAPH,SYSTEM_DEMO,Demo-only band from uncalibrated ranking evidence; recorded after all inputs were available,2026-07-08T18:33:36+00:00
U0000978,2026-03-17T02:38:00+00:00,ANDROID,L2,65,50+,SELF_EMPLOYED,AE,N/A,N/A,NONE,BASELINE,0,10121.30444,10291.351874,7667.230487000001,2454.073952999999,2,1,0.1280938523706865,0.280355979238479,LOW,SYNTHETIC_UNCALIBRATED_OOF_RANK_PLUS_GRAPH,SYSTEM_DEMO,Demo-only band from uncalibrated ranking evidence; recorded after all inputs were available,2026-07-08T18:33:36+00:00
U0000979,2026-01-04T01:03:08+00:00,ANDROID,L2,60,50+,SALARIED,AE,N/A,N/A,NONE,BASELINE,0,7719.023735000001,8081.0377659999995,1036.080345,6682.94339,1,3,0.5771638311628724,1.2553275243414102,LOW,SYNTHETIC_UNCALIBRATED_OOF_RANK_PLUS_GRAPH,SYSTEM_DEMO,Demo-only band from uncalibrated ranking evidence; recorded after all inputs were available,2026-07-08T18:33:36+00:00
U0000980,2026-03-16T10:39:10+00:00,IOS,L1,52,50+,STUDENT,TR,N/A,BD_03,REVIEW_ONLY,SYNTHETIC_GRAPH_SIGNAL,0,5357.182631,7995.900614,3444.055913,1913.1267179999995,1,3,0.33329535151771406,0.8129678497362606,LOW,SYNTHETIC_UNCALIBRATED_OOF_RANK_PLUS_GRAPH,SYSTEM_DEMO,Demo-only band from uncalibrated ranking evidence; recorded after all inputs were available,2026-07-08T18:33:36+00:00
U0000981,2026-02-13T00:33:22+00:00,IOS,L1,62,50+,SELF_EMPLOYED,TR,N/A,N/A,NONE,BASELINE,0,5044.225261,6976.275204,1208.2942269999999,3835.9310339999997,1,2,0.5436200892296829,1.3080513632481128,LOW,SYNTHETIC_UNCALIBRATED_OOF_RANK_PLUS_GRAPH,SYSTEM_DEMO,Demo-only band from uncalibrated ranking evidence; recorded after all inputs were available,2026-07-08T18:33:36+00:00
U0000982,2026-03-16T15:06:12+00:00,WEB,L2,22,18-24,SALARIED,TR,KA_09,N/A,NONE,BASELINE,0,2575.37097,702.227333,406.829386,2168.541584,1,1,0.7818613627824693,1.7657083544949987,LOW,SYNTHETIC_UNCALIBRATED_OOF_RANK_PLUS_GRAPH,SYSTEM_DEMO,Demo-only band from uncalibrated ranking evidence; recorded after all inputs were available,2026-07-08T18:33:36+00:00
U0000983,2026-02-21T01:41:44+00:00,ANDROID,L2,51,50+,RETIRED,TR,N/A,N/A,NONE,BASELINE,0,2942.156008,2184.729185,2099.005452,843.150556,3,2,0.1573008003456574,0.3500539645933156,MEDIUM,SYNTHETIC_UNCALIBRATED_OOF_RANK_PLUS_GRAPH,SYSTEM_DEMO,Demo-only band from uncalibrated ranking evidence; recorded after all inputs were available,2026-07-08T18:33:36+00:00
U0000984,2026-03-13T07:03:21+00:00,IOS,L1,26,25-34,SALARIED,TR,N/A,N/A,NONE,BASELINE,0,1803.629574,821.073113,1583.1291119999999,220.5004620000002,3,1,0.30011675959776646,0.70051977450727,LOW,SYNTHETIC_UNCALIBRATED_OOF_RANK_PLUS_GRAPH,SYSTEM_DEMO,Demo-only band from uncalibrated ranking evidence; recorded after all inputs were available,2026-07-08T18:33:36+00:00
U0000985,2026-03-31T15:02:39+00:00,ANDROID,L2,40,35-49,RETIRED,TR,N/A,N/A,NONE,BASELINE,0,1432.44229,2908.732588,180.196828,1252.2454619999999,1,2,0.7399332551550106,1.8104256434253005,LOW,SYNTHETIC_UNCALIBRATED_OOF_RANK_PLUS_GRAPH,SYSTEM_DEMO,Demo-only band from uncalibrated ranking evidence; recorded after all inputs were available,2026-07-08T18:33:36+00:00
U0000986,2026-01-26T06:17:49+00:00,IOS,L2,23,18-24,SALARIED,TR,N/A,N/A,NONE,BASELINE,0,2174.843501,2018.655595,1731.018876,443.82462499999974,2,2,0.09308125205532129,0.22473961279089852,MEDIUM,SYNTHETIC_UNCALIBRATED_OOF_RANK_PLUS_GRAPH,SYSTEM_DEMO,Demo-only band from uncalibrated ranking evidence; recorded after all inputs were available,2026-07-08T18:33:36+00:00
U0000987,2026-03-07T20:31:52+00:00,WEB,L2,34,25-34,SALARIED,TR,N/A,N/A,NONE,BASELINE,0,1290.231986,642.674087,366.227361,924.004625,2,2,0.5052757715892858,1.205677684473184,LOW,SYNTHETIC_UNCALIBRATED_OOF_RANK_PLUS_GRAPH,SYSTEM_DEMO,Demo-only band from uncalibrated ranking evidence; recorded after all inputs were available,2026-07-08T18:33:36+00:00
U0000988,2026-03-12T07:56:58+00:00,IOS,L1,70,50+,SALARIED,AE,N/A,N/A,NONE,BASELINE,0,2356.367565,3754.468867,955.497652,1400.869913,1,1,0.48512087866269227,1.1882984225176636,LOW,SYNTHETIC_UNCALIBRATED_OOF_RANK_PLUS_GRAPH,SYSTEM_DEMO,Demo-only band from uncalibrated ranking evidence; recorded after all inputs were available,2026-07-08T18:33:36+00:00
U0000989,2026-04-16T03:21:54+00:00,IOS,L1,60,50+,STUDENT,TR,N/A,N/A,NONE,BASELINE,0,240.97101,535.704087,123.753397,117.217613,2,2,0.577407699536175,1.3725155059342222,LOW,SYNTHETIC_UNCALIBRATED_OOF_RANK_PLUS_GRAPH,SYSTEM_DEMO,Demo-only band from uncalibrated ranking evidence; recorded after all inputs were available,2026-07-08T18:33:36+00:00
U0000990,2026-04-11T21:07:52+00:00,ANDROID,L2,26,25-34,SALARIED,TR,N/A,N/A,NONE,BASELINE,0,865.323368,374.744733,922.755758,-57.432390000000055,1,3,0.3411071464017744,0.7601326701473197,MEDIUM,SYNTHETIC_UNCALIBRATED_OOF_RANK_PLUS_GRAPH,SYSTEM_DEMO,Demo-only band from uncalibrated ranking evidence; recorded after all inputs were available,2026-07-08T18:33:36+00:00
U0000991,2026-04-10T17:48:03+00:00,IOS,L1,26,25-34,STUDENT,TR,KA_06,BD_06,NONE,BASELINE,0,29334.292147,23105.164872,6118.059779,23216.232368,1,1,0.5026501838167804,1.189406602473601,LOW,SYNTHETIC_UNCALIBRATED_OOF_RANK_PLUS_GRAPH,SYSTEM_DEMO,Demo-only band from uncalibrated ranking evidence; recorded after all inputs were available,2026-07-08T18:33:36+00:00
U0000992,2026-02-23T17:48:46+00:00,ANDROID,L1,67,50+,SELF_EMPLOYED,TR,N/A,N/A,NONE,BASELINE,0,1230.598088,1664.255749,427.372348,803.22574,1,3,0.4627142489969303,1.1169167890355427,LOW,SYNTHETIC_UNCALIBRATED_OOF_RANK_PLUS_GRAPH,SYSTEM_DEMO,Demo-only band from uncalibrated ranking evidence; recorded after all inputs were available,2026-07-08T18:33:36+00:00
U0000993,2026-01-24T11:33:39+00:00,ANDROID,L1,41,35-49,SALARIED,TR,N/A,N/A,NONE,BASELINE,0,1711.516637,1324.704391,608.555234,1102.9614029999998,2,1,0.37609235218391573,0.9078428883270638,LOW,SYNTHETIC_UNCALIBRATED_OOF_RANK_PLUS_GRAPH,SYSTEM_DEMO,Demo-only band from uncalibrated ranking evidence; recorded after all inputs were available,2026-07-08T18:33:36+00:00
U0000994,2026-01-22T13:55:14+00:00,ANDROID,L2,32,25-34,SALARIED,TR,N/A,N/A,NONE,BASELINE,0,12563.164613,7806.632847999999,5189.925445,7373.239168000001,2,3,0.3582285454725359,0.8654130400923682,LOW,SYNTHETIC_UNCALIBRATED_OOF_RANK_PLUS_GRAPH,SYSTEM_DEMO,Demo-only band from uncalibrated ranking evidence; recorded after all inputs were available,2026-07-08T18:33:36+00:00
U0000995,2026-01-05T05:40:50+00:00,ANDROID,L2,68,50+,SALARIED,AE,N/A,N/A,NONE,BASELINE,0,8014.0012910000005,6881.293676,6964.1194399999995,1049.881851000001,2,1,0.0707545937052186,0.15545351681112857,MEDIUM,SYNTHETIC_UNCALIBRATED_OOF_RANK_PLUS_GRAPH,SYSTEM_DEMO,Demo-only band from uncalibrated ranking evidence; recorded after all inputs were available,2026-07-08T18:33:36+00:00
U0000996,2026-02-01T10:51:43+00:00,IOS,L2,20,18-24,SALARIED,GB,N/A,N/A,NONE,BASELINE,0,14319.562334999999,4806.758261999999,4395.8726130000005,9923.689722,1,1,0.5846770468880457,1.2656587291929655,LOW,SYNTHETIC_UNCALIBRATED_OOF_RANK_PLUS_GRAPH,SYSTEM_DEMO,Demo-only band from uncalibrated ranking evidence; recorded after all inputs were available,2026-07-08T18:33:36+00:00
U0000997,2026-01-24T00:35:21+00:00,ANDROID,L2,52,50+,SALARIED,TR,N/A,N/A,NONE,SYNTHETIC_GRAPH_SIGNAL,0,2502.666219,2594.985544,1018.976319,1483.6899000000003,2,3,0.3541962087306145,0.7729794278180212,LOW,SYNTHETIC_UNCALIBRATED_OOF_RANK_PLUS_GRAPH,SYSTEM_DEMO,Demo-only band from uncalibrated ranking evidence; recorded after all inputs were available,2026-07-08T18:33:36+00:00
U0000998,2026-03-13T11:15:36+00:00,IOS,L2,45,35-49,SALARIED,TR,N/A,N/A,NONE,BASELINE,0,3499.008396,1883.4791429999998,3055.315315,443.69308100000035,2,1,0.24230293802083672,0.574389784030382,LOW,SYNTHETIC_UNCALIBRATED_OOF_RANK_PLUS_GRAPH,SYSTEM_DEMO,Demo-only band from uncalibrated ranking evidence; recorded after all inputs were available,2026-07-08T18:33:36+00:00
U0000999,2026-04-03T13:33:55+00:00,ANDROID,L2,40,35-49,SELF_EMPLOYED,TR,N/A,N/A,NONE,SYNTHETIC_GRAPH_SIGNAL,0,7913.22482,2718.899913,7565.0003639999995,348.2244560000008,3,3,0.39085575843417003,0.8563426715997589,MEDIUM,SYNTHETIC_UNCALIBRATED_OOF_RANK_PLUS_GRAPH,SYSTEM_DEMO,Demo-only band from uncalibrated ranking evidence; recorded after all inputs were available,2026-07-08T18:33:36+00:00
U0001000,2026-01-17T23:52:12+00:00,ANDROID,L1,36,35-49,RETIRED,TR,KA_03,N/A,NONE,BASELINE,0,17662.681477000002,4451.840198,6876.155842,10786.525635000002,2,3,0.5942087257144242,1.367078220705938,LOW,SYNTHETIC_UNCALIBRATED_OOF_RANK_PLUS_GRAPH,SYSTEM_DEMO,Demo-only band from uncalibrated ranking evidence; recorded after all inputs were available,2026-07-08T18:33:36+00:00
U0001001,2026-01-31T16:19:41+00:00,IOS,L2,69,50+,OTHER,GB,N/A,N/A,NONE,BASELINE,0,2796.744247,3325.94048,4143.237906,-1346.4936590000002,2,3,0.16186040989571868,0.3934844554560555,LOW,SYNTHETIC_UNCALIBRATED_OOF_RANK_PLUS_GRAPH,SYSTEM_DEMO,Demo-only band from uncalibrated ranking evidence; recorded after all inputs were available,2026-07-08T18:33:36+00:00
U0001002,2026-03-09T07:08:27+00:00,H5,L2,61,50+,OTHER,TR,N/A,BD_01,NONE,BASELINE,0,2033.39066,3178.133143,257.554111,1775.836549,2,2,0.6591043688868401,1.6020501506426335,LOW,SYNTHETIC_UNCALIBRATED_OOF_RANK_PLUS_GRAPH,SYSTEM_DEMO,Demo-only band from uncalibrated ranking evidence; recorded after all inputs were available,2026-07-08T18:33:36+00:00
U0001003,2026-02-25T02:39:47+00:00,H5,L2,43,35-49,STUDENT,TR,N/A,N/A,NONE,BASELINE,0,9956.08396,2204.58898,3258.451807,6697.6321530000005,1,1,0.6678900714687056,1.508158557736844,LOW,SYNTHETIC_UNCALIBRATED_OOF_RANK_PLUS_GRAPH,SYSTEM_DEMO,Demo-only band from uncalibrated ranking evidence; recorded after all inputs were available,2026-07-08T18:33:36+00:00
U0001004,2026-04-01T02:43:49+00:00,IOS,L2,25,25-34,SALARIED,TR,N/A,N/A,NONE,BASELINE,0,8268.151245000001,1793.359528,3334.562403,4933.588842000001,3,3,0.6184526930988473,1.450005154182057,MEDIUM,SYNTHETIC_UNCALIBRATED_OOF_RANK_PLUS_GRAPH,SYSTEM_DEMO,Demo-only band from uncalibrated ranking evidence; recorded after all inputs were available,2026-07-08T18:33:36+00:00
U0001005,2026-01-26T00:39:28+00:00,IOS,L2,40,35-49,OTHER,TR,N/A,N/A,NONE,BASELINE,0,3586.710686,1893.666303,690.630104,2896.080582,3,1,0.5775140285731658,1.4079131031716674,MEDIUM,SYNTHETIC_UNCALIBRATED_OOF_RANK_PLUS_GRAPH,SYSTEM_DEMO,Demo-only band from uncalibrated ranking evidence; recorded after all inputs were available,2026-07-08T18:33:36+00:00
U0001006,2026-03-01T06:55:49+00:00,ANDROID,L2,61,50+,STUDENT,TR,N/A,N/A,NONE,BASELINE,0,1909.5051230000001,1396.788883,1843.792266,65.71285700000021,1,1,0.1326929117480907,0.29866465118508995,MEDIUM,SYNTHETIC_UNCALIBRATED_OOF_RANK_PLUS_GRAPH,SYSTEM_DEMO,Demo-only band from uncalibrated ranking evidence; recorded after all inputs were available,2026-07-08T18:33:36+00:00
U0001007,2026-02-14T21:20:24+00:00,IOS,L1,54,50+,SALARIED,DE,N/A,N/A,NONE,BASELINE,0,10504.434727,4455.18515,4606.139281,5898.295446,3,1,0.4318878074335421,0.9275259183377912,LOW,SYNTHETIC_UNCALIBRATED_OOF_RANK_PLUS_GRAPH,SYSTEM_DEMO,Demo-only band from uncalibrated ranking evidence; recorded after all inputs were available,2026-07-08T18:33:36+00:00
U0001008,2026-02-06T22:45:49+00:00,IOS,L2,57,50+,SALARIED,TR,N/A,N/A,NONE,BASELINE,0,3678.889169,4364.214706,2908.06749,770.8216790000001,1,1,0.16294450581192657,0.39890177063264315,LOW,SYNTHETIC_UNCALIBRATED_OOF_RANK_PLUS_GRAPH,SYSTEM_DEMO,Demo-only band from uncalibrated ranking evidence; recorded after all inputs were available,2026-07-08T18:33:36+00:00
U0001009,2026-04-25T03:47:06+00:00,IOS,L1,52,50+,OTHER,TR,KA_00,N/A,NONE,BASELINE,0,3950.904943,5988.676745,2058.1430100000002,1892.7619329999998,1,3,0.40132550710162185,0.9828197847351537,LOW,SYNTHETIC_UNCALIBRATED_OOF_RANK_PLUS_GRAPH,SYSTEM_DEMO,Demo-only band from uncalibrated ranking evidence; recorded after all inputs were available,2026-07-08T18:33:36+00:00
U0001010,2026-01-06T12:14:33+00:00,H5,L1,55,50+,SALARIED,NL,N/A,N/A,NONE,BASELINE,0,28661.641685,33242.028038,20448.450550999998,8213.191134,1,1,0.19280666215070097,0.4660563970095796,MEDIUM,SYNTHETIC_UNCALIBRATED_OOF_RANK_PLUS_GRAPH,SYSTEM_DEMO,Demo-only band from uncalibrated ranking evidence; recorded after all inputs were available,2026-07-08T18:33:36+00:00
U0001011,2026-02-03T08:31:06+00:00,IOS,L2,19,18-24,SELF_EMPLOYED,DE,N/A,N/A,NONE,BASELINE,0,4915.488737,4981.526834,2432.938361,2482.5503759999997,1,1,0.2886038087858868,0.620096835816791,LOW,SYNTHETIC_UNCALIBRATED_OOF_RANK_PLUS_GRAPH,SYSTEM_DEMO,Demo-only band from uncalibrated ranking evidence; recorded after all inputs were available,2026-07-08T18:33:36+00:00
U0001012,2026-01-07T02:06:56+00:00,ANDROID,L1,43,35-49,OTHER,DE,N/A,N/A,NONE,BASELINE,0,2402.493084,1522.260793,689.079922,1713.4131620000003,1,1,0.4548836821299003,1.1140929018973535,LOW,SYNTHETIC_UNCALIBRATED_OOF_RANK_PLUS_GRAPH,SYSTEM_DEMO,Demo-only band from uncalibrated ranking evidence; recorded after all inputs were available,2026-07-08T18:33:36+00:00
U0001013,2026-01-26T01:28:33+00:00,WEB,L2,36,35-49,SALARIED,TR,N/A,BD_04,NONE,BASELINE,0,4028.7078970000002,7049.97516,2293.476093,1735.231804,1,1,0.44091958533039805,1.067104948492929,LOW,SYNTHETIC_UNCALIBRATED_OOF_RANK_PLUS_GRAPH,SYSTEM_DEMO,Demo-only band from uncalibrated ranking evidence; recorded after all inputs were available,2026-07-08T18:33:36+00:00
U0001014,2026-02-07T01:57:22+00:00,WEB,L2,58,50+,SALARIED,TR,N/A,N/A,NONE,SYNTHETIC_GRAPH_SIGNAL,0,3136.466829,3396.415227,1735.509804,1400.957025,2,1,0.2646641060530826,0.602622172892517,LOW,SYNTHETIC_UNCALIBRATED_OOF_RANK_PLUS_GRAPH,SYSTEM_DEMO,Demo-only band from uncalibrated ranking evidence; recorded after all inputs were available,2026-07-08T18:33:36+00:00
U0001015,2026-02-01T10:39:33+00:00,IOS,L2,63,50+,STUDENT,TR,N/A,N/A,NONE,BASELINE,0,3817.4418830000004,7194.588751,1171.215502,2646.2263810000004,2,2,0.6069957134698962,1.4831941787341065,LOW,SYNTHETIC_UNCALIBRATED_OOF_RANK_PLUS_GRAPH,SYSTEM_DEMO,Demo-only band from uncalibrated ranking evidence; recorded after all inputs were available,2026-07-08T18:33:36+00:00
U0001016,2026-01-12T17:04:37+00:00,ANDROID,L2,45,35-49,OTHER,TR,N/A,N/A,NONE,BASELINE,0,1159.908739,1986.390608,1293.239429,-133.33069,2,2,0.24481820104252136,0.5584917109866909,LOW,SYNTHETIC_UNCALIBRATED_OOF_RANK_PLUS_GRAPH,SYSTEM_DEMO,Demo-only band from uncalibrated ranking evidence; recorded after all inputs were available,2026-07-08T18:33:36+00:00
U0001017,2026-04-14T19:03:21+00:00,IOS,L2,57,50+,SELF_EMPLOYED,NL,N/A,N/A,NONE,BASELINE,0,4930.741094,5297.6206649999995,508.157115,4422.583979,2,3,0.6081468916818111,1.3382727510306054,LOW,SYNTHETIC_UNCALIBRATED_OOF_RANK_PLUS_GRAPH,SYSTEM_DEMO,Demo-only band from uncalibrated ranking evidence; recorded after all inputs were available,2026-07-08T18:33:36+00:00
U0001018,2026-02-07T10:44:41+00:00,WEB,L2,57,50+,OTHER,TR,KA_09,N/A,NONE,BASELINE,0,6665.004559,5338.827583,7003.983815,-338.9792559999996,1,1,0.11340337144783952,0.26281129338062215,MEDIUM,SYNTHETIC_UNCALIBRATED_OOF_RANK_PLUS_GRAPH,SYSTEM_DEMO,Demo-only band from uncalibrated ranking evidence; recorded after all inputs were available,2026-07-08T18:33:36+00:00
U0001019,2026-02-07T04:59:58+00:00,ANDROID,L2,50,50+,STUDENT,TR,N/A,N/A,NONE,BASELINE,0,2333.782185,2139.5262,600.202125,1733.58006,1,2,0.4585561786173778,1.0250772457747406,LOW,SYNTHETIC_UNCALIBRATED_OOF_RANK_PLUS_GRAPH,SYSTEM_DEMO,Demo-only band from uncalibrated ranking evidence; recorded after all inputs were available,2026-07-08T18:33:36+00:00
U0001020,2026-01-22T10:37:12+00:00,ANDROID,L2,22,18-24,SALARIED,AE,N/A,N/A,NONE,BASELINE,0,6199.837168,4169.192989,4339.890048,1859.9471199999998,1,1,0.18757295109585778,0.4141658566431797,MEDIUM,SYNTHETIC_UNCALIBRATED_OOF_RANK_PLUS_GRAPH,SYSTEM_DEMO,Demo-only band from uncalibrated ranking evidence; recorded after all inputs were available,2026-07-08T18:33:36+00:00
U0001021,2026-02-28T22:11:32+00:00,ANDROID,L2,41,35-49,OTHER,TR,N/A,N/A,NONE,BASELINE,0,16149.286694999999,17442.96375,17682.049518,-1532.762823000001,3,3,0.03939462328391984,0.08968018036946715,MEDIUM,SYNTHETIC_UNCALIBRATED_OOF_RANK_PLUS_GRAPH,SYSTEM_DEMO,Demo-only band from uncalibrated ranking evidence; recorded after all inputs were available,2026-07-08T18:33:36+00:00
U0001022,2026-03-06T07:04:27+00:00,WEB,L1,51,50+,OTHER,TR,N/A,N/A,REVIEW_ONLY,BASELINE,0,1135.979427,1799.405294,815.0559020000001,320.9235249999999,1,2,0.3278714374958081,0.7873869960479041,LOW,SYNTHETIC_UNCALIBRATED_OOF_RANK_PLUS_GRAPH,SYSTEM_DEMO,Demo-only band from uncalibrated ranking evidence; recorded after all inputs were available,2026-07-08T18:33:36+00:00
U0001023,2026-01-04T17:10:56+00:00,WEB,L2,31,25-34,STUDENT,TR,N/A,N/A,NONE,BASELINE,0,524.155007,1450.921438,65.545676,458.60933099999994,1,2,0.8471550739897687,2.036696183594885,LOW,SYNTHETIC_UNCALIBRATED_OOF_RANK_PLUS_GRAPH,SYSTEM_DEMO,Demo-only band from uncalibrated ranking evidence; recorded after all inputs were available,2026-07-08T18:33:36+00:00
U0001024,2026-01-28T02:51:46+00:00,WEB,L1,45,35-49,SALARIED,TR,N/A,BD_07,NONE,BASELINE,0,1751.4115860000002,1759.918294,1905.886675,-154.4750889999998,1,2,0.03926387794253309,0.08554674938594907,MEDIUM,SYNTHETIC_UNCALIBRATED_OOF_RANK_PLUS_GRAPH,SYSTEM_DEMO,Demo-only band from uncalibrated ranking evidence; recorded after all inputs were available,2026-07-08T18:33:36+00:00
U0001025,2026-04-01T21:46:41+00:00,IOS,L2,40,35-49,SALARIED,DE,N/A,N/A,NONE,BASELINE,0,2051.4892090000003,2256.978732,319.896419,1731.5927900000004,2,1,0.5631199926344117,1.2555724845742264,MEDIUM,SYNTHETIC_UNCALIBRATED_OOF_RANK_PLUS_GRAPH,SYSTEM_DEMO,Demo-only band from uncalibrated ranking evidence; recorded after all inputs were available,2026-07-08T18:33:36+00:00
U0001026,2026-01-30T14:09:01+00:00,ANDROID,L2,70,50+,STUDENT,TR,N/A,N/A,NONE,BASELINE,0,570.739018,765.9332029999999,836.857476,-266.11845800000003,3,2,0.1553072369218002,0.3673082429478303,MEDIUM,SYNTHETIC_UNCALIBRATED_OOF_RANK_PLUS_GRAPH,SYSTEM_DEMO,Demo-only band from uncalibrated ranking evidence; recorded after all inputs were available,2026-07-08T18:33:36+00:00
U0001027,2026-02-26T13:53:36+00:00,WEB,L2,20,18-24,SALARIED,TR,KA_06,N/A,NONE,BASELINE,0,9580.463808,3721.294343,319.727505,9260.736303,1,2,0.8423747719314894,2.039587282225891,LOW,SYNTHETIC_UNCALIBRATED_OOF_RANK_PLUS_GRAPH,SYSTEM_DEMO,Demo-only band from uncalibrated ranking evidence; recorded after all inputs were available,2026-07-08T18:33:36+00:00
U0001028,2026-03-05T14:38:43+00:00,IOS,L1,59,50+,SALARIED,TR,N/A,N/A,NONE,BASELINE,0,10349.681967,9422.803676,4405.572687,5944.109280000001,3,2,0.3239932212665881,0.737541766034775,MEDIUM,SYNTHETIC_UNCALIBRATED_OOF_RANK_PLUS_GRAPH,SYSTEM_DEMO,Demo-only band from uncalibrated ranking evidence; recorded after all inputs were available,2026-07-08T18:33:36+00:00
U0001029,2026-04-16T16:00:57+00:00,ANDROID,L2,60,50+,SALARIED,DE,N/A,N/A,NONE,BASELINE,0,9352.772966,7918.889492,4417.150197,4935.6227690000005,2,3,0.28674736688478236,0.6826961227675375,LOW,SYNTHETIC_UNCALIBRATED_OOF_RANK_PLUS_GRAPH,SYSTEM_DEMO,Demo-only band from uncalibrated ranking evidence; recorded after all inputs were available,2026-07-08T18:33:36+00:00
U0001030,2026-01-13T08:26:34+00:00,ANDROID,L2,56,50+,SALARIED,DE,N/A,N/A,NONE,BASELINE,0,8325.422967,2516.5325279999997,8195.489580000001,129.93338699999913,2,2,0.4267743617962724,0.915389184228546,LOW,SYNTHETIC_UNCALIBRATED_OOF_RANK_PLUS_GRAPH,SYSTEM_DEMO,Demo-only band from uncalibrated ranking evidence; recorded after all inputs were available,2026-07-08T18:33:36+00:00
U0001031,2026-02-05T11:35:15+00:00,ANDROID,L2,30,25-34,SALARIED,TR,N/A,N/A,NONE,BASELINE,0,2621.769058,3063.014523,2936.482855,-314.71379700000034,2,1,0.06455597005225251,0.1535431487736473,MEDIUM,SYNTHETIC_UNCALIBRATED_OOF_RANK_PLUS_GRAPH,SYSTEM_DEMO,Demo-only band from uncalibrated ranking evidence; recorded after all inputs were available,2026-07-08T18:33:36+00:00
U0001032,2026-04-15T02:49:19+00:00,ANDROID,L1,66,50+,SALARIED,TR,N/A,N/A,NONE,BASELINE,0,2410.5216570000002,1549.138097,1292.1845210000001,1118.337136,1,2,0.27320150107898866,0.638825378728504,LOW,SYNTHETIC_UNCALIBRATED_OOF_RANK_PLUS_GRAPH,SYSTEM_DEMO,Demo-only band from uncalibrated ranking evidence; recorded after all inputs were available,2026-07-08T18:33:36+00:00
U0001033,2026-02-07T20:37:47+00:00,WEB,L2,55,50+,RETIRED,TR,N/A,N/A,NONE,BASELINE,0,4927.409602,11873.760092,12628.333933,-7700.924331,2,2,0.353330339880473,0.7850208174019097,LOW,SYNTHETIC_UNCALIBRATED_OOF_RANK_PLUS_GRAPH,SYSTEM_DEMO,Demo-only band from uncalibrated ranking evidence; recorded after all inputs were available,2026-07-08T18:33:36+00:00
U0001034,2026-01-29T09:55:36+00:00,IOS,L2,50,50+,SALARIED,TR,N/A,N/A,NONE,BASELINE,0,2119.19456,2799.342983,2215.400196,-96.20563600000014,1,2,0.12637901807629384,0.2860194949340866,MEDIUM,SYNTHETIC_UNCALIBRATED_OOF_RANK_PLUS_GRAPH,SYSTEM_DEMO,Demo-only band from uncalibrated ranking evidence; recorded after all inputs were available,2026-07-08T18:33:36+00:00
U0001035,2026-01-09T23:32:24+00:00,ANDROID,L1,69,50+,SALARIED,NL,N/A,BD_02,NONE,BASELINE,0,5627.123517,4189.0289649999995,505.550664,5121.572853,3,2,0.6268774865496103,1.4885836515221167,LOW,SYNTHETIC_UNCALIBRATED_OOF_RANK_PLUS_GRAPH,SYSTEM_DEMO,Demo-only band from uncalibrated ranking evidence; recorded after all inputs were available,2026-07-08T18:33:36+00:00
U0001036,2026-02-14T05:43:13+00:00,ANDROID,L2,51,50+,SALARIED,TR,KA_03,N/A,NONE,BASELINE,0,578.781016,269.552083,362.546069,216.23494700000003,1,1,0.32094297954263884,0.766126648732634,LOW,SYNTHETIC_UNCALIBRATED_OOF_RANK_PLUS_GRAPH,SYSTEM_DEMO,Demo-only band from uncalibrated ranking evidence; recorded after all inputs were available,2026-07-08T18:33:36+00:00
U0001037,2026-01-06T19:14:48+00:00,H5,L2,35,35-49,SELF_EMPLOYED,AE,N/A,N/A,NONE,BASELINE,0,6373.635013,4791.160946,4849.909734,1523.7252790000002,2,2,0.13722343004973794,0.29644142652431577,LOW,SYNTHETIC_UNCALIBRATED_OOF_RANK_PLUS_GRAPH,SYSTEM_DEMO,Demo-only band from uncalibrated ranking evidence; recorded after all inputs were available,2026-07-08T18:33:36+00:00
U0001038,2026-02-17T08:00:24+00:00,ANDROID,L2,23,18-24,SALARIED,TR,N/A,N/A,NONE,BASELINE,0,8298.370433,5193.851122,4106.6661460000005,4191.704287,1,1,0.3027614010235922,0.714540207008961,LOW,SYNTHETIC_UNCALIBRATED_OOF_RANK_PLUS_GRAPH,SYSTEM_DEMO,Demo-only band from uncalibrated ranking evidence; recorded after all inputs were available,2026-07-08T18:33:36+00:00
U0001039,2026-04-21T07:50:31+00:00,ANDROID,L2,55,50+,STUDENT,NL,N/A,N/A,REVIEW_ONLY,BASELINE,0,2372.136357,1328.5858600000001,317.82767,2054.3086869999997,3,2,0.6261240862182565,1.533619398613677,LOW,SYNTHETIC_UNCALIBRATED_OOF_RANK_PLUS_GRAPH,SYSTEM_DEMO,Demo-only band from uncalibrated ranking evidence; recorded after all inputs were available,2026-07-08T18:33:36+00:00
U0001040,2026-04-21T09:46:35+00:00,H5,L2,56,50+,SELF_EMPLOYED,TR,N/A,N/A,NONE,BASELINE,0,2585.3767080000002,1086.229634,1432.892714,1152.4839940000002,3,3,0.3766198906830004,0.8810739648807568,LOW,SYNTHETIC_UNCALIBRATED_OOF_RANK_PLUS_GRAPH,SYSTEM_DEMO,Demo-only band from uncalibrated ranking evidence; recorded after all inputs were available,2026-07-08T18:33:36+00:00
U0001041,2026-03-13T12:38:08+00:00,IOS,L2,44,35-49,SELF_EMPLOYED,TR,N/A,N/A,NONE,BASELINE,0,2465.497151,3163.7474780000002,518.239824,1947.257327,1,2,0.5462859828600215,1.2910196069104234,LOW,SYNTHETIC_UNCALIBRATED_OOF_RANK_PLUS_GRAPH,SYSTEM_DEMO,Demo-only band from uncalibrated ranking evidence; recorded after all inputs were available,2026-07-08T18:33:36+00:00
U0001042,2026-03-15T23:39:42+00:00,IOS,L2,50,50+,SALARIED,AE,N/A,N/A,NONE,SYNTHETIC_GRAPH_SIGNAL,0,2126.645497,1645.3510469999999,478.878374,1647.767123,2,2,0.48823764128784003,1.1628903377203537,LOW,SYNTHETIC_UNCALIBRATED_OOF_RANK_PLUS_GRAPH,SYSTEM_DEMO,Demo-only band from uncalibrated ranking evidence; recorded after all inputs were available,2026-07-08T18:33:36+00:00
U0001043,2026-03-29T07:06:20+00:00,WEB,L2,51,50+,RETIRED,TR,N/A,N/A,NONE,BASELINE,0,1351.905067,2107.479319,760.1788019999999,591.726265,1,2,0.3920220363106584,0.9578957278077382,LOW,SYNTHETIC_UNCALIBRATED_OOF_RANK_PLUS_GRAPH,SYSTEM_DEMO,Demo-only band from uncalibrated ranking evidence; recorded after all inputs were available,2026-07-08T18:33:36+00:00
U0001044,2026-04-30T15:51:52+00:00,ANDROID,L2,56,50+,RETIRED,TR,N/A,N/A,NONE,BASELINE,0,2829.21067,2490.5677849999997,920.960985,1908.2496849999998,1,2,0.3996233083153579,0.9173190308679191,LOW,SYNTHETIC_UNCALIBRATED_OOF_RANK_PLUS_GRAPH,SYSTEM_DEMO,Demo-only band from uncalibrated ranking evidence; recorded after all inputs were available,2026-07-08T18:33:36+00:00
U0001045,2026-04-01T23:01:31+00:00,IOS,L2,21,18-24,SELF_EMPLOYED,TR,KA_00,N/A,NONE,BASELINE,0,2292.307785,790.430482,1210.820537,1081.487248,3,2,0.4420313854707272,1.0493933155876254,LOW,SYNTHETIC_UNCALIBRATED_OOF_RANK_PLUS_GRAPH,SYSTEM_DEMO,Demo-only band from uncalibrated ranking evidence; recorded after all inputs were available,2026-07-08T18:33:36+00:00
U0001046,2026-04-04T16:30:11+00:00,ANDROID,L2,23,18-24,SELF_EMPLOYED,TR,N/A,BD_05,NONE,BASELINE,0,2167.197677,708.938462,171.841456,1995.356221,1,3,0.8297693345027171,1.9639477248191515,LOW,SYNTHETIC_UNCALIBRATED_OOF_RANK_PLUS_GRAPH,SYSTEM_DEMO,Demo-only band from uncalibrated ranking evidence; recorded after all inputs were available,2026-07-08T18:33:36+00:00
U0001047,2026-03-27T19:54:23+00:00,ANDROID,L2,54,50+,SELF_EMPLOYED,TR,N/A,N/A,NONE,BASELINE,0,4637.1304789999995,3617.16174,3590.371456,1046.7590229999996,2,2,0.1234113139898789,0.2651216746346324,LOW,SYNTHETIC_UNCALIBRATED_OOF_RANK_PLUS_GRAPH,SYSTEM_DEMO,Demo-only band from uncalibrated ranking evidence; recorded after all inputs were available,2026-07-08T18:33:36+00:00
U0001048,2026-01-28T09:02:52+00:00,ANDROID,L2,23,18-24,OTHER,DE,N/A,N/A,NONE,BASELINE,0,2130.327679,2080.990123,1022.369829,1107.95785,2,2,0.2929470415059621,0.6350920773934129,LOW,SYNTHETIC_UNCALIBRATED_OOF_RANK_PLUS_GRAPH,SYSTEM_DEMO,Demo-only band from uncalibrated ranking evidence; recorded after all inputs were available,2026-07-08T18:33:36+00:00
U0001049,2026-02-04T23:19:41+00:00,ANDROID,L2,42,35-49,SALARIED,TR,N/A,N/A,NONE,BASELINE,0,6632.137987,6615.0988,1447.610737,5184.52725,1,2,0.49813446258350963,1.0584377772275277,LOW,SYNTHETIC_UNCALIBRATED_OOF_RANK_PLUS_GRAPH,SYSTEM_DEMO,Demo-only band from uncalibrated ranking evidence; recorded after all inputs were available,2026-07-08T18:33:36+00:00
U0001050,2026-04-26T07:44:00+00:00,WEB,L2,66,50+,STUDENT,TR,N/A,N/A,NONE,BASELINE,0,3136.546378,2670.58446,2817.415752,319.1306260000001,1,1,0.06766090117614973,0.16208223115413653,LOW,SYNTHETIC_UNCALIBRATED_OOF_RANK_PLUS_GRAPH,SYSTEM_DEMO,Demo-only band from uncalibrated ranking evidence; recorded after all inputs were available,2026-07-08T18:33:36+00:00
U0001051,2026-03-15T09:07:35+00:00,IOS,L2,20,18-24,SELF_EMPLOYED,TR,N/A,N/A,NONE,BASELINE,0,6741.498824,5655.81126,1941.991082,4799.507742,2,2,0.42993290017626706,1.0041300520377117,LOW,SYNTHETIC_UNCALIBRATED_OOF_RANK_PLUS_GRAPH,SYSTEM_DEMO,Demo-only band from uncalibrated ranking evidence; recorded after all inputs were available,2026-07-08T18:33:36+00:00
U0001052,2026-02-09T00:42:05+00:00,IOS,L2,31,25-34,SALARIED,TR,N/A,N/A,NONE,SYNTHETIC_GRAPH_SIGNAL,0,872.150278,595.897751,656.497208,215.65306999999996,2,2,0.16740521359737517,0.39008704854421505,LOW,SYNTHETIC_UNCALIBRATED_OOF_RANK_PLUS_GRAPH,SYSTEM_DEMO,Demo-only band from uncalibrated ranking evidence; recorded after all inputs were available,2026-07-08T18:33:36+00:00
U0001053,2026-01-08T22:50:19+00:00,ANDROID,L2,37,35-49,SALARIED,TR,N/A,N/A,NONE,BASELINE,0,2880.185177,1653.443702,1546.987576,1333.1976009999998,1,1,0.29846312212340437,0.6577610728450394,LOW,SYNTHETIC_UNCALIBRATED_OOF_RANK_PLUS_GRAPH,SYSTEM_DEMO,Demo-only band from uncalibrated ranking evidence; recorded after all inputs were available,2026-07-08T18:33:36+00:00
U0001054,2026-01-16T11:40:34+00:00,ANDROID,L2,37,35-49,RETIRED,TR,KA_09,N/A,REVIEW_ONLY,BASELINE,0,4068.239975,1096.828608,598.701472,3469.5385029999998,1,2,0.797241806529549,1.8058693198509286,LOW,SYNTHETIC_UNCALIBRATED_OOF_RANK_PLUS_GRAPH,SYSTEM_DEMO,Demo-only band from uncalibrated ranking evidence; recorded after all inputs were available,2026-07-08T18:33:36+00:00
U0001055,2026-03-03T10:14:21+00:00,ANDROID,L2,19,18-24,RETIRED,AE,N/A,N/A,NONE,BASELINE,0,10273.909121,7247.17663,7285.11861,2988.790511,1,2,0.1714841524145045,0.3660454191563371,MEDIUM,SYNTHETIC_UNCALIBRATED_OOF_RANK_PLUS_GRAPH,SYSTEM_DEMO,Demo-only band from uncalibrated ranking evidence; recorded after all inputs were available,2026-07-08T18:33:36+00:00
U0001056,2026-04-23T18:07:37+00:00,ANDROID,L1,70,50+,STUDENT,TR,N/A,N/A,NONE,BASELINE,0,3724.92549,3938.51023,938.424165,2786.501325,1,2,0.47665137588891643,1.0463153684582482,MEDIUM,MANUAL_REVIEW_SYNTHETIC,REVIEWER_DEMO,Synthetic documented override; T+1 must not overwrite,2026-07-08T19:33:36+00:00
U0001057,2026-03-22T15:32:52+00:00,IOS,L1,35,35-49,SALARIED,TR,N/A,BD_00,NONE,BASELINE,0,3161.8184069999998,4320.051126,422.541475,2739.2769319999998,1,1,0.6202390095458699,1.4792410138043268,LOW,SYNTHETIC_UNCALIBRATED_OOF_RANK_PLUS_GRAPH,SYSTEM_DEMO,Demo-only band from uncalibrated ranking evidence; recorded after all inputs were available,2026-07-08T18:33:36+00:00
U0001058,2026-04-21T00:10:47+00:00,ANDROID,L2,30,25-34,SALARIED,TR,N/A,N/A,NONE,BASELINE,0,7766.578156,8858.325677,1621.5947,6144.983456,2,3,0.5237337618939363,1.1898278944716807,LOW,SYNTHETIC_UNCALIBRATED_OOF_RANK_PLUS_GRAPH,SYSTEM_DEMO,Demo-only band from uncalibrated ranking evidence; recorded after all inputs were available,2026-07-08T18:33:36+00:00
U0001059,2026-04-11T04:39:30+00:00,WEB,L2,47,35-49,SALARIED,NL,N/A,N/A,REVIEW_ONLY,SYNTHETIC_GRAPH_SIGNAL,0,16105.758094,14442.761806999999,2535.802615,13569.955479,1,2,0.5479837088923486,1.2304881388250337,LOW,SYNTHETIC_UNCALIBRATED_OOF_RANK_PLUS_GRAPH,SYSTEM_DEMO,Demo-only band from uncalibrated ranking evidence; recorded after all inputs were available,2026-07-08T18:33:36+00:00
U0001060,2026-03-23T22:06:21+00:00,WEB,L2,29,25-34,SALARIED,AE,N/A,N/A,NONE,BASELINE,0,14651.931851,11666.562737,5220.502185,9431.429666,1,1,0.37437636247465644,0.8971207677164372,LOW,SYNTHETIC_UNCALIBRATED_OOF_RANK_PLUS_GRAPH,SYSTEM_DEMO,Demo-only band from uncalibrated ranking evidence; recorded after all inputs were available,2026-07-08T18:33:36+00:00
U0001061,2026-02-04T05:19:40+00:00,ANDROID,L2,47,35-49,SALARIED,DE,N/A,N/A,NONE,BASELINE,0,11050.082083,10046.597963,11368.739999000001,-318.65791600000193,1,2,0.0520597865291996,0.12217387307794506,LOW,SYNTHETIC_UNCALIBRATED_OOF_RANK_PLUS_GRAPH,SYSTEM_DEMO,Demo-only band from uncalibrated ranking evidence; recorded after all inputs were available,2026-07-08T18:33:36+00:00
U0001062,2026-02-21T13:56:15+00:00,IOS,L2,38,35-49,SALARIED,TR,N/A,N/A,NONE,BASELINE,0,2614.992268,1952.845836,317.589038,2297.40323,2,2,0.5929158277725257,1.4107691077301505,LOW,SYNTHETIC_UNCALIBRATED_OOF_RANK_PLUS_GRAPH,SYSTEM_DEMO,Demo-only band from uncalibrated ranking evidence; recorded after all inputs were available,2026-07-08T18:33:36+00:00
U0001063,2026-04-22T00:04:33+00:00,IOS,L1,49,35-49,SALARIED,AE,KA_06,N/A,NONE,BASELINE,0,5068.009369,1284.696935,822.043687,4245.965682,2,2,0.7952559316411972,1.7753785235692403,LOW,SYNTHETIC_UNCALIBRATED_OOF_RANK_PLUS_GRAPH,SYSTEM_DEMO,Demo-only band from uncalibrated ranking evidence; recorded after all inputs were available,2026-07-08T18:33:36+00:00
U0001064,2026-02-09T06:37:42+00:00,WEB,L2,26,25-34,SALARIED,TR,N/A,N/A,NONE,BASELINE,0,6562.010558,5450.9804970000005,2126.680347,4435.330211,1,1,0.39980403489781524,0.9410395938280378,LOW,SYNTHETIC_UNCALIBRATED_OOF_RANK_PLUS_GRAPH,SYSTEM_DEMO,Demo-only band from uncalibrated ranking evidence; recorded after all inputs were available,2026-07-08T18:33:36+00:00
U0001065,2026-01-11T12:37:30+00:00,WEB,L2,68,50+,SALARIED,TR,N/A,N/A,NONE,BASELINE,0,8872.63831,5659.874349,7165.343943,1707.2943670000004,2,2,0.1814650823493501,0.4442047921964602,LOW,SYNTHETIC_UNCALIBRATED_OOF_RANK_PLUS_GRAPH,SYSTEM_DEMO,Demo-only band from uncalibrated ranking evidence; recorded after all inputs were available,2026-07-08T18:33:36+00:00
U0001066,2026-01-23T11:30:35+00:00,IOS,L2,54,50+,SALARIED,AE,N/A,N/A,NONE,BASELINE,0,4451.46246,2325.004777,1588.946981,2862.5154789999997,2,3,0.4352562104547744,1.0265536425586712,MEDIUM,SYNTHETIC_UNCALIBRATED_OOF_RANK_PLUS_GRAPH,SYSTEM_DEMO,Demo-only band from uncalibrated ranking evidence; recorded after all inputs were available,2026-07-08T18:33:36+00:00
U0001067,2026-01-24T03:02:35+00:00,ANDROID,L1,54,50+,SALARIED,TR,N/A,N/A,REVIEW_ONLY,BASELINE,0,2653.325934,4262.2780999999995,1853.779268,799.546666,1,2,0.3426475354398967,0.8239457949514085,LOW,SYNTHETIC_UNCALIBRATED_OOF_RANK_PLUS_GRAPH,SYSTEM_DEMO,Demo-only band from uncalibrated ranking evidence; recorded after all inputs were available,2026-07-08T18:33:36+00:00
U0001068,2026-01-20T04:06:32+00:00,IOS,L2,22,18-24,OTHER,TR,N/A,BD_03,NONE,BASELINE,0,1172.841705,741.057856,62.337793,1110.5039120000001,2,1,0.6938673468863825,1.6857852267880977,LOW,SYNTHETIC_UNCALIBRATED_OOF_RANK_PLUS_GRAPH,SYSTEM_DEMO,Demo-only band from uncalibrated ranking evidence; recorded after all inputs were available,2026-07-08T18:33:36+00:00
U0001069,2026-01-03T09:33:43+00:00,ANDROID,L2,36,35-49,SALARIED,AE,N/A,N/A,NONE,BASELINE,0,1677.8394660000001,696.317308,2124.864986,-447.0255199999999,2,1,0.3978559503476386,0.9525721951609321,LOW,SYNTHETIC_UNCALIBRATED_OOF_RANK_PLUS_GRAPH,SYSTEM_DEMO,Demo-only band from uncalibrated ranking evidence; recorded after all inputs were available,2026-07-08T18:33:36+00:00
U0001070,2026-01-30T11:45:51+00:00,IOS,L2,41,35-49,SALARIED,TR,N/A,N/A,NONE,BASELINE,0,10485.082239,9575.436946,4189.867622,6295.214617,1,2,0.3436794218786687,0.7787770150350164,LOW,SYNTHETIC_UNCALIBRATED_OOF_RANK_PLUS_GRAPH,SYSTEM_DEMO,Demo-only band from uncalibrated ranking evidence; recorded after all inputs were available,2026-07-08T18:33:36+00:00
U0001071,2026-04-01T19:14:47+00:00,ANDROID,L2,45,35-49,SELF_EMPLOYED,AE,N/A,N/A,NONE,BASELINE,0,1715.282559,3236.717299,2955.257129,-1239.97457,1,3,0.2507577790859642,0.5772297811369969,LOW,SYNTHETIC_UNCALIBRATED_OOF_RANK_PLUS_GRAPH,SYSTEM_DEMO,Demo-only band from uncalibrated ranking evidence; recorded after all inputs were available,2026-07-08T18:33:36+00:00
U0001072,2026-02-17T03:46:43+00:00,WEB,L2,65,50+,SELF_EMPLOYED,GB,KA_03,N/A,NONE,BASELINE,0,1398.71682,473.627101,170.896591,1227.8202290000002,3,2,0.7668394080185127,1.8027543333087555,LOW,SYNTHETIC_UNCALIBRATED_OOF_RANK_PLUS_GRAPH,SYSTEM_DEMO,Demo-only band from uncalibrated ranking evidence; recorded after all inputs were available,2026-07-08T18:33:36+00:00
U0001073,2026-03-16T00:15:35+00:00,ANDROID,L2,70,50+,SELF_EMPLOYED,NL,N/A,N/A,REVIEW_ONLY,BASELINE,0,3344.141052,7560.431376,904.715018,2439.426034,2,3,0.6984177268070548,1.6908004962452838,LOW,SYNTHETIC_UNCALIBRATED_OOF_RANK_PLUS_GRAPH,SYSTEM_DEMO,Demo-only band from uncalibrated ranking evidence; recorded after all inputs were available,2026-07-08T18:33:36+00:00
U0001074,2026-02-03T23:20:33+00:00,WEB,L2,36,35-49,RETIRED,TR,N/A,N/A,NONE,BASELINE,0,461.814656,871.531455,486.362116,-24.54746,2,1,0.3093203890666193,0.6754656481530541,LOW,SYNTHETIC_UNCALIBRATED_OOF_RANK_PLUS_GRAPH,SYSTEM_DEMO,Demo-only band from uncalibrated ranking evidence; recorded after all inputs were available,2026-07-08T18:33:36+00:00
U0001075,2026-03-22T01:52:19+00:00,IOS,L2,33,25-34,SALARIED,TR,N/A,N/A,NONE,BASELINE,0,1157.439104,683.9283300000001,438.25186399999996,719.1872400000001,2,1,0.3927992143550129,0.946457034248181,LOW,SYNTHETIC_UNCALIBRATED_OOF_RANK_PLUS_GRAPH,SYSTEM_DEMO,Demo-only band from uncalibrated ranking evidence; recorded after all inputs were available,2026-07-08T18:33:36+00:00
U0001076,2026-02-22T12:02:29+00:00,ANDROID,L2,38,35-49,SALARIED,TR,N/A,N/A,NONE,BASELINE,0,2985.708552,1520.466717,411.495024,2574.213528,2,3,0.6431508203653203,1.5703860006622856,LOW,SYNTHETIC_UNCALIBRATED_OOF_RANK_PLUS_GRAPH,SYSTEM_DEMO,Demo-only band from uncalibrated ranking evidence; recorded after all inputs were available,2026-07-08T18:33:36+00:00
U0001077,2026-03-16T01:39:28+00:00,WEB,L2,70,50+,SALARIED,TR,N/A,N/A,NONE,BASELINE,0,11871.040541999999,13577.663825,12110.964627000001,-239.92408500000238,2,1,0.06025176272921623,0.13631296510674468,MEDIUM,SYNTHETIC_UNCALIBRATED_OOF_RANK_PLUS_GRAPH,SYSTEM_DEMO,Demo-only band from uncalibrated ranking evidence; recorded after all inputs were available,2026-07-08T18:33:36+00:00
U0001078,2026-04-28T00:40:16+00:00,ANDROID,L2,51,50+,SALARIED,TR,N/A,N/A,NONE,BASELINE,0,6070.788133,6210.466845,3038.7704519999998,3032.0176810000003,2,2,0.2865545313402061,0.6210883410393921,LOW,SYNTHETIC_UNCALIBRATED_OOF_RANK_PLUS_GRAPH,SYSTEM_DEMO,Demo-only band from uncalibrated ranking evidence; recorded after all inputs were available,2026-07-08T18:33:36+00:00
U0001079,2026-03-09T17:21:07+00:00,IOS,L2,48,35-49,RETIRED,TR,N/A,BD_06,NONE,BASELINE,0,2207.800539,1573.942919,2563.4091009999997,-355.6085619999999,1,1,0.19348814482238946,0.46782146187952656,LOW,SYNTHETIC_UNCALIBRATED_OOF_RANK_PLUS_GRAPH,SYSTEM_DEMO,Demo-only band from uncalibrated ranking evidence; recorded after all inputs were available,2026-07-08T18:33:36+00:00
U0001080,2026-01-27T03:41:27+00:00,IOS,L2,20,18-24,RETIRED,DE,N/A,N/A,NONE,BASELINE,0,1427.170055,909.23569,305.70798099999996,1121.462074,2,3,0.5203552570083507,1.2733691925871324,LOW,SYNTHETIC_UNCALIBRATED_OOF_RANK_PLUS_GRAPH,SYSTEM_DEMO,Demo-only band from uncalibrated ranking evidence; recorded after all inputs were available,2026-07-08T18:33:36+00:00
U0001081,2026-01-23T18:07:41+00:00,IOS,L2,61,50+,OTHER,GB,KA_00,N/A,NONE,BASELINE,0,2457.0306279999995,2954.759214,1564.682006,892.3486219999995,2,2,0.24728912605086392,0.597756532937994,LOW,SYNTHETIC_UNCALIBRATED_OOF_RANK_PLUS_GRAPH,SYSTEM_DEMO,Demo-only band from uncalibrated ranking evidence; recorded after all inputs were available,2026-07-08T18:33:36+00:00
U0001082,2026-01-08T12:40:53+00:00,WEB,L2,61,50+,SELF_EMPLOYED,TR,N/A,N/A,NONE,SYNTHETIC_GRAPH_SIGNAL,0,15408.440439999998,12736.283040999999,1621.169193,13787.271246999999,1,2,0.6017018756097235,1.3895707477682615,LOW,SYNTHETIC_UNCALIBRATED_OOF_RANK_PLUS_GRAPH,SYSTEM_DEMO,Demo-only band from uncalibrated ranking evidence; recorded after all inputs were available,2026-07-08T18:33:36+00:00
U0001083,2026-02-13T06:50:07+00:00,IOS,L2,66,50+,SALARIED,TR,N/A,N/A,NONE,BASELINE,0,4758.476252,4086.33291,2576.1992229999996,2182.2770290000008,1,1,0.23970117827893525,0.5732270624718574,LOW,SYNTHETIC_UNCALIBRATED_OOF_RANK_PLUS_GRAPH,SYSTEM_DEMO,Demo-only band from uncalibrated ranking evidence; recorded after all inputs were available,2026-07-08T18:33:36+00:00
U0001084,2026-02-01T08:54:33+00:00,H5,L2,32,25-34,SELF_EMPLOYED,TR,N/A,N/A,NONE,BASELINE,0,1434.090206,672.367778,1208.893936,225.19627000000014,3,2,0.28912098454706475,0.6892683911516699,LOW,SYNTHETIC_UNCALIBRATED_OOF_RANK_PLUS_GRAPH,SYSTEM_DEMO,Demo-only band from uncalibrated ranking evidence; recorded after all inputs were available,2026-07-08T18:33:36+00:00
U0001085,2026-01-28T09:49:49+00:00,IOS,L2,62,50+,SELF_EMPLOYED,TR,N/A,N/A,NONE,BASELINE,0,441.748956,521.626877,207.215594,234.533362,1,1,0.3419646867027572,0.8057754629361386,LOW,SYNTHETIC_UNCALIBRATED_OOF_RANK_PLUS_GRAPH,SYSTEM_DEMO,Demo-only band from uncalibrated ranking evidence; recorded after all inputs were available,2026-07-08T18:33:36+00:00
U0001086,2026-03-15T10:25:49+00:00,ANDROID,L2,20,18-24,SELF_EMPLOYED,TR,N/A,N/A,NONE,BASELINE,0,9809.946749,6475.461539,1182.46919,8627.477559,1,2,0.610081302811788,1.4817159502977824,LOW,SYNTHETIC_UNCALIBRATED_OOF_RANK_PLUS_GRAPH,SYSTEM_DEMO,Demo-only band from uncalibrated ranking evidence; recorded after all inputs were available,2026-07-08T18:33:36+00:00
U0001087,2026-03-28T12:53:15+00:00,WEB,L2,67,50+,RETIRED,TR,N/A,N/A,NONE,BASELINE,0,2935.513955,4339.899026,1214.148516,1721.365439,1,1,0.45170799685736507,1.104562530504513,LOW,SYNTHETIC_UNCALIBRATED_OOF_RANK_PLUS_GRAPH,SYSTEM_DEMO,Demo-only band from uncalibrated ranking evidence; recorded after all inputs were available,2026-07-08T18:33:36+00:00
U0001088,2026-02-11T15:10:27+00:00,ANDROID,L1,42,35-49,SALARIED,NL,N/A,N/A,NONE,BASELINE,0,1864.730522,1992.7939390000001,1600.27915,264.451372,1,3,0.08983626752880786,0.21575425774329868,LOW,SYNTHETIC_UNCALIBRATED_OOF_RANK_PLUS_GRAPH,SYSTEM_DEMO,Demo-only band from uncalibrated ranking evidence; recorded after all inputs were available,2026-07-08T18:33:36+00:00
U0001089,2026-02-28T09:44:31+00:00,ANDROID,L2,58,50+,SALARIED,TR,N/A,N/A,NONE,SYNTHETIC_GRAPH_SIGNAL,0,14811.293396000001,3978.12413,4775.608083,10035.685313000002,1,2,0.6275739838024258,1.379141628668026,MEDIUM,SYNTHETIC_UNCALIBRATED_OOF_RANK_PLUS_GRAPH,SYSTEM_DEMO,Demo-only band from uncalibrated ranking evidence; recorded after all inputs were available,2026-07-08T18:33:36+00:00
U0001090,2026-01-31T00:24:47+00:00,IOS,L2,31,25-34,SELF_EMPLOYED,TR,KA_09,BD_01,NONE,BASELINE,0,26428.106068,18774.156638,1303.774596,25124.331472,1,2,0.678279329422691,1.620714186559141,LOW,SYNTHETIC_UNCALIBRATED_OOF_RANK_PLUS_GRAPH,SYSTEM_DEMO,Demo-only band from uncalibrated ranking evidence; recorded after all inputs were available,2026-07-08T18:33:36+00:00
U0001091,2026-04-10T23:10:09+00:00,ANDROID,L1,61,50+,SELF_EMPLOYED,TR,N/A,N/A,NONE,BASELINE,0,14401.262555,9273.843924,6404.945837,7996.316717999999,1,1,0.32987994520205816,0.797503604780632,LOW,SYNTHETIC_UNCALIBRATED_OOF_RANK_PLUS_GRAPH,SYSTEM_DEMO,Demo-only band from uncalibrated ranking evidence; recorded after all inputs were available,2026-07-08T18:33:36+00:00
U0001092,2026-03-11T16:34:19+00:00,H5,L2,32,25-34,RETIRED,NL,N/A,N/A,NONE,BASELINE,0,11708.144116,5801.414911,8119.2479189999995,3588.896197,1,2,0.2844398614439168,0.6914167972132494,LOW,SYNTHETIC_UNCALIBRATED_OOF_RANK_PLUS_GRAPH,SYSTEM_DEMO,Demo-only band from uncalibrated ranking evidence; recorded after all inputs were available,2026-07-08T18:33:36+00:00
U0001093,2026-04-17T15:05:55+00:00,ANDROID,L2,55,50+,SALARIED,TR,N/A,N/A,NONE,BASELINE,0,13222.700975,10266.197232,2565.183831,10657.517144,1,3,0.5172697135020876,1.227160925699393,MEDIUM,SYNTHETIC_UNCALIBRATED_OOF_RANK_PLUS_GRAPH,SYSTEM_DEMO,Demo-only band from uncalibrated ranking evidence; recorded after all inputs were available,2026-07-08T18:33:36+00:00
U0001094,2026-03-27T06:11:00+00:00,ANDROID,L2,27,25-34,SALARIED,TR,N/A,N/A,NONE,BASELINE,0,4270.554271,4194.837602,3327.6232950000003,942.9309759999996,1,1,0.10882042180569806,0.23987020178485355,MEDIUM,SYNTHETIC_UNCALIBRATED_OOF_RANK_PLUS_GRAPH,SYSTEM_DEMO,Demo-only band from uncalibrated ranking evidence; recorded after all inputs were available,2026-07-08T18:33:36+00:00
U0001095,2026-03-23T06:44:54+00:00,ANDROID,L2,61,50+,SALARIED,TR,N/A,N/A,NONE,BASELINE,0,24198.491383,17774.991368,8164.366008,16034.125375,2,1,0.39424516350921696,0.9594024736923994,MEDIUM,SYNTHETIC_UNCALIBRATED_OOF_RANK_PLUS_GRAPH,SYSTEM_DEMO,Demo-only band from uncalibrated ranking evidence; recorded after all inputs were available,2026-07-08T18:33:36+00:00
U0001096,2026-04-18T19:08:34+00:00,ANDROID,L2,52,50+,SELF_EMPLOYED,TR,N/A,N/A,NONE,BASELINE,0,782.373121,384.81247,875.309346,-92.93622500000004,2,1,0.31245315387542094,0.7204378338197075,LOW,SYNTHETIC_UNCALIBRATED_OOF_RANK_PLUS_GRAPH,SYSTEM_DEMO,Demo-only band from uncalibrated ranking evidence; recorded after all inputs were available,2026-07-08T18:33:36+00:00
U0001097,2026-04-22T15:29:22+00:00,WEB,L2,46,35-49,OTHER,AE,N/A,N/A,NONE,BASELINE,0,602.672646,936.289761,705.472631,-102.79998499999999,2,2,0.1864625156419139,0.4459257354545006,LOW,SYNTHETIC_UNCALIBRATED_OOF_RANK_PLUS_GRAPH,SYSTEM_DEMO,Demo-only band from uncalibrated ranking evidence; recorded after all inputs were available,2026-07-08T18:33:36+00:00
U0001098,2026-03-15T05:07:14+00:00,IOS,L1,69,50+,RETIRED,GB,N/A,N/A,NONE,BASELINE,0,12443.844434,10436.818224999999,9667.205391,2776.639043000001,3,1,0.10788528309867493,0.25592819524165433,MEDIUM,SYNTHETIC_UNCALIBRATED_OOF_RANK_PLUS_GRAPH,SYSTEM_DEMO,Demo-only band from uncalibrated ranking evidence; recorded after all inputs were available,2026-07-08T18:33:36+00:00
U0001099,2026-04-09T10:06:43+00:00,WEB,L2,33,25-34,RETIRED,TR,KA_06,N/A,NONE,BASELINE,0,766.748336,644.780936,178.666,588.0823359999999,2,1,0.47808591912028015,1.1094530584165891,LOW,SYNTHETIC_UNCALIBRATED_OOF_RANK_PLUS_GRAPH,SYSTEM_DEMO,Demo-only band from uncalibrated ranking evidence; recorded after all inputs were available,2026-07-08T18:33:36+00:00
U0001100,2026-03-04T06:31:43+00:00,ANDROID,L2,25,25-34,SALARIED,TR,N/A,N/A,NONE,BASELINE,0,2234.168817,2463.282566,2842.676657,-608.5078399999998,2,1,0.09983976450553708,0.24210776134247178,MEDIUM,SYNTHETIC_UNCALIBRATED_OOF_RANK_PLUS_GRAPH,SYSTEM_DEMO,Demo-only band from uncalibrated ranking evidence; recorded after all inputs were available,2026-07-08T18:33:36+00:00
U0001101,2026-02-13T04:46:01+00:00,ANDROID,L2,65,50+,STUDENT,TR,N/A,BD_04,NONE,BASELINE,0,13300.658142,15565.034292,10450.204136,2850.454006,1,2,0.1596823568594191,0.3902871816920135,MEDIUM,SYNTHETIC_UNCALIBRATED_OOF_RANK_PLUS_GRAPH,SYSTEM_DEMO,Demo-only band from uncalibrated ranking evidence; recorded after all inputs were available,2026-07-08T18:33:36+00:00
U0001102,2026-02-18T17:14:21+00:00,ANDROID,L2,36,35-49,SELF_EMPLOYED,TR,N/A,N/A,NONE,BASELINE,0,3463.709328,3544.8533159999997,1912.368622,1551.340706,2,1,0.2526078170747732,0.5489846223415572,LOW,SYNTHETIC_UNCALIBRATED_OOF_RANK_PLUS_GRAPH,SYSTEM_DEMO,Demo-only band from uncalibrated ranking evidence; recorded after all inputs were available,2026-07-08T18:33:36+00:00
U0001103,2026-03-21T10:19:52+00:00,IOS,L1,26,25-34,SALARIED,TR,N/A,N/A,NONE,BASELINE,0,7162.960874,8857.922921,1026.116951,6136.843923,3,1,0.592075601345278,1.3782728269964493,LOW,SYNTHETIC_UNCALIBRATED_OOF_RANK_PLUS_GRAPH,SYSTEM_DEMO,Demo-only band from uncalibrated ranking evidence; recorded after all inputs were available,2026-07-08T18:33:36+00:00
U0001104,2026-02-03T01:18:31+00:00,ANDROID,L2,62,50+,SELF_EMPLOYED,TR,N/A,N/A,NONE,BASELINE,0,479.919798,1202.954446,1191.751333,-711.8315349999999,1,3,0.3529838422757641,0.7545692076752853,LOW,SYNTHETIC_UNCALIBRATED_OOF_RANK_PLUS_GRAPH,SYSTEM_DEMO,Demo-only band from uncalibrated ranking evidence; recorded after all inputs were available,2026-07-08T18:33:36+00:00
U0001105,2026-02-14T01:00:02+00:00,WEB,L2,31,25-34,SALARIED,AE,N/A,N/A,REVIEW_ONLY,BASELINE,0,909.918327,2143.821648,1600.864771,-690.946444,1,2,0.3254487917904918,0.7952791192809909,LOW,SYNTHETIC_UNCALIBRATED_OOF_RANK_PLUS_GRAPH,SYSTEM_DEMO,Demo-only band from uncalibrated ranking evidence; recorded after all inputs were available,2026-07-08T18:33:36+00:00
U0001106,2026-02-08T02:11:46+00:00,ANDROID,L2,46,35-49,OTHER,TR,N/A,N/A,NONE,BASELINE,0,3641.410908,4396.403236,2265.710184,1375.7007239999998,1,2,0.25682555731875983,0.6203779359873416,LOW,SYNTHETIC_UNCALIBRATED_OOF_RANK_PLUS_GRAPH,SYSTEM_DEMO,Demo-only band from uncalibrated ranking evidence; recorded after all inputs were available,2026-07-08T18:33:36+00:00
U0001107,2026-03-05T20:51:00+00:00,ANDROID,L2,66,50+,SELF_EMPLOYED,TR,N/A,N/A,NONE,BASELINE,0,16533.398104,8190.341648,3150.762701,13382.635403,1,2,0.5939453740729121,1.4403093392140196,LOW,SYNTHETIC_UNCALIBRATED_OOF_RANK_PLUS_GRAPH,SYSTEM_DEMO,Demo-only band from uncalibrated ranking evidence; recorded after all inputs were available,2026-07-08T18:33:36+00:00
U0001108,2026-01-01T16:52:09+00:00,IOS,L2,45,35-49,SELF_EMPLOYED,AE,KA_03,N/A,NONE,BASELINE,0,7914.481298,3423.7711470000004,3707.873031,4206.608267,2,1,0.4093923209844814,0.8953886815904417,MEDIUM,SYNTHETIC_UNCALIBRATED_OOF_RANK_PLUS_GRAPH,SYSTEM_DEMO,Demo-only band from uncalibrated ranking evidence; recorded after all inputs were available,2026-07-08T18:33:36+00:00
U0001109,2026-01-07T00:57:34+00:00,ANDROID,L1,65,50+,SALARIED,GB,N/A,N/A,NONE,BASELINE,0,39592.54055,7820.557114,26598.944586999998,12993.595963,2,2,0.5286568980303376,1.2878438076975527,LOW,SYNTHETIC_UNCALIBRATED_OOF_RANK_PLUS_GRAPH,SYSTEM_DEMO,Demo-only band from uncalibrated ranking evidence; recorded after all inputs were available,2026-07-08T18:33:36+00:00
U0001110,2026-01-20T13:40:22+00:00,ANDROID,L2,40,35-49,OTHER,TR,N/A,N/A,NONE,BASELINE,0,619.627954,584.112927,710.977486,-91.34953199999995,2,1,0.08372734565338706,0.19877266733296028,LOW,SYNTHETIC_UNCALIBRATED_OOF_RANK_PLUS_GRAPH,SYSTEM_DEMO,Demo-only band from uncalibrated ranking evidence; recorded after all inputs were available,2026-07-08T18:33:36+00:00
U0001111,2026-04-03T11:45:39+00:00,ANDROID,L2,40,35-49,SALARIED,TR,N/A,N/A,REVIEW_ONLY,BASELINE,1,3465.372238,2894.907309,3579.627959,-114.255721,1,1,0.09039457938424526,0.2066580547917625,MEDIUM,SYNTHETIC_UNCALIBRATED_OOF_RANK_PLUS_GRAPH,SYSTEM_DEMO,Demo-only band from uncalibrated ranking evidence; recorded after all inputs were available,2026-07-08T18:33:36+00:00
U0001112,2026-02-15T05:34:09+00:00,ANDROID,L1,25,25-34,SALARIED,DE,N/A,BD_07,NONE,BASELINE,0,1047.529019,1063.596458,447.68444999999997,599.8445690000001,1,3,0.33605267417323587,0.7221075721580941,LOW,SYNTHETIC_UNCALIBRATED_OOF_RANK_PLUS_GRAPH,SYSTEM_DEMO,Demo-only band from uncalibrated ranking evidence; recorded after all inputs were available,2026-07-08T18:33:36+00:00
U0001113,2026-01-07T07:32:03+00:00,ANDROID,L1,59,50+,SELF_EMPLOYED,TR,N/A,N/A,NONE,BASELINE,0,13363.207346,8039.506438,6984.026804,6379.180541999999,2,2,0.29505134996620547,0.6741718573385653,LOW,SYNTHETIC_UNCALIBRATED_OOF_RANK_PLUS_GRAPH,SYSTEM_DEMO,Demo-only band from uncalibrated ranking evidence; recorded after all inputs were available,2026-07-08T18:33:36+00:00
U0001114,2026-01-14T13:24:49+00:00,ANDROID,L1,44,35-49,SELF_EMPLOYED,TR,N/A,N/A,NONE,BASELINE,0,3466.161346,3074.078971,672.6432540000001,2793.518092,1,2,0.513614427397583,1.1618868090003165,LOW,SYNTHETIC_UNCALIBRATED_OOF_RANK_PLUS_GRAPH,SYSTEM_DEMO,Demo-only band from uncalibrated ranking evidence; recorded after all inputs were available,2026-07-08T18:33:36+00:00
U0001115,2026-03-27T19:30:14+00:00,IOS,L2,36,35-49,SALARIED,TR,N/A,N/A,NONE,BASELINE,0,11015.235226,12298.714791,3276.417661,7738.817565000001,1,1,0.4496247514536686,1.0179209147376425,LOW,SYNTHETIC_UNCALIBRATED_OOF_RANK_PLUS_GRAPH,SYSTEM_DEMO,Demo-only band from uncalibrated ranking evidence; recorded after all inputs were available,2026-07-08T18:33:36+00:00
U0001116,2026-04-13T04:47:17+00:00,IOS,L2,28,25-34,SELF_EMPLOYED,NL,N/A,N/A,NONE,BASELINE,0,595.5979629999999,1809.8497929999999,1936.736916,-1341.1389530000001,2,2,0.41767099006156644,0.9265881492660755,LOW,SYNTHETIC_UNCALIBRATED_OOF_RANK_PLUS_GRAPH,SYSTEM_DEMO,Demo-only band from uncalibrated ranking evidence; recorded after all inputs were available,2026-07-08T18:33:36+00:00
U0001117,2026-01-18T03:01:41+00:00,H5,L2,43,35-49,SELF_EMPLOYED,TR,KA_00,N/A,NONE,BASELINE,0,3779.770953,2582.424988,1885.9698050000002,1893.801148,2,1,0.28446444149750605,0.6888081082457918,LOW,SYNTHETIC_UNCALIBRATED_OOF_RANK_PLUS_GRAPH,SYSTEM_DEMO,Demo-only band from uncalibrated ranking evidence; recorded after all inputs were available,2026-07-08T18:33:36+00:00
U0001118,2026-03-26T18:31:51+00:00,ANDROID,L2,21,18-24,SALARIED,DE,N/A,N/A,NONE,BASELINE,0,1373.918553,388.73036,155.086132,1218.832421,3,1,0.8262511596370495,1.906674893663426,LOW,SYNTHETIC_UNCALIBRATED_OOF_RANK_PLUS_GRAPH,SYSTEM_DEMO,Demo-only band from uncalibrated ranking evidence; recorded after all inputs were available,2026-07-08T18:33:36+00:00
U0001119,2026-02-14T04:29:23+00:00,ANDROID,L2,35,35-49,STUDENT,TR,N/A,N/A,REVIEW_ONLY,BASELINE,0,1102.046507,1039.133676,626.827816,475.21869100000004,2,1,0.2284267529660158,0.5150476709297979,LOW,SYNTHETIC_UNCALIBRATED_OOF_RANK_PLUS_GRAPH,SYSTEM_DEMO,Demo-only band from uncalibrated ranking evidence; recorded after all inputs were available,2026-07-08T18:33:36+00:00
U0001120,2026-03-07T01:09:36+00:00,ANDROID,L2,24,18-24,SELF_EMPLOYED,NL,N/A,N/A,REVIEW_ONLY,BASELINE,0,4573.432562999999,5401.660023,220.907898,4352.524664999999,1,2,0.6685892753295231,1.524348336329483,LOW,SYNTHETIC_UNCALIBRATED_OOF_RANK_PLUS_GRAPH,SYSTEM_DEMO,Demo-only band from uncalibrated ranking evidence; recorded after all inputs were available,2026-07-08T18:33:36+00:00
U0001121,2026-02-05T10:53:51+00:00,IOS,L2,69,50+,STUDENT,GB,N/A,N/A,NONE,BASELINE,0,14373.519159,15442.249175,8356.671805,6016.8473539999995,2,2,0.2451197235419369,0.5568607097842413,LOW,SYNTHETIC_UNCALIBRATED_OOF_RANK_PLUS_GRAPH,SYSTEM_DEMO,Demo-only band from uncalibrated ranking evidence; recorded after all inputs were available,2026-07-08T18:33:36+00:00
U0001122,2026-03-01T14:31:02+00:00,WEB,L2,46,35-49,SALARIED,TR,N/A,N/A,NONE,BASELINE,0,991.802955,964.057675,802.776351,189.02660400000002,1,1,0.09063354351226223,0.20556521786147985,LOW,SYNTHETIC_UNCALIBRATED_OOF_RANK_PLUS_GRAPH,SYSTEM_DEMO,Demo-only band from uncalibrated ranking evidence; recorded after all inputs were available,2026-07-08T18:33:36+00:00
U0001123,2026-04-12T12:15:40+00:00,ANDROID,L2,70,50+,SALARIED,TR,N/A,BD_02,NONE,BASELINE,0,14009.023304,8983.263434,11523.331478,2485.691826,2,3,0.17833647588131596,0.4368248459478788,MEDIUM,SYNTHETIC_UNCALIBRATED_OOF_RANK_PLUS_GRAPH,SYSTEM_DEMO,Demo-only band from uncalibrated ranking evidence; recorded after all inputs were available,2026-07-08T18:33:36+00:00
U0001124,2026-04-24T21:12:03+00:00,ANDROID,L1,41,35-49,RETIRED,TR,N/A,N/A,NONE,BASELINE,0,5601.826129,1570.13961,1286.952365,4314.873764,3,1,0.6989181717173572,1.5302927789168248,MEDIUM,SYNTHETIC_UNCALIBRATED_OOF_RANK_PLUS_GRAPH,SYSTEM_DEMO,Demo-only band from uncalibrated ranking evidence; recorded after all inputs were available,2026-07-08T18:33:36+00:00
U0001125,2026-03-13T08:08:26+00:00,IOS,L2,45,35-49,SALARIED,TR,N/A,N/A,NONE,BASELINE,0,3572.955203,8495.415878,3736.569249,-163.61404600000014,1,1,0.4333233837678916,0.9343522795191723,LOW,SYNTHETIC_UNCALIBRATED_OOF_RANK_PLUS_GRAPH,SYSTEM_DEMO,Demo-only band from uncalibrated ranking evidence; recorded after all inputs were available,2026-07-08T18:33:36+00:00
U0001126,2026-03-03T05:30:14+00:00,H5,L1,70,50+,SELF_EMPLOYED,TR,KA_09,N/A,NONE,BASELINE,0,5030.371247,2049.358265,1270.430709,3759.940538,2,1,0.5821568166000108,1.3508509196784189,LOW,SYNTHETIC_UNCALIBRATED_OOF_RANK_PLUS_GRAPH,SYSTEM_DEMO,Demo-only band from uncalibrated ranking evidence; recorded after all inputs were available,2026-07-08T18:33:36+00:00
U0001127,2026-03-03T15:41:20+00:00,WEB,L2,62,50+,SELF_EMPLOYED,TR,N/A,N/A,NONE,BASELINE,0,1733.613846,1727.887912,838.116677,895.497169,2,3,0.29360625659811745,0.6248209108815954,LOW,SYNTHETIC_UNCALIBRATED_OOF_RANK_PLUS_GRAPH,SYSTEM_DEMO,Demo-only band from uncalibrated ranking evidence; recorded after all inputs were available,2026-07-08T18:33:36+00:00
U0001128,2026-04-23T17:01:17+00:00,IOS,L2,62,50+,SALARIED,AE,N/A,N/A,NONE,BASELINE,0,9087.182808000001,19934.785502,11994.184758,-2907.001949999998,1,1,0.33533286935577494,0.7934144391368886,MEDIUM,SYNTHETIC_UNCALIBRATED_OOF_RANK_PLUS_GRAPH,SYSTEM_DEMO,Demo-only band from uncalibrated ranking evidence; recorded after all inputs were available,2026-07-08T18:33:36+00:00
U0001129,2026-03-17T04:03:24+00:00,IOS,L2,31,25-34,OTHER,TR,N/A,N/A,NONE,BASELINE,0,1749.442435,2351.7946970000003,1560.306805,189.13563,1,1,0.1788291899101078,0.4194021458496721,LOW,SYNTHETIC_UNCALIBRATED_OOF_RANK_PLUS_GRAPH,SYSTEM_DEMO,Demo-only band from uncalibrated ranking evidence; recorded after all inputs were available,2026-07-08T18:33:36+00:00
U0001130,2026-02-25T09:12:06+00:00,ANDROID,L2,44,35-49,SALARIED,TR,N/A,N/A,NONE,BASELINE,0,211.746874,252.780945,186.76010300000002,24.986770999999976,3,3,0.12536851074559408,0.30410901125232287,MEDIUM,SYNTHETIC_UNCALIBRATED_OOF_RANK_PLUS_GRAPH,SYSTEM_DEMO,Demo-only band from uncalibrated ranking evidence; recorded after all inputs were available,2026-07-08T18:33:36+00:00
U0001131,2026-02-11T10:01:24+00:00,ANDROID,L1,26,25-34,SALARIED,TR,N/A,N/A,NONE,BASELINE,0,13546.954736,3313.956427,6135.5857,7411.369036,1,2,0.5629642457355117,1.3349422353277147,LOW,SYNTHETIC_UNCALIBRATED_OOF_RANK_PLUS_GRAPH,SYSTEM_DEMO,Demo-only band from uncalibrated ranking evidence; recorded after all inputs were available,2026-07-08T18:33:36+00:00
U0001132,2026-04-21T04:55:15+00:00,IOS,L2,71,50+,SALARIED,TR,N/A,N/A,NONE,SYNTHETIC_GRAPH_SIGNAL,0,4418.911726,1475.779738,1958.5489929999999,2460.3627330000004,3,3,0.49232237737660267,1.1242997094441318,LOW,SYNTHETIC_UNCALIBRATED_OOF_RANK_PLUS_GRAPH,SYSTEM_DEMO,Demo-only band from uncalibrated ranking evidence; recorded after all inputs were available,2026-07-08T18:33:36+00:00
U0001133,2026-01-03T00:12:43+00:00,IOS,L2,27,25-34,OTHER,TR,N/A,N/A,NONE,SYNTHETIC_GRAPH_SIGNAL,0,2113.844434,2242.102422,268.690071,1845.154363,2,3,0.5848458698340223,1.2801517495213304,LOW,SYNTHETIC_UNCALIBRATED_OOF_RANK_PLUS_GRAPH,SYSTEM_DEMO,Demo-only band from uncalibrated ranking evidence; recorded after all inputs were available,2026-07-08T18:33:36+00:00
U0001134,2026-01-07T17:30:15+00:00,IOS,L2,59,50+,SALARIED,TR,N/A,BD_05,NONE,BASELINE,0,1410.20057,4025.003346,1097.3538819999999,312.8466880000001,3,1,0.602794667237728,1.3444884321863908,LOW,SYNTHETIC_UNCALIBRATED_OOF_RANK_PLUS_GRAPH,SYSTEM_DEMO,Demo-only band from uncalibrated ranking evidence; recorded after all inputs were available,2026-07-08T18:33:36+00:00
U0001135,2026-01-14T22:38:11+00:00,ANDROID,L2,61,50+,SELF_EMPLOYED,TR,KA_06,N/A,NONE,BASELINE,0,2029.887579,1361.625336,692.253741,1337.633838,3,1,0.40116404993009974,0.9826471128324917,LOW,SYNTHETIC_UNCALIBRATED_OOF_RANK_PLUS_GRAPH,SYSTEM_DEMO,Demo-only band from uncalibrated ranking evidence; recorded after all inputs were available,2026-07-08T18:33:36+00:00
U0001136,2026-01-16T04:09:10+00:00,WEB,L2,55,50+,SALARIED,TR,N/A,N/A,NONE,BASELINE,0,12859.121223,6529.369052,2612.340855,10246.780368,3,1,0.5756657325500983,1.397235446350158,LOW,SYNTHETIC_UNCALIBRATED_OOF_RANK_PLUS_GRAPH,SYSTEM_DEMO,Demo-only band from uncalibrated ranking evidence; recorded after all inputs were available,2026-07-08T18:33:36+00:00
U0001137,2026-04-13T09:10:33+00:00,H5,L1,39,35-49,SELF_EMPLOYED,TR,N/A,N/A,NONE,BASELINE,0,672.315706,565.81485,67.64547400000001,604.6702319999999,2,2,0.6055086979151217,1.389220397926894,LOW,SYNTHETIC_UNCALIBRATED_OOF_RANK_PLUS_GRAPH,SYSTEM_DEMO,Demo-only band from uncalibrated ranking evidence; recorded after all inputs were available,2026-07-08T18:33:36+00:00
U0001138,2026-03-03T11:36:26+00:00,ANDROID,L2,63,50+,SALARIED,GB,N/A,N/A,NONE,BASELINE,0,1162.905189,199.356738,227.746818,935.1583710000001,2,2,0.8446737452582864,1.8180059462503146,LOW,SYNTHETIC_UNCALIBRATED_OOF_RANK_PLUS_GRAPH,SYSTEM_DEMO,Demo-only band from uncalibrated ranking evidence; recorded after all inputs were available,2026-07-08T18:33:36+00:00
U0001139,2026-04-07T00:49:18+00:00,ANDROID,L2,50,50+,STUDENT,TR,N/A,N/A,NONE,BASELINE,0,3045.2382660000003,4376.202071,2189.720932,855.5173340000001,3,2,0.2808091920547021,0.6824818805358034,LOW,SYNTHETIC_UNCALIBRATED_OOF_RANK_PLUS_GRAPH,SYSTEM_DEMO,Demo-only band from uncalibrated ranking evidence; recorded after all inputs were available,2026-07-08T18:33:36+00:00
U0001140,2026-03-14T00:53:08+00:00,IOS,L2,54,50+,SALARIED,DE,N/A,N/A,NONE,BASELINE,0,471.30280300000004,595.271555,65.460751,405.842052,1,3,0.5996319956990253,1.4040486901541849,LOW,SYNTHETIC_UNCALIBRATED_OOF_RANK_PLUS_GRAPH,SYSTEM_DEMO,Demo-only band from uncalibrated ranking evidence; recorded after all inputs were available,2026-07-08T18:33:36+00:00
U0001141,2026-02-09T02:27:01+00:00,ANDROID,L1,67,50+,STUDENT,NL,N/A,N/A,NONE,BASELINE,0,10227.480722,14646.453351999999,13145.994801,-2918.5140790000005,1,1,0.14477192594550148,0.34868339532105436,MEDIUM,SYNTHETIC_UNCALIBRATED_OOF_RANK_PLUS_GRAPH,SYSTEM_DEMO,Demo-only band from uncalibrated ranking evidence; recorded after all inputs were available,2026-07-08T18:33:36+00:00
U0001142,2026-01-11T12:34:10+00:00,IOS,L1,53,50+,OTHER,TR,N/A,N/A,NONE,BASELINE,0,679.602995,686.688314,469.351548,210.25144699999998,2,1,0.16477880043547213,0.35519452790810496,LOW,SYNTHETIC_UNCALIBRATED_OOF_RANK_PLUS_GRAPH,SYSTEM_DEMO,Demo-only band from uncalibrated ranking evidence; recorded after all inputs were available,2026-07-08T18:33:36+00:00
U0001143,2026-01-08T02:32:43+00:00,ANDROID,L2,21,18-24,SELF_EMPLOYED,TR,N/A,N/A,NONE,BASELINE,0,10114.279387,6596.103742,6754.958067,3359.321320000001,1,1,0.2074129195923342,0.4497921784661358,MEDIUM,SYNTHETIC_UNCALIBRATED_OOF_RANK_PLUS_GRAPH,SYSTEM_DEMO,Demo-only band from uncalibrated ranking evidence; recorded after all inputs were available,2026-07-08T18:33:36+00:00
U0001144,2026-01-28T08:21:58+00:00,ANDROID,L2,32,25-34,SELF_EMPLOYED,TR,KA_03,N/A,NONE,BASELINE,0,1134.288191,1199.398725,322.38715,811.9010410000001,1,1,0.4506278674007695,0.9905728001637737,MEDIUM,SYNTHETIC_UNCALIBRATED_OOF_RANK_PLUS_GRAPH,SYSTEM_DEMO,Demo-only band from uncalibrated ranking evidence; recorded after all inputs were available,2026-07-08T18:33:36+00:00
U0001145,2026-01-16T22:26:09+00:00,IOS,L2,29,25-34,SELF_EMPLOYED,NL,N/A,BD_00,NONE,BASELINE,0,6239.263025,6435.052196,2257.751839,3981.511186,2,1,0.3866934300291201,0.8392609690704135,MEDIUM,SYNTHETIC_UNCALIBRATED_OOF_RANK_PLUS_GRAPH,SYSTEM_DEMO,Demo-only band from uncalibrated ranking evidence; recorded after all inputs were available,2026-07-08T18:33:36+00:00
U0001146,2026-01-24T04:41:27+00:00,IOS,L2,20,18-24,SELF_EMPLOYED,TR,N/A,N/A,NONE,BASELINE,0,4728.9676309999995,1810.932548,4425.585671,303.3819599999997,2,2,0.3583796198895489,0.7983326383116895,MEDIUM,SYNTHETIC_UNCALIBRATED_OOF_RANK_PLUS_GRAPH,SYSTEM_DEMO,Demo-only band from uncalibrated ranking evidence; recorded after all inputs were available,2026-07-08T18:33:36+00:00
U0001147,2026-04-25T03:41:29+00:00,IOS,L2,21,18-24,SALARIED,TR,N/A,N/A,NONE,BASELINE,0,6756.6342429999995,12264.872331999999,2543.749025,4212.885217999999,1,1,0.5537183291610875,1.3523312898271418,MEDIUM,SYNTHETIC_UNCALIBRATED_OOF_RANK_PLUS_GRAPH,SYSTEM_DEMO,Demo-only band from uncalibrated ranking evidence; recorded after all inputs were available,2026-07-08T18:33:36+00:00
U0001148,2026-02-07T19:34:03+00:00,ANDROID,L2,34,25-34,SALARIED,NL,N/A,N/A,NONE,BASELINE,0,5462.261993,6084.358007,2385.443867,3076.818126,1,1,0.348216088226276,0.7964894882720251,LOW,SYNTHETIC_UNCALIBRATED_OOF_RANK_PLUS_GRAPH,SYSTEM_DEMO,Demo-only band from uncalibrated ranking evidence; recorded after all inputs were available,2026-07-08T18:33:36+00:00
U0001149,2026-01-10T19:51:28+00:00,ANDROID,L1,55,50+,RETIRED,TR,N/A,N/A,NONE,BASELINE,0,3892.5531,3931.639383,1412.55216,2480.00094,2,1,0.382733679750073,0.8181737139098261,LOW,SYNTHETIC_UNCALIBRATED_OOF_RANK_PLUS_GRAPH,SYSTEM_DEMO,Demo-only band from uncalibrated ranking evidence; recorded after all inputs were available,2026-07-08T18:33:36+00:00
U0001150,2026-01-03T08:14:54+00:00,WEB,L2,58,50+,SALARIED,TR,N/A,N/A,NONE,BASELINE,0,13475.372431,3544.172848,4432.446948,9042.925482999999,2,1,0.6274833216172161,1.3888499694448448,MEDIUM,SYNTHETIC_UNCALIBRATED_OOF_RANK_PLUS_GRAPH,SYSTEM_DEMO,Demo-only band from uncalibrated ranking evidence; recorded after all inputs were available,2026-07-08T18:33:36+00:00
U0001151,2026-03-13T03:14:57+00:00,ANDROID,L2,71,50+,SELF_EMPLOYED,TR,N/A,N/A,NONE,BASELINE,0,2963.169538,692.283229,1360.903047,1602.266491,1,1,0.5698433920765792,1.3580892543520835,LOW,SYNTHETIC_UNCALIBRATED_OOF_RANK_PLUS_GRAPH,SYSTEM_DEMO,Demo-only band from uncalibrated ranking evidence; recorded after all inputs were available,2026-07-08T18:33:36+00:00
U0001152,2026-04-28T17:23:43+00:00,ANDROID,L2,32,25-34,SELF_EMPLOYED,TR,N/A,N/A,NONE,BASELINE,0,1814.270203,396.177377,1348.978177,465.2920260000001,3,2,0.4974627122441913,1.1952148375713403,LOW,SYNTHETIC_UNCALIBRATED_OOF_RANK_PLUS_GRAPH,SYSTEM_DEMO,Demo-only band from uncalibrated ranking evidence; recorded after all inputs were available,2026-07-08T18:33:36+00:00
U0001153,2026-03-25T02:40:03+00:00,IOS,L1,37,35-49,SALARIED,TR,KA_00,N/A,NONE,BASELINE,0,4913.965529,4666.143626,5610.671862,-696.7063330000001,2,2,0.07896644691898917,0.18653318119910597,LOW,SYNTHETIC_UNCALIBRATED_OOF_RANK_PLUS_GRAPH,SYSTEM_DEMO,Demo-only band from uncalibrated ranking evidence; recorded after all inputs were available,2026-07-08T18:33:36+00:00
U0001154,2026-04-08T01:19:48+00:00,ANDROID,L2,34,25-34,OTHER,TR,N/A,N/A,NONE,BASELINE,0,4845.295736,6810.258823,3780.543983,1064.751753,1,1,0.24389779772164286,0.588823950253323,LOW,SYNTHETIC_UNCALIBRATED_OOF_RANK_PLUS_GRAPH,SYSTEM_DEMO,Demo-only band from uncalibrated ranking evidence; recorded after all inputs were available,2026-07-08T18:33:36+00:00
U0001155,2026-03-23T01:49:30+00:00,ANDROID,L2,43,35-49,SELF_EMPLOYED,DE,N/A,N/A,NONE,BASELINE,0,2342.896752,2163.129741,2032.616128,310.2806240000002,2,3,0.05836183617686052,0.14236010835191365,MEDIUM,SYNTHETIC_UNCALIBRATED_OOF_RANK_PLUS_GRAPH,SYSTEM_DEMO,Demo-only band from uncalibrated ranking evidence; recorded after all inputs were available,2026-07-08T18:33:36+00:00
U0001156,2026-03-14T05:13:27+00:00,ANDROID,L2,51,50+,OTHER,TR,N/A,BD_03,NONE,BASELINE,0,2378.217691,1318.815894,194.219098,2183.998593,1,1,0.6875005352930519,1.683775460695262,LOW,SYNTHETIC_UNCALIBRATED_OOF_RANK_PLUS_GRAPH,SYSTEM_DEMO,Demo-only band from uncalibrated ranking evidence; recorded after all inputs were available,2026-07-08T18:33:36+00:00
U0001157,2026-03-04T14:58:35+00:00,WEB,L2,53,50+,SELF_EMPLOYED,TR,N/A,N/A,NONE,BASELINE,0,5452.819124,2946.04864,3555.6177420000004,1897.2013819999993,1,1,0.26787592152923745,0.6290786373219933,LOW,SYNTHETIC_UNCALIBRATED_OOF_RANK_PLUS_GRAPH,SYSTEM_DEMO,Demo-only band from uncalibrated ranking evidence; recorded after all inputs were available,2026-07-08T18:33:36+00:00
U0001158,2026-03-03T20:05:09+00:00,ANDROID,L1,54,50+,SELF_EMPLOYED,TR,N/A,N/A,NONE,BASELINE,0,3940.420858,3689.18042,4100.307182,-159.8863239999996,3,1,0.04327843277806186,0.1051483300322361,MEDIUM,SYNTHETIC_UNCALIBRATED_OOF_RANK_PLUS_GRAPH,SYSTEM_DEMO,Demo-only band from uncalibrated ranking evidence; recorded after all inputs were available,2026-07-08T18:33:36+00:00
U0001159,2026-03-04T07:01:21+00:00,ANDROID,L2,25,25-34,RETIRED,DE,N/A,N/A,NONE,BASELINE,0,5743.145818,7878.073374,2019.0049159999999,3724.140902,2,3,0.4644000255280884,1.1238461324226954,MEDIUM,SYNTHETIC_UNCALIBRATED_OOF_RANK_PLUS_GRAPH,SYSTEM_DEMO,Demo-only band from uncalibrated ranking evidence; recorded after all inputs were available,2026-07-08T18:33:36+00:00
U0001160,2026-03-09T20:59:26+00:00,ANDROID,L2,32,25-34,SALARIED,TR,N/A,N/A,NONE,BASELINE,0,5120.324056,6915.392439,5497.18142,-376.8573639999995,2,2,0.13223924251759558,0.3071486057300756,MEDIUM,SYNTHETIC_UNCALIBRATED_OOF_RANK_PLUS_GRAPH,SYSTEM_DEMO,Demo-only band from uncalibrated ranking evidence; recorded after all inputs were available,2026-07-08T18:33:36+00:00
U0001161,2026-03-27T16:41:25+00:00,ANDROID,L2,41,35-49,SALARIED,TR,N/A,N/A,NONE,BASELINE,0,1672.359123,1383.911559,1426.100856,246.25826699999993,3,1,0.08513540744127404,0.19305465525646937,LOW,SYNTHETIC_UNCALIBRATED_OOF_RANK_PLUS_GRAPH,SYSTEM_DEMO,Demo-only band from uncalibrated ranking evidence; recorded after all inputs were available,2026-07-08T18:33:36+00:00
U0001162,2026-02-11T23:16:59+00:00,ANDROID,L2,52,50+,SELF_EMPLOYED,TR,KA_09,N/A,NONE,BASELINE,0,6381.111054,9888.550790000001,5176.615899,1204.4951549999996,2,1,0.2795949778093674,0.6591262522287292,LOW,SYNTHETIC_UNCALIBRATED_OOF_RANK_PLUS_GRAPH,SYSTEM_DEMO,Demo-only band from uncalibrated ranking evidence; recorded after all inputs were available,2026-07-08T18:33:36+00:00
U0001163,2026-01-04T17:41:26+00:00,H5,L2,62,50+,SALARIED,DE,N/A,N/A,NONE,BASELINE,0,4924.517238,4787.354365,207.694853,4716.822385,2,2,0.6629071511157903,1.4265207272683653,LOW,SYNTHETIC_UNCALIBRATED_OOF_RANK_PLUS_GRAPH,SYSTEM_DEMO,Demo-only band from uncalibrated ranking evidence; recorded after all inputs were available,2026-07-08T18:33:36+00:00
U0001164,2026-02-06T09:21:41+00:00,ANDROID,L2,20,18-24,SALARIED,TR,N/A,N/A,NONE,BASELINE,0,4272.535336,3984.161977,3957.6210690000003,314.91426699999965,1,1,0.03502655076253265,0.07734715695574529,MEDIUM,SYNTHETIC_UNCALIBRATED_OOF_RANK_PLUS_GRAPH,SYSTEM_DEMO,Demo-only band from uncalibrated ranking evidence; recorded after all inputs were available,2026-07-08T18:33:36+00:00
U0001165,2026-02-17T20:00:06+00:00,IOS,L2,44,35-49,OTHER,TR,N/A,N/A,REVIEW_ONLY,BASELINE,0,3277.529974,2941.587532,359.480381,2918.049593,1,1,0.5944885602837667,1.3307013028261108,LOW,SYNTHETIC_UNCALIBRATED_OOF_RANK_PLUS_GRAPH,SYSTEM_DEMO,Demo-only band from uncalibrated ranking evidence; recorded after all inputs were available,2026-07-08T18:33:36+00:00
U0001166,2026-01-22T06:17:34+00:00,IOS,L2,25,25-34,SALARIED,TR,N/A,N/A,NONE,BASELINE,0,7883.51516,6424.543561,7816.761903,66.7532570000003,2,1,0.0911986023969856,0.1978282613623597,MEDIUM,SYNTHETIC_UNCALIBRATED_OOF_RANK_PLUS_GRAPH,SYSTEM_DEMO,Demo-only band from uncalibrated ranking evidence; recorded after all inputs were available,2026-07-08T18:33:36+00:00
U0001167,2026-01-15T02:16:36+00:00,IOS,L2,60,50+,RETIRED,AE,N/A,BD_06,NONE,BASELINE,0,18871.717794,19628.948459,2898.1836319999998,15973.534162,1,1,0.5590498416292082,1.2124079441923363,MEDIUM,SYNTHETIC_UNCALIBRATED_OOF_RANK_PLUS_GRAPH,SYSTEM_DEMO,Demo-only band from uncalibrated ranking evidence; recorded after all inputs were available,2026-07-08T18:33:36+00:00
U0001168,2026-01-23T01:20:50+00:00,H5,L1,34,25-34,SALARIED,TR,N/A,N/A,NONE,BASELINE,0,21867.149643,2850.437973,866.849701,21000.299942,2,3,1.1100653309700685,2.46246962735186,MEDIUM,SYNTHETIC_UNCALIBRATED_OOF_RANK_PLUS_GRAPH,SYSTEM_DEMO,Demo-only band from uncalibrated ranking evidence; recorded after all inputs were available,2026-07-08T18:33:36+00:00
U0001169,2026-01-07T13:45:57+00:00,WEB,L2,46,35-49,OTHER,TR,N/A,N/A,NONE,BASELINE,0,17700.345670000002,17291.981695,9745.968859,7954.376811000002,1,1,0.24524482933434744,0.533393813513143,MEDIUM,SYNTHETIC_UNCALIBRATED_OOF_RANK_PLUS_GRAPH,SYSTEM_DEMO,Demo-only band from uncalibrated ranking evidence; recorded after all inputs were available,2026-07-08T18:33:36+00:00
U0001170,2026-01-10T04:12:18+00:00,ANDROID,L2,53,50+,OTHER,TR,N/A,N/A,NONE,BASELINE,0,4744.851747,5542.0581870000005,3929.955159,814.8965879999996,2,2,0.13888114763348058,0.3401811195620945,MEDIUM,SYNTHETIC_UNCALIBRATED_OOF_RANK_PLUS_GRAPH,SYSTEM_DEMO,Demo-only band from uncalibrated ranking evidence; recorded after all inputs were available,2026-07-08T18:33:36+00:00
U0001171,2026-04-13T06:33:06+00:00,ANDROID,L2,39,35-49,SALARIED,TR,KA_06,N/A,NONE,BASELINE,0,3786.172279,3005.760672,2016.448354,1769.7239249999998,1,3,0.24663872721000513,0.6027409113166224,LOW,SYNTHETIC_UNCALIBRATED_OOF_RANK_PLUS_GRAPH,SYSTEM_DEMO,Demo-only band from uncalibrated ranking evidence; recorded after all inputs were available,2026-07-08T18:33:36+00:00
U0001172,2026-02-03T18:48:57+00:00,ANDROID,L2,36,35-49,STUDENT,TR,N/A,N/A,NONE,BASELINE,0,1560.784937,700.305962,600.947834,959.837103,3,2,0.45173996489820045,1.006104940439323,MEDIUM,SYNTHETIC_UNCALIBRATED_OOF_RANK_PLUS_GRAPH,SYSTEM_DEMO,Demo-only band from uncalibrated ranking evidence; recorded after all inputs were available,2026-07-08T18:33:36+00:00
U0001173,2026-01-17T14:14:19+00:00,ANDROID,L1,20,18-24,RETIRED,TR,N/A,N/A,NONE,BASELINE,0,2054.524382,3143.9347169999996,1322.037944,732.4864380000001,2,2,0.3443888664197944,0.838232159750402,LOW,SYNTHETIC_UNCALIBRATED_OOF_RANK_PLUS_GRAPH,SYSTEM_DEMO,Demo-only band from uncalibrated ranking evidence; recorded after all inputs were available,2026-07-08T18:33:36+00:00
U0001174,2026-01-26T20:10:31+00:00,H5,L2,33,25-34,OTHER,AE,N/A,N/A,NONE,BASELINE,0,14566.071542,9497.223578,2424.876654,12141.194888,1,1,0.5639196039449041,1.37508866126247,LOW,SYNTHETIC_UNCALIBRATED_OOF_RANK_PLUS_GRAPH,SYSTEM_DEMO,Demo-only band from uncalibrated ranking evidence; recorded after all inputs were available,2026-07-08T18:33:36+00:00
U0001175,2026-03-10T10:00:16+00:00,IOS,L2,66,50+,STUDENT,TR,N/A,N/A,NONE,BASELINE,0,433.955263,361.671198,210.840238,223.115025,1,2,0.27705470629865137,0.6650444328312546,LOW,SYNTHETIC_UNCALIBRATED_OOF_RANK_PLUS_GRAPH,SYSTEM_DEMO,Demo-only band from uncalibrated ranking evidence; recorded after all inputs were available,2026-07-08T18:33:36+00:00
U0001176,2026-01-01T07:40:34+00:00,ANDROID,L2,70,50+,OTHER,TR,N/A,N/A,NONE,BASELINE,0,14123.607009,13122.717229,8831.829103,5291.777905999999,2,1,0.19086225737865542,0.4400262277270972,MEDIUM,SYNTHETIC_UNCALIBRATED_OOF_RANK_PLUS_GRAPH,SYSTEM_DEMO,Demo-only band from uncalibrated ranking evidence; recorded after all inputs were available,2026-07-08T18:33:36+00:00
U0001177,2026-01-30T03:10:00+00:00,IOS,L2,20,18-24,RETIRED,GB,N/A,N/A,NONE,BASELINE,0,79077.718448,70678.751401,34046.358341,45031.360107,3,2,0.3191140004649079,0.7349945680996326,LOW,SYNTHETIC_UNCALIBRATED_OOF_RANK_PLUS_GRAPH,SYSTEM_DEMO,Demo-only band from uncalibrated ranking evidence; recorded after all inputs were available,2026-07-08T18:33:36+00:00
U0001178,2026-04-13T05:28:11+00:00,IOS,L2,34,25-34,OTHER,NL,N/A,BD_01,NONE,BASELINE,0,15302.771374,9008.900278000001,3321.503434,11981.26794,1,2,0.531254966303766,1.3007482385985556,LOW,SYNTHETIC_UNCALIBRATED_OOF_RANK_PLUS_GRAPH,SYSTEM_DEMO,Demo-only band from uncalibrated ranking evidence; recorded after all inputs were available,2026-07-08T18:33:36+00:00
U0001179,2026-04-24T00:53:34+00:00,IOS,L2,66,50+,SALARIED,TR,N/A,N/A,NONE,BASELINE,0,2861.215909,3179.817426,2051.389055,809.8268539999999,1,1,0.17609291678851685,0.4183277824429033,MEDIUM,SYNTHETIC_UNCALIBRATED_OOF_RANK_PLUS_GRAPH,SYSTEM_DEMO,Demo-only band from uncalibrated ranking evidence; recorded after all inputs were available,2026-07-08T18:33:36+00:00
U0001180,2026-01-04T02:08:41+00:00,IOS,L2,53,50+,OTHER,TR,KA_03,N/A,NONE,BASELINE,0,3317.6090409999997,5794.695181,960.716849,2356.892192,1,1,0.5878077820502049,1.439680796236071,LOW,SYNTHETIC_UNCALIBRATED_OOF_RANK_PLUS_GRAPH,SYSTEM_DEMO,Demo-only band from uncalibrated ranking evidence; recorded after all inputs were available,2026-07-08T18:33:36+00:00
U0001181,2026-03-08T12:07:18+00:00,ANDROID,L2,65,50+,SALARIED,TR,N/A,N/A,NONE,BASELINE,0,2141.346002,2220.769578,1859.522709,281.82329300000015,1,1,0.07474032745442556,0.1741889445608045,MEDIUM,SYNTHETIC_UNCALIBRATED_OOF_RANK_PLUS_GRAPH,SYSTEM_DEMO,Demo-only band from uncalibrated ranking evidence; recorded after all inputs were available,2026-07-08T18:33:36+00:00
U0001182,2026-03-10T23:10:16+00:00,IOS,L1,58,50+,SALARIED,TR,N/A,N/A,NONE,BASELINE,0,4265.786204999999,2723.585212,4241.525077,24.26112799999919,1,2,0.19268723170391985,0.4119531313881948,MEDIUM,SYNTHETIC_UNCALIBRATED_OOF_RANK_PLUS_GRAPH,SYSTEM_DEMO,Demo-only band from uncalibrated ranking evidence; recorded after all inputs were available,2026-07-08T18:33:36+00:00
U0001183,2026-01-23T06:19:40+00:00,WEB,L1,56,50+,STUDENT,DE,N/A,N/A,NONE,BASELINE,0,5642.624909,6012.287556,3238.927323,2403.6975860000002,1,2,0.24766098195011665,0.5586256343178546,LOW,SYNTHETIC_UNCALIBRATED_OOF_RANK_PLUS_GRAPH,SYSTEM_DEMO,Demo-only band from uncalibrated ranking evidence; recorded after all inputs were available,2026-07-08T18:33:36+00:00
U0001184,2026-01-06T21:19:04+00:00,IOS,L2,32,25-34,SELF_EMPLOYED,TR,N/A,N/A,NONE,BASELINE,0,5876.88768,3212.402287,2988.090261,2888.797419,3,3,0.32592849692924447,0.7175721964029896,MEDIUM,SYNTHETIC_UNCALIBRATED_OOF_RANK_PLUS_GRAPH,SYSTEM_DEMO,Demo-only band from uncalibrated ranking evidence; recorded after all inputs were available,2026-07-08T18:33:36+00:00
U0001185,2026-03-20T19:15:18+00:00,WEB,L2,20,18-24,SALARIED,TR,N/A,N/A,NONE,BASELINE,0,5347.245824,6749.787286,6941.699762,-1594.4539380000006,3,2,0.11199224813921971,0.2512437065092092,MEDIUM,SYNTHETIC_UNCALIBRATED_OOF_RANK_PLUS_GRAPH,SYSTEM_DEMO,Demo-only band from uncalibrated ranking evidence; recorded after all inputs were available,2026-07-08T18:33:36+00:00
U0001186,2026-03-13T09:29:18+00:00,WEB,L2,55,50+,SALARIED,TR,N/A,N/A,NONE,BASELINE,0,4686.592372,6581.272624,3443.101218,1243.4911540000003,3,1,0.2631331895554491,0.639965729038279,MEDIUM,SYNTHETIC_UNCALIBRATED_OOF_RANK_PLUS_GRAPH,SYSTEM_DEMO,Demo-only band from uncalibrated ranking evidence; recorded after all inputs were available,2026-07-08T18:33:36+00:00
U0001187,2026-02-27T06:24:39+00:00,WEB,L2,57,50+,STUDENT,NL,N/A,N/A,NONE,BASELINE,0,2719.0299889999997,4390.051342,3621.522239,-902.4922500000002,2,2,0.19092736586862982,0.4671744721811581,MEDIUM,SYNTHETIC_UNCALIBRATED_OOF_RANK_PLUS_GRAPH,SYSTEM_DEMO,Demo-only band from uncalibrated ranking evidence; recorded after all inputs were available,2026-07-08T18:33:36+00:00
U0001188,2026-03-19T14:20:22+00:00,WEB,L2,47,35-49,RETIRED,TR,N/A,N/A,NONE,BASELINE,0,3225.526613,3491.0670020000002,3075.61514,149.91147300000011,2,3,0.05262855344083151,0.1272803324748974,LOW,SYNTHETIC_UNCALIBRATED_OOF_RANK_PLUS_GRAPH,SYSTEM_DEMO,Demo-only band from uncalibrated ranking evidence; recorded after all inputs were available,2026-07-08T18:33:36+00:00
U0001189,2026-02-26T14:06:23+00:00,ANDROID,L2,22,18-24,SALARIED,TR,KA_00,BD_04,NONE,BASELINE,0,2659.083204,2142.3780930000003,2225.6053570000004,433.47784699999966,1,3,0.09670734737415873,0.22059209188198475,MEDIUM,SYNTHETIC_UNCALIBRATED_OOF_RANK_PLUS_GRAPH,SYSTEM_DEMO,Demo-only band from uncalibrated ranking evidence; recorded after all inputs were available,2026-07-08T18:33:36+00:00
U0001190,2026-04-08T10:54:51+00:00,IOS,L2,71,50+,SALARIED,TR,N/A,N/A,NONE,BASELINE,0,4226.270438,3733.888428,1504.345927,2721.9245109999993,3,1,0.3753783025435098,0.8627787413705416,LOW,SYNTHETIC_UNCALIBRATED_OOF_RANK_PLUS_GRAPH,SYSTEM_DEMO,Demo-only band from uncalibrated ranking evidence; recorded after all inputs were available,2026-07-08T18:33:36+00:00
U0001191,2026-04-15T02:03:33+00:00,ANDROID,L2,66,50+,SALARIED,TR,N/A,N/A,NONE,BASELINE,0,3052.889832,3111.811475,3435.239256,-382.349424,3,2,0.052526398799589424,0.11948493477354877,MEDIUM,SYNTHETIC_UNCALIBRATED_OOF_RANK_PLUS_GRAPH,SYSTEM_DEMO,Demo-only band from uncalibrated ranking evidence; recorded after all inputs were available,2026-07-08T18:33:36+00:00
U0001192,2026-01-15T12:27:01+00:00,IOS,L2,59,50+,SALARIED,TR,N/A,N/A,NONE,BASELINE,0,4194.975899,3621.421622,1034.076357,3160.899542,1,1,0.46606278183769073,1.0714339996609161,LOW,SYNTHETIC_UNCALIBRATED_OOF_RANK_PLUS_GRAPH,SYSTEM_DEMO,Demo-only band from uncalibrated ranking evidence; recorded after all inputs were available,2026-07-08T18:33:36+00:00
U0001193,2026-04-19T16:57:21+00:00,ANDROID,L2,62,50+,SALARIED,GB,N/A,N/A,NONE,BASELINE,0,963.1936780000001,967.52009,267.42197,695.7717080000001,2,2,0.44903652978827385,0.9554889280454436,HIGH,SYNTHETIC_UNCALIBRATED_OOF_RANK_PLUS_GRAPH,SYSTEM_DEMO,Demo-only band from uncalibrated ranking evidence; recorded after all inputs were available,2026-07-08T18:33:36+00:00
U0001194,2026-04-21T09:55:44+00:00,WEB,L2,21,18-24,SALARIED,TR,N/A,N/A,NONE,BASELINE,0,2502.518009,2676.618187,2070.067062,432.4509469999998,1,3,0.1055291956252184,0.2510142577381709,LOW,SYNTHETIC_UNCALIBRATED_OOF_RANK_PLUS_GRAPH,SYSTEM_DEMO,Demo-only band from uncalibrated ranking evidence; recorded after all inputs were available,2026-07-08T18:33:36+00:00
U0001195,2026-04-19T08:50:10+00:00,ANDROID,L2,27,25-34,OTHER,TR,N/A,N/A,NONE,BASELINE,0,1504.140997,1044.146025,553.694428,950.446569,1,1,0.37532583008389286,0.919199470712502,LOW,SYNTHETIC_UNCALIBRATED_OOF_RANK_PLUS_GRAPH,SYSTEM_DEMO,Demo-only band from uncalibrated ranking evidence; recorded after all inputs were available,2026-07-08T18:33:36+00:00
U0001196,2026-04-17T05:39:54+00:00,ANDROID,L2,57,50+,SALARIED,TR,N/A,N/A,NONE,BASELINE,0,22779.043213,19928.208151,8330.707466,14448.335747000001,1,3,0.36728018748881025,0.8492699989311076,LOW,SYNTHETIC_UNCALIBRATED_OOF_RANK_PLUS_GRAPH,SYSTEM_DEMO,Demo-only band from uncalibrated ranking evidence; recorded after all inputs were available,2026-07-08T18:33:36+00:00
U0001197,2026-03-23T00:54:49+00:00,IOS,L2,60,50+,STUDENT,GB,N/A,N/A,NONE,BASELINE,0,5218.091936,4229.080303,3715.798173,1502.2937629999997,3,1,0.14209747402930273,0.34239090022502133,MEDIUM,SYNTHETIC_UNCALIBRATED_OOF_RANK_PLUS_GRAPH,SYSTEM_DEMO,Demo-only band from uncalibrated ranking evidence; recorded after all inputs were available,2026-07-08T18:33:36+00:00
U0001198,2026-03-16T06:26:34+00:00,IOS,L2,38,35-49,SALARIED,TR,KA_09,N/A,NONE,BASELINE,0,12577.253187,12441.635307,5455.270904999999,7121.982282000001,1,1,0.3274082183692062,0.701116856621191,MEDIUM,SYNTHETIC_UNCALIBRATED_OOF_RANK_PLUS_GRAPH,SYSTEM_DEMO,Demo-only band from uncalibrated ranking evidence; recorded after all inputs were available,2026-07-08T18:33:36+00:00
U0001199,2026-02-11T00:26:55+00:00,IOS,L2,25,25-34,OTHER,TR,N/A,N/A,NONE,BASELINE,0,1118.789593,1814.942449,1155.904153,-37.11455999999998,2,2,0.234578900170834,0.5106709908703749,LOW,SYNTHETIC_UNCALIBRATED_OOF_RANK_PLUS_GRAPH,SYSTEM_DEMO,Demo-only band from uncalibrated ranking evidence; recorded after all inputs were available,2026-07-08T18:33:36+00:00
U0001200,2026-03-09T22:03:31+00:00,ANDROID,L2,35,35-49,SALARIED,TR,N/A,BD_07,NONE,BASELINE,0,6804.238182,9968.909493,770.9006479999999,6033.337534,2,1,0.6524367876253022,1.572842597499268,LOW,SYNTHETIC_UNCALIBRATED_OOF_RANK_PLUS_GRAPH,SYSTEM_DEMO,Demo-only band from uncalibrated ranking evidence; recorded after all inputs were available,2026-07-08T18:33:36+00:00
