user_id,fraud_label,label_observed_at,fold,decision_tree_depth3_score,xgboost_oof_score,graph_score,xgboost_oof_percentile,combined_review_score,label_interpretation,automatic_relabel_allowed,automatic_enforcement_allowed
U0000001,0,2026-05-09 06:36:32+00:00,2,0.0,0.027728212997317314,0.0,0.43083333333333335,0.21541666666666667,INCONCLUSIVE_UNCONFIRMED,False,False
U0000002,0,2026-05-05 03:37:24+00:00,4,0.0,0.12516188621520996,0.0,0.8191666666666667,0.40958333333333335,INCONCLUSIVE_UNCONFIRMED,False,False
U0000003,0,2026-06-15 07:35:11+00:00,0,0.0,0.1992025226354599,0.0,0.8841666666666667,0.44208333333333333,INCONCLUSIVE_UNCONFIRMED,False,False
U0000004,0,2026-02-22 13:07:37+00:00,1,0.0,0.2246783971786499,0.0,0.8966666666666666,0.4483333333333333,INCONCLUSIVE_UNCONFIRMED,False,False
U0000005,0,2026-06-15 22:06:51+00:00,0,0.0,0.010170540772378445,0.0,0.06166666666666667,0.030833333333333334,INCONCLUSIVE_UNCONFIRMED,False,False
U0000006,1,2026-03-11 16:16:49+00:00,2,0.9702258726899385,0.9102866053581238,0.0,0.9975,0.49875,CONFIRMED_SYNTHETIC_FRAUD,False,False
U0000007,0,2026-05-05 21:54:30+00:00,3,0.0,0.013347138650715351,0.0,0.17583333333333334,0.08791666666666667,INCONCLUSIVE_UNCONFIRMED,False,False
U0000008,0,2026-06-15 18:28:57+00:00,3,0.0,0.01358872465789318,0.0,0.18666666666666668,0.09333333333333334,INCONCLUSIVE_UNCONFIRMED,False,False
U0000009,0,2026-04-21 13:05:06+00:00,0,0.0,0.011461911723017693,0.6321205588285577,0.12166666666666667,0.3768936127476122,INCONCLUSIVE_UNCONFIRMED,False,False
U0000010,0,2026-04-02 09:06:09+00:00,1,0.0,0.011747865937650204,0.0,0.13375,0.066875,INCONCLUSIVE_UNCONFIRMED,False,False
U0000011,0,2026-05-02 04:46:37+00:00,4,0.0,0.033411405980587006,0.0,0.4891666666666667,0.24458333333333335,INCONCLUSIVE_UNCONFIRMED,False,False
U0000012,0,2026-03-13 08:26:05+00:00,4,0.0,0.309403657913208,0.0,0.9308333333333333,0.46541666666666665,INCONCLUSIVE_UNCONFIRMED,False,False
U0000013,0,2026-05-14 21:49:47+00:00,4,0.0,0.1750624179840088,0.0,0.8716666666666667,0.43583333333333335,INCONCLUSIVE_UNCONFIRMED,False,False
U0000014,0,2026-05-18 06:26:56+00:00,1,0.0,0.41885849833488464,0.0,0.9516666666666667,0.47583333333333333,INCONCLUSIVE_UNCONFIRMED,False,False
U0000015,0,2026-05-05 22:24:23+00:00,4,0.0,0.008700051344931126,0.0,0.002916666666666667,0.0014583333333333334,INCONCLUSIVE_UNCONFIRMED,False,False
U0000016,0,2026-04-01 20:54:47+00:00,3,0.0,0.04026905447244644,0.0,0.5516666666666666,0.2758333333333333,INCONCLUSIVE_UNCONFIRMED,False,False
U0000017,1,2026-05-02 13:31:54+00:00,2,0.9702258726899385,0.5396501421928406,0.0,0.9666666666666667,0.48333333333333334,CONFIRMED_SYNTHETIC_FRAUD,False,False
U0000018,0,2026-03-17 16:50:47+00:00,1,0.0,0.10975077003240585,0.0,0.7891666666666667,0.39458333333333334,INCONCLUSIVE_UNCONFIRMED,False,False
U0000019,0,2026-05-28 14:28:21+00:00,2,0.0,0.08319780230522156,0.0,0.7216666666666667,0.36083333333333334,INCONCLUSIVE_UNCONFIRMED,False,False
U0000020,0,2026-02-23 02:50:32+00:00,1,0.0,0.3478565514087677,0.0,0.9408333333333333,0.47041666666666665,INCONCLUSIVE_UNCONFIRMED,False,False
U0000021,0,2026-03-17 16:51:58+00:00,0,0.0,0.009763653390109539,0.0,0.050833333333333335,0.025416666666666667,INCONCLUSIVE_UNCONFIRMED,False,False
U0000022,0,2026-06-21 20:53:30+00:00,4,0.0,0.09208391606807709,0.0,0.745,0.3725,INCONCLUSIVE_UNCONFIRMED,False,False
U0000023,0,2026-04-29 07:47:01+00:00,0,0.0,0.06526132673025131,0.0,0.6675,0.33375,INCONCLUSIVE_UNCONFIRMED,False,False
U0000024,0,2026-06-11 02:27:04+00:00,1,0.0,0.011562938801944256,0.0,0.12708333333333333,0.06354166666666666,INCONCLUSIVE_UNCONFIRMED,False,False
U0000025,0,2026-06-12 04:13:51+00:00,3,0.0,0.01890166662633419,0.0,0.2916666666666667,0.14583333333333334,INCONCLUSIVE_UNCONFIRMED,False,False
U0000026,0,2026-06-19 09:45:58+00:00,1,0.0,0.017580194398760796,0.0,0.2708333333333333,0.13541666666666666,INCONCLUSIVE_UNCONFIRMED,False,False
U0000027,0,2026-06-01 16:42:00+00:00,2,0.0,0.009801441803574562,0.0,0.05583333333333333,0.027916666666666666,INCONCLUSIVE_UNCONFIRMED,False,False
U0000028,0,2026-06-11 11:32:14+00:00,0,0.0,0.012950140982866287,0.0,0.16916666666666666,0.08458333333333333,INCONCLUSIVE_UNCONFIRMED,False,False
U0000029,0,2026-06-20 18:09:17+00:00,2,0.0,0.08426512032747269,0.0,0.725,0.3625,INCONCLUSIVE_UNCONFIRMED,False,False
U0000030,0,2026-03-11 15:50:30+00:00,3,0.0,0.02459597960114479,0.0,0.38666666666666666,0.19333333333333333,INCONCLUSIVE_UNCONFIRMED,False,False
U0000031,0,2026-02-28 00:31:46+00:00,1,0.0,0.013698874972760677,0.0,0.195,0.0975,INCONCLUSIVE_UNCONFIRMED,False,False
U0000032,0,2026-04-30 11:41:56+00:00,1,0.0,0.11851482093334198,0.0,0.8116666666666666,0.4058333333333333,INCONCLUSIVE_UNCONFIRMED,False,False
U0000033,0,2026-04-05 00:45:23+00:00,3,0.0,0.024910399690270424,0.0,0.39666666666666667,0.19833333333333333,INCONCLUSIVE_UNCONFIRMED,False,False
U0000034,0,2026-05-17 00:37:33+00:00,3,0.0,0.009546793065965176,0.0,0.041666666666666664,0.020833333333333332,INCONCLUSIVE_UNCONFIRMED,False,False
U0000035,0,2026-03-04 14:26:53+00:00,1,0.0,0.29699790477752686,0.0,0.925,0.4625,INCONCLUSIVE_UNCONFIRMED,False,False
U0000036,0,2026-04-12 16:14:31+00:00,1,0.0,0.035730503499507904,0.0,0.5141666666666667,0.25708333333333333,INCONCLUSIVE_UNCONFIRMED,False,False
U0000037,0,2026-04-01 08:47:48+00:00,1,0.0,0.07050096988677979,0.0,0.6858333333333333,0.34291666666666665,INCONCLUSIVE_UNCONFIRMED,False,False
U0000038,0,2026-05-17 14:59:34+00:00,2,0.0,0.02878062054514885,0.0,0.44333333333333336,0.22166666666666668,INCONCLUSIVE_UNCONFIRMED,False,False
U0000039,0,2026-03-20 22:33:55+00:00,0,0.0,0.05423726513981819,0.0,0.6175,0.30875,INCONCLUSIVE_UNCONFIRMED,False,False
U0000040,0,2026-05-14 02:38:46+00:00,2,0.0,0.03374455124139786,0.0,0.49416666666666664,0.24708333333333332,INCONCLUSIVE_UNCONFIRMED,False,False
U0000041,0,2026-06-02 14:29:55+00:00,2,0.0,0.0335862934589386,0.0,0.49,0.245,INCONCLUSIVE_UNCONFIRMED,False,False
U0000042,0,2026-05-22 04:10:27+00:00,4,0.0,0.0091828852891922,0.0,0.0225,0.01125,INCONCLUSIVE_UNCONFIRMED,False,False
U0000043,0,2026-05-16 14:26:22+00:00,0,0.0,0.078685462474823,0.0,0.7108333333333333,0.35541666666666666,INCONCLUSIVE_UNCONFIRMED,False,False
U0000044,0,2026-03-30 11:33:11+00:00,3,0.0,0.009005305357277393,0.0,0.010833333333333334,0.005416666666666667,INCONCLUSIVE_UNCONFIRMED,False,False
U0000045,0,2026-05-30 11:33:49+00:00,4,0.0,0.011270690709352493,0.0,0.11208333333333333,0.05604166666666666,INCONCLUSIVE_UNCONFIRMED,False,False
U0000046,0,2026-06-15 15:13:57+00:00,0,0.0,0.011461911723017693,0.0,0.12166666666666667,0.060833333333333336,INCONCLUSIVE_UNCONFIRMED,False,False
U0000047,0,2026-05-26 18:53:44+00:00,1,0.0,0.015836961567401886,0.0,0.23083333333333333,0.11541666666666667,INCONCLUSIVE_UNCONFIRMED,False,False
U0000048,0,2026-04-21 20:34:59+00:00,3,0.0,0.019105538725852966,0.0,0.2925,0.14625,INCONCLUSIVE_UNCONFIRMED,False,False
U0000049,0,2026-05-12 02:55:36+00:00,2,0.0,0.09001950919628143,0.0,0.7425,0.37125,INCONCLUSIVE_UNCONFIRMED,False,False
U0000050,1,2026-02-28 13:40:39+00:00,0,0.0,0.7574049234390259,0.0,0.985,0.4925,CONFIRMED_SYNTHETIC_FRAUD,False,False
U0000051,0,2026-03-19 06:40:49+00:00,2,0.0,0.020166568458080292,0.0,0.30416666666666664,0.15208333333333332,INCONCLUSIVE_UNCONFIRMED,False,False
U0000052,0,2026-03-10 04:40:57+00:00,4,0.0,0.06467515975236893,0.0,0.6625,0.33125,INCONCLUSIVE_UNCONFIRMED,False,False
U0000053,0,2026-04-23 16:30:37+00:00,0,0.0,0.016258032992482185,0.0,0.23958333333333334,0.11979166666666667,INCONCLUSIVE_UNCONFIRMED,False,False
U0000054,0,2026-05-19 18:35:14+00:00,3,0.0,0.1041225790977478,0.0,0.775,0.3875,INCONCLUSIVE_UNCONFIRMED,False,False
U0000055,0,2026-04-19 16:20:18+00:00,3,0.9672466734902765,0.8674783706665039,0.0,0.9941666666666666,0.4970833333333333,INCONCLUSIVE_UNCONFIRMED,False,False
U0000056,0,2026-06-09 23:22:49+00:00,3,0.0,0.06434287130832672,0.0,0.6608333333333334,0.3304166666666667,INCONCLUSIVE_UNCONFIRMED,False,False
U0000057,0,2026-03-07 08:09:58+00:00,2,0.0,0.024247651919722557,0.0,0.37833333333333335,0.18916666666666668,INCONCLUSIVE_UNCONFIRMED,False,False
U0000058,0,2026-04-24 08:09:42+00:00,0,0.0,0.05837472155690193,0.0,0.6416666666666667,0.32083333333333336,INCONCLUSIVE_UNCONFIRMED,False,False
U0000059,0,2026-03-11 06:24:09+00:00,4,0.0,0.10260751098394394,0.0,0.7741666666666667,0.38708333333333333,INCONCLUSIVE_UNCONFIRMED,False,False
U0000060,0,2026-05-06 22:28:04+00:00,3,0.0,0.18000315129756927,0.0,0.8741666666666666,0.4370833333333333,INCONCLUSIVE_UNCONFIRMED,False,False
U0000061,0,2026-05-08 19:30:27+00:00,3,0.0,0.07655235379934311,0.0,0.7041666666666667,0.35208333333333336,INCONCLUSIVE_UNCONFIRMED,False,False
U0000062,0,2026-06-10 02:03:02+00:00,0,0.0,0.01615646481513977,0.0,0.2375,0.11875,INCONCLUSIVE_UNCONFIRMED,False,False
U0000063,0,2026-03-03 16:47:05+00:00,4,0.0,0.2466677576303482,0.0,0.9075,0.45375,INCONCLUSIVE_UNCONFIRMED,False,False
U0000064,1,2026-03-12 00:40:25+00:00,0,0.9775147928994086,0.9240837693214417,0.0,0.9991666666666666,0.4995833333333333,CONFIRMED_SYNTHETIC_FRAUD,False,False
U0000065,0,2026-06-08 03:15:10+00:00,4,0.0,0.05260729789733887,0.0,0.6066666666666667,0.30333333333333334,INCONCLUSIVE_UNCONFIRMED,False,False
U0000066,0,2026-04-24 16:51:36+00:00,1,0.9702258726899385,0.5863619446754456,0.0,0.97,0.485,INCONCLUSIVE_UNCONFIRMED,False,False
U0000067,0,2026-03-04 09:23:22+00:00,1,0.0,0.011096067726612091,0.0,0.09916666666666667,0.04958333333333333,INCONCLUSIVE_UNCONFIRMED,False,False
U0000068,0,2026-06-09 18:39:02+00:00,4,0.0,0.02442583255469799,0.0,0.38166666666666665,0.19083333333333333,INCONCLUSIVE_UNCONFIRMED,False,False
U0000069,0,2026-06-07 19:05:28+00:00,2,0.0,0.12419286370277405,0.0,0.8183333333333334,0.4091666666666667,INCONCLUSIVE_UNCONFIRMED,False,False
U0000070,0,2026-05-12 14:24:33+00:00,4,0.0,0.04381691664457321,0.0,0.5716666666666667,0.28583333333333333,INCONCLUSIVE_UNCONFIRMED,False,False
U0000071,0,2026-05-02 13:42:54+00:00,0,0.0,0.11724542081356049,0.0,0.8083333333333333,0.4041666666666667,INCONCLUSIVE_UNCONFIRMED,False,False
U0000072,0,2026-04-30 02:11:29+00:00,1,0.0,0.01081266812980175,0.0,0.08625,0.043125,INCONCLUSIVE_UNCONFIRMED,False,False
U0000073,0,2026-05-16 21:35:10+00:00,0,0.0,0.049982793629169464,0.0,0.5958333333333333,0.29791666666666666,INCONCLUSIVE_UNCONFIRMED,False,False
U0000074,0,2026-04-05 16:22:23+00:00,0,0.0,0.02674897201359272,0.0,0.4141666666666667,0.20708333333333334,INCONCLUSIVE_UNCONFIRMED,False,False
U0000075,0,2026-06-04 19:31:24+00:00,4,0.0,0.008700051344931126,0.0,0.002916666666666667,0.0014583333333333334,INCONCLUSIVE_UNCONFIRMED,False,False
U0000076,0,2026-03-18 02:59:45+00:00,2,0.0,0.04499824345111847,0.0,0.58,0.29,INCONCLUSIVE_UNCONFIRMED,False,False
U0000077,0,2026-05-09 21:05:34+00:00,4,0.0,0.05675869435071945,0.0,0.6316666666666667,0.31583333333333335,INCONCLUSIVE_UNCONFIRMED,False,False
U0000078,0,2026-05-20 07:43:39+00:00,3,0.0,0.020492784678936005,0.0,0.30916666666666665,0.15458333333333332,INCONCLUSIVE_UNCONFIRMED,False,False
U0000079,0,2026-03-07 21:15:57+00:00,1,0.0,0.06495129317045212,0.0,0.66625,0.333125,INCONCLUSIVE_UNCONFIRMED,False,False
U0000080,0,2026-04-24 20:10:27+00:00,2,0.0,0.024944886565208435,0.0,0.3983333333333333,0.19916666666666666,INCONCLUSIVE_UNCONFIRMED,False,False
U0000081,0,2026-05-20 13:15:33+00:00,4,0.0,0.03937259316444397,0.0,0.545,0.2725,INCONCLUSIVE_UNCONFIRMED,False,False
U0000082,0,2026-06-13 04:30:41+00:00,0,0.0,0.011309802532196045,0.0,0.11583333333333333,0.057916666666666665,INCONCLUSIVE_UNCONFIRMED,False,False
U0000083,0,2026-03-15 16:24:34+00:00,0,0.0,0.0311020165681839,0.0,0.4683333333333333,0.23416666666666666,INCONCLUSIVE_UNCONFIRMED,False,False
U0000084,0,2026-04-06 13:19:25+00:00,3,0.0,0.06702112406492233,0.0,0.675,0.3375,INCONCLUSIVE_UNCONFIRMED,False,False
U0000085,0,2026-04-06 20:29:34+00:00,4,0.0,0.033085957169532776,0.0,0.4875,0.24375,INCONCLUSIVE_UNCONFIRMED,False,False
U0000086,0,2026-04-10 17:29:57+00:00,2,0.0,0.009688015095889568,0.0,0.04625,0.023125,INCONCLUSIVE_UNCONFIRMED,False,False
U0000087,0,2026-04-20 14:31:53+00:00,3,0.0,0.009177020750939846,0.0,0.019583333333333335,0.009791666666666667,INCONCLUSIVE_UNCONFIRMED,False,False
U0000088,0,2026-06-01 15:18:18+00:00,1,0.0,0.021172435954213142,0.0,0.32166666666666666,0.16083333333333333,INCONCLUSIVE_UNCONFIRMED,False,False
U0000089,0,2026-05-27 04:33:28+00:00,4,0.0,0.015067433938384056,0.0,0.215,0.1075,INCONCLUSIVE_UNCONFIRMED,False,False
U0000090,0,2026-02-26 07:06:47+00:00,3,0.0,0.17757368087768555,0.0,0.8733333333333333,0.43666666666666665,INCONCLUSIVE_UNCONFIRMED,False,False
U0000091,0,2026-03-30 22:39:44+00:00,4,0.0,0.008700051344931126,0.0,0.002916666666666667,0.0014583333333333334,INCONCLUSIVE_UNCONFIRMED,False,False
U0000092,0,2026-05-15 12:24:44+00:00,4,0.0,0.00908872950822115,0.0,0.016666666666666666,0.008333333333333333,INCONCLUSIVE_UNCONFIRMED,False,False
U0000093,0,2026-05-12 13:53:59+00:00,4,0.0,0.033769529312849045,0.0,0.495,0.2475,INCONCLUSIVE_UNCONFIRMED,False,False
U0000094,0,2026-03-27 09:21:04+00:00,4,0.0,0.018623849377036095,0.0,0.2891666666666667,0.14458333333333334,INCONCLUSIVE_UNCONFIRMED,False,False
U0000095,0,2026-06-19 03:42:20+00:00,1,0.0,0.020692255347967148,0.5725850680512733,0.3145833333333333,0.4435842006923033,INCONCLUSIVE_UNCONFIRMED,False,False
U0000096,0,2026-03-08 07:37:22+00:00,2,0.0,0.012563404627144337,0.0,0.16666666666666666,0.08333333333333333,INCONCLUSIVE_UNCONFIRMED,False,False
U0000097,0,2026-06-10 09:10:59+00:00,1,0.0,0.15989266335964203,0.0,0.8591666666666666,0.4295833333333333,INCONCLUSIVE_UNCONFIRMED,False,False
U0000098,0,2026-04-26 10:39:07+00:00,2,0.0,0.029983026906847954,0.0,0.45666666666666667,0.22833333333333333,INCONCLUSIVE_UNCONFIRMED,False,False
U0000099,0,2026-04-21 06:30:12+00:00,3,0.0,0.01465765479952097,0.0,0.20833333333333334,0.10416666666666667,INCONCLUSIVE_UNCONFIRMED,False,False
U0000100,0,2026-05-25 09:31:10+00:00,0,0.0,0.10016648471355438,0.0,0.7691666666666667,0.38458333333333333,INCONCLUSIVE_UNCONFIRMED,False,False
U0000101,0,2026-03-04 23:27:18+00:00,3,0.9672466734902765,0.4630347490310669,0.0,0.9591666666666666,0.4795833333333333,INCONCLUSIVE_UNCONFIRMED,False,False
U0000102,0,2026-05-30 01:24:45+00:00,2,0.0,0.07991079986095428,0.0,0.715,0.3575,INCONCLUSIVE_UNCONFIRMED,False,False
U0000103,0,2026-03-12 07:24:21+00:00,1,0.0,0.10665242373943329,0.0,0.7808333333333334,0.3904166666666667,INCONCLUSIVE_UNCONFIRMED,False,False
U0000104,0,2026-05-31 13:10:46+00:00,0,0.0,0.036180268973112106,0.0,0.5166666666666667,0.25833333333333336,INCONCLUSIVE_UNCONFIRMED,False,False
U0000105,0,2026-05-16 12:01:15+00:00,2,0.0,0.01314303558319807,0.0,0.17083333333333334,0.08541666666666667,INCONCLUSIVE_UNCONFIRMED,False,False
U0000106,1,2026-02-22 13:10:22+00:00,4,0.9623217922606926,0.6647923588752747,0.0,0.9825,0.49125,CONFIRMED_SYNTHETIC_FRAUD,False,False
U0000107,0,2026-03-16 11:06:00+00:00,3,0.0,0.059614602476358414,0.0,0.6458333333333334,0.3229166666666667,INCONCLUSIVE_UNCONFIRMED,False,False
U0000108,0,2026-05-09 22:22:43+00:00,1,0.9702258726899385,0.6286587715148926,0.0,0.9775,0.48875,INCONCLUSIVE_UNCONFIRMED,False,False
U0000109,0,2026-05-07 08:51:03+00:00,4,0.0,0.016291843727231026,0.0,0.24166666666666667,0.12083333333333333,INCONCLUSIVE_UNCONFIRMED,False,False
U0000110,0,2026-04-09 18:55:13+00:00,0,0.0,0.0877644419670105,0.0,0.7325,0.36625,INCONCLUSIVE_UNCONFIRMED,False,False
U0000111,0,2026-03-18 23:22:25+00:00,0,0.0,0.1102599948644638,0.0,0.7925,0.39625,INCONCLUSIVE_UNCONFIRMED,False,False
U0000112,0,2026-05-31 19:13:28+00:00,2,0.0,0.01859430968761444,0.0,0.2875,0.14375,INCONCLUSIVE_UNCONFIRMED,False,False
U0000113,0,2026-05-13 01:11:59+00:00,0,0.0,0.06924780458211899,0.0,0.6816666666666666,0.3408333333333333,INCONCLUSIVE_UNCONFIRMED,False,False
U0000114,0,2026-06-17 02:33:39+00:00,0,0.0,0.03850141167640686,0.0,0.5358333333333334,0.2679166666666667,INCONCLUSIVE_UNCONFIRMED,False,False
U0000115,0,2026-04-25 03:58:27+00:00,3,0.9672466734902765,0.5870107412338257,0.0,0.9708333333333333,0.48541666666666666,INCONCLUSIVE_UNCONFIRMED,False,False
U0000116,0,2026-05-08 06:51:33+00:00,3,0.0,0.04181366786360741,0.0,0.5579166666666666,0.2789583333333333,INCONCLUSIVE_UNCONFIRMED,False,False
U0000117,0,2026-03-18 05:41:42+00:00,3,0.0,0.046370405703783035,0.0,0.585,0.2925,INCONCLUSIVE_UNCONFIRMED,False,False
U0000118,0,2026-04-27 02:29:52+00:00,4,0.0,0.16873618960380554,0.0,0.8675,0.43375,INCONCLUSIVE_UNCONFIRMED,False,False
U0000119,0,2026-05-01 12:59:43+00:00,0,0.0,0.010696412064135075,0.0,0.07375,0.036875,INCONCLUSIVE_UNCONFIRMED,False,False
U0000120,0,2026-04-07 07:19:49+00:00,2,0.0,0.05813741683959961,0.0,0.64,0.32,INCONCLUSIVE_UNCONFIRMED,False,False
U0000121,0,2026-05-06 04:00:02+00:00,0,0.0,0.022154411301016808,0.0,0.34041666666666665,0.17020833333333332,INCONCLUSIVE_UNCONFIRMED,False,False
U0000122,0,2026-06-14 22:01:17+00:00,4,0.0,0.00889732874929905,0.0,0.005833333333333334,0.002916666666666667,INCONCLUSIVE_UNCONFIRMED,False,False
U0000123,0,2026-04-23 10:44:03+00:00,1,0.0,0.132576584815979,0.0,0.8325,0.41625,INCONCLUSIVE_UNCONFIRMED,False,False
U0000124,0,2026-06-10 11:54:41+00:00,2,0.0,0.28236037492752075,0.0,0.92,0.46,INCONCLUSIVE_UNCONFIRMED,False,False
U0000125,0,2026-04-01 01:54:50+00:00,4,0.0,0.017130965366959572,0.0,0.2625,0.13125,INCONCLUSIVE_UNCONFIRMED,False,False
U0000126,0,2026-06-16 17:03:07+00:00,0,0.0,0.011461911723017693,0.0,0.12166666666666667,0.060833333333333336,INCONCLUSIVE_UNCONFIRMED,False,False
U0000127,0,2026-06-04 01:44:08+00:00,2,0.0,0.05351937934756279,0.0,0.6133333333333333,0.30666666666666664,INCONCLUSIVE_UNCONFIRMED,False,False
U0000128,0,2026-04-21 11:18:39+00:00,0,0.0,0.04964346066117287,0.0,0.5941666666666666,0.2970833333333333,INCONCLUSIVE_UNCONFIRMED,False,False
U0000129,0,2026-03-16 15:56:23+00:00,3,0.0,0.02459597960114479,0.0,0.38666666666666666,0.19333333333333333,INCONCLUSIVE_UNCONFIRMED,False,False
U0000130,0,2026-02-24 03:50:33+00:00,1,0.0,0.020546913146972656,0.0,0.31125,0.155625,INCONCLUSIVE_UNCONFIRMED,False,False
U0000131,0,2026-04-20 00:47:35+00:00,3,0.0,0.01401376910507679,0.0,0.20083333333333334,0.10041666666666667,INCONCLUSIVE_UNCONFIRMED,False,False
U0000132,0,2026-06-01 19:14:40+00:00,0,0.0,0.015599322505295277,0.0,0.22833333333333333,0.11416666666666667,INCONCLUSIVE_UNCONFIRMED,False,False
U0000133,0,2026-04-25 17:18:24+00:00,4,0.0,0.030864467844367027,0.0,0.465,0.2325,INCONCLUSIVE_UNCONFIRMED,False,False
U0000134,0,2026-03-27 11:20:05+00:00,3,0.0,0.05526517331600189,0.0,0.6241666666666666,0.3120833333333333,INCONCLUSIVE_UNCONFIRMED,False,False
U0000135,0,2026-03-30 23:11:17+00:00,4,0.0,0.022480497136712074,0.0,0.3475,0.17375,INCONCLUSIVE_UNCONFIRMED,False,False
U0000136,0,2026-06-03 05:51:50+00:00,4,0.0,0.10671016573905945,0.0,0.7816666666666666,0.3908333333333333,INCONCLUSIVE_UNCONFIRMED,False,False
U0000137,0,2026-06-06 07:58:05+00:00,2,0.0,0.24673381447792053,0.0,0.9083333333333333,0.45416666666666666,INCONCLUSIVE_UNCONFIRMED,False,False
U0000138,0,2026-04-05 07:38:31+00:00,1,0.0,0.11073225736618042,0.0,0.7933333333333333,0.39666666666666667,INCONCLUSIVE_UNCONFIRMED,False,False
U0000139,0,2026-05-06 10:46:56+00:00,4,0.0,0.015739133581519127,0.0,0.23,0.115,INCONCLUSIVE_UNCONFIRMED,False,False
U0000140,0,2026-03-04 09:50:49+00:00,0,0.0,0.05595433712005615,0.0,0.6291666666666667,0.3145833333333333,INCONCLUSIVE_UNCONFIRMED,False,False
U0000141,0,2026-04-16 22:23:42+00:00,2,0.0,0.017121437937021255,0.0,0.26166666666666666,0.13083333333333333,INCONCLUSIVE_UNCONFIRMED,False,False
U0000142,0,2026-05-15 20:44:15+00:00,1,0.0,0.08414953947067261,0.0,0.7241666666666666,0.3620833333333333,INCONCLUSIVE_UNCONFIRMED,False,False
U0000143,0,2026-05-05 09:00:46+00:00,4,0.0,0.061269812285900116,0.0,0.6508333333333334,0.3254166666666667,INCONCLUSIVE_UNCONFIRMED,False,False
U0000144,0,2026-03-27 01:09:19+00:00,1,0.0,0.32904210686683655,0.0,0.9341666666666667,0.46708333333333335,INCONCLUSIVE_UNCONFIRMED,False,False
U0000145,0,2026-04-25 01:11:31+00:00,4,0.0,0.016102232038974762,0.0,0.235,0.1175,INCONCLUSIVE_UNCONFIRMED,False,False
U0000146,0,2026-03-19 10:21:05+00:00,2,0.0,0.040485624223947525,0.0,0.5533333333333333,0.27666666666666667,INCONCLUSIVE_UNCONFIRMED,False,False
U0000147,0,2026-05-09 23:18:58+00:00,0,0.0,0.009633861482143402,0.0,0.04375,0.021875,INCONCLUSIVE_UNCONFIRMED,False,False
U0000148,0,2026-03-17 06:31:04+00:00,3,0.0,0.1561272293329239,0.0,0.8566666666666667,0.42833333333333334,INCONCLUSIVE_UNCONFIRMED,False,False
U0000149,0,2026-04-24 03:08:25+00:00,4,0.0,0.012299546971917152,0.0,0.1575,0.07875,INCONCLUSIVE_UNCONFIRMED,False,False
U0000150,0,2026-06-04 23:31:48+00:00,1,0.0,0.11750081926584244,0.0,0.8091666666666667,0.40458333333333335,INCONCLUSIVE_UNCONFIRMED,False,False
U0000151,0,2026-03-13 08:14:15+00:00,1,0.0,0.034930355846881866,0.0,0.5066666666666667,0.25333333333333335,INCONCLUSIVE_UNCONFIRMED,False,False
U0000152,0,2026-04-04 19:34:42+00:00,3,0.9672466734902765,0.10199902951717377,0.0,0.7716666666666666,0.3858333333333333,INCONCLUSIVE_UNCONFIRMED,False,False
U0000153,0,2026-06-18 08:06:56+00:00,3,0.0,0.05809462442994118,0.0,0.6391666666666667,0.31958333333333333,INCONCLUSIVE_UNCONFIRMED,False,False
U0000154,0,2026-03-03 18:23:12+00:00,3,0.0,0.0551597960293293,0.0,0.6225,0.31125,INCONCLUSIVE_UNCONFIRMED,False,False
U0000155,0,2026-06-12 01:28:32+00:00,1,0.0,0.22563166916370392,0.0,0.8975,0.44875,INCONCLUSIVE_UNCONFIRMED,False,False
U0000156,0,2026-05-27 23:26:16+00:00,4,0.0,0.018407048657536507,0.0,0.2866666666666667,0.14333333333333334,INCONCLUSIVE_UNCONFIRMED,False,False
U0000157,0,2026-06-05 08:31:55+00:00,4,0.0,0.021315131336450577,0.0,0.32416666666666666,0.16208333333333333,INCONCLUSIVE_UNCONFIRMED,False,False
U0000158,0,2026-05-21 00:49:12+00:00,2,0.0,0.13239148259162903,0.0,0.8308333333333333,0.41541666666666666,INCONCLUSIVE_UNCONFIRMED,False,False
U0000159,0,2026-03-29 05:13:42+00:00,1,0.0,0.018838893622159958,0.0,0.29083333333333333,0.14541666666666667,INCONCLUSIVE_UNCONFIRMED,False,False
U0000160,0,2026-03-04 22:40:37+00:00,2,0.0,0.06811272352933884,0.0,0.6775,0.33875,INCONCLUSIVE_UNCONFIRMED,False,False
U0000161,0,2026-05-25 18:49:49+00:00,0,0.0,0.009319121018052101,0.0,0.03666666666666667,0.018333333333333333,INCONCLUSIVE_UNCONFIRMED,False,False
U0000162,0,2026-06-04 03:16:51+00:00,3,0.0,0.5461443066596985,0.0,0.9675,0.48375,INCONCLUSIVE_UNCONFIRMED,False,False
U0000163,0,2026-05-07 03:31:59+00:00,1,0.0,0.1470082551240921,0.0,0.8475,0.42375,INCONCLUSIVE_UNCONFIRMED,False,False
U0000164,0,2026-05-21 03:21:59+00:00,0,0.0,0.6382250785827637,0.0,0.9791666666666666,0.4895833333333333,INCONCLUSIVE_UNCONFIRMED,False,False
U0000165,0,2026-05-29 13:46:36+00:00,2,0.0,0.047421082854270935,0.0,0.5875,0.29375,INCONCLUSIVE_UNCONFIRMED,False,False
U0000166,0,2026-04-17 06:55:45+00:00,1,0.0,0.04893555864691734,0.0,0.59,0.295,INCONCLUSIVE_UNCONFIRMED,False,False
U0000167,0,2026-03-29 01:50:59+00:00,1,0.0,0.058172713965177536,0.0,0.6408333333333334,0.3204166666666667,INCONCLUSIVE_UNCONFIRMED,False,False
U0000168,0,2026-05-24 12:56:39+00:00,1,0.0,0.08823535591363907,0.0,0.735,0.3675,INCONCLUSIVE_UNCONFIRMED,False,False
U0000169,0,2026-06-01 06:53:44+00:00,4,0.0,0.024612704291939735,0.0,0.38916666666666666,0.19458333333333333,INCONCLUSIVE_UNCONFIRMED,False,False
U0000170,0,2026-04-01 21:57:13+00:00,2,0.0,0.022229069843888283,0.0,0.3416666666666667,0.17083333333333334,INCONCLUSIVE_UNCONFIRMED,False,False
U0000171,0,2026-03-01 03:23:39+00:00,4,0.0,0.03235267475247383,0.0,0.48083333333333333,0.24041666666666667,INCONCLUSIVE_UNCONFIRMED,False,False
U0000172,0,2026-05-22 01:06:39+00:00,4,0.0,0.021050602197647095,0.0,0.31833333333333336,0.15916666666666668,INCONCLUSIVE_UNCONFIRMED,False,False
U0000173,0,2026-02-28 10:21:54+00:00,4,0.0,0.024385076016187668,0.0,0.38083333333333336,0.19041666666666668,INCONCLUSIVE_UNCONFIRMED,False,False
U0000174,0,2026-03-03 17:32:16+00:00,2,0.0,0.0301405880600214,0.0,0.45916666666666667,0.22958333333333333,INCONCLUSIVE_UNCONFIRMED,False,False
U0000175,0,2026-06-18 00:13:23+00:00,2,0.0,0.02178199402987957,0.0,0.33166666666666667,0.16583333333333333,INCONCLUSIVE_UNCONFIRMED,False,False
U0000176,0,2026-05-03 03:25:12+00:00,3,0.0,0.10713811218738556,0.0,0.7841666666666667,0.39208333333333334,INCONCLUSIVE_UNCONFIRMED,False,False
U0000177,0,2026-05-03 01:19:37+00:00,1,0.0,0.020546913146972656,0.0,0.31125,0.155625,INCONCLUSIVE_UNCONFIRMED,False,False
U0000178,0,2026-05-30 05:40:18+00:00,0,0.0,0.15488645434379578,0.0,0.8558333333333333,0.42791666666666667,INCONCLUSIVE_UNCONFIRMED,False,False
U0000179,0,2026-04-05 18:07:04+00:00,1,0.0,0.011096067726612091,0.6132589765454988,0.09916666666666667,0.3562128216060827,INCONCLUSIVE_UNCONFIRMED,False,False
U0000180,0,2026-04-15 05:26:19+00:00,3,0.0,0.13747136294841766,0.0,0.84,0.42,INCONCLUSIVE_UNCONFIRMED,False,False
U0000181,0,2026-03-30 17:47:59+00:00,4,0.0,0.01788361184298992,0.0,0.2775,0.13875,INCONCLUSIVE_UNCONFIRMED,False,False
U0000182,0,2026-04-29 10:57:30+00:00,2,0.0,0.012509476393461227,0.0,0.16458333333333333,0.08229166666666667,INCONCLUSIVE_UNCONFIRMED,False,False
U0000183,0,2026-03-21 16:20:32+00:00,0,0.0,0.055244773626327515,0.0,0.6233333333333333,0.31166666666666665,INCONCLUSIVE_UNCONFIRMED,False,False
U0000184,0,2026-06-11 01:38:55+00:00,0,0.0,0.11815862357616425,0.0,0.8108333333333333,0.40541666666666665,INCONCLUSIVE_UNCONFIRMED,False,False
U0000185,0,2026-06-06 11:05:33+00:00,4,0.0,0.01941804587841034,0.0,0.29333333333333333,0.14666666666666667,INCONCLUSIVE_UNCONFIRMED,False,False
U0000186,0,2026-04-03 03:51:34+00:00,1,0.0,0.1319848597049713,0.0,0.83,0.415,INCONCLUSIVE_UNCONFIRMED,False,False
U0000187,0,2026-03-10 00:25:17+00:00,0,0.0,0.009763653390109539,0.0,0.050833333333333335,0.025416666666666667,INCONCLUSIVE_UNCONFIRMED,False,False
U0000188,0,2026-03-24 23:23:58+00:00,2,0.0,0.009952911175787449,0.0,0.0575,0.02875,INCONCLUSIVE_UNCONFIRMED,False,False
U0000189,0,2026-03-03 14:24:29+00:00,1,0.0,0.011096067726612091,0.0,0.09916666666666667,0.04958333333333333,INCONCLUSIVE_UNCONFIRMED,False,False
U0000190,0,2026-05-22 12:48:13+00:00,1,0.0,0.01081266812980175,0.0,0.08625,0.043125,INCONCLUSIVE_UNCONFIRMED,False,False
U0000191,0,2026-03-21 04:14:03+00:00,0,0.0,0.029360467568039894,0.0,0.44916666666666666,0.22458333333333333,INCONCLUSIVE_UNCONFIRMED,False,False
U0000192,0,2026-04-12 12:20:51+00:00,2,0.0,0.033602796494960785,0.0,0.4925,0.24625,INCONCLUSIVE_UNCONFIRMED,False,False
U0000193,0,2026-06-14 22:48:31+00:00,4,0.0,0.09257017076015472,0.0,0.7466666666666667,0.37333333333333335,INCONCLUSIVE_UNCONFIRMED,False,False
U0000194,0,2026-03-15 03:59:36+00:00,2,0.0,0.08719977736473083,0.0,0.7308333333333333,0.36541666666666667,INCONCLUSIVE_UNCONFIRMED,False,False
U0000195,0,2026-04-07 12:50:55+00:00,0,0.0,0.43720269203186035,0.0,0.955,0.4775,INCONCLUSIVE_UNCONFIRMED,False,False
U0000196,0,2026-04-23 20:10:18+00:00,0,0.0,0.03845320641994476,0.0,0.535,0.2675,INCONCLUSIVE_UNCONFIRMED,False,False
U0000197,0,2026-05-13 11:51:39+00:00,0,0.0,0.04021907225251198,0.0,0.5508333333333333,0.27541666666666664,INCONCLUSIVE_UNCONFIRMED,False,False
U0000198,0,2026-03-07 07:52:36+00:00,2,0.0,0.019826065748929977,0.0,0.2991666666666667,0.14958333333333335,INCONCLUSIVE_UNCONFIRMED,False,False
U0000199,0,2026-05-06 04:36:37+00:00,4,0.0,0.02240591309964657,0.0,0.3433333333333333,0.17166666666666666,INCONCLUSIVE_UNCONFIRMED,False,False
U0000200,0,2026-05-19 20:32:53+00:00,3,0.0,0.03917112946510315,0.0,0.5425,0.27125,INCONCLUSIVE_UNCONFIRMED,False,False
U0000201,0,2026-04-05 00:46:07+00:00,0,0.0,0.06589189171791077,0.0,0.6691666666666667,0.33458333333333334,INCONCLUSIVE_UNCONFIRMED,False,False
U0000202,0,2026-04-14 04:26:16+00:00,3,0.0,0.01548241637647152,0.0,0.225,0.1125,INCONCLUSIVE_UNCONFIRMED,False,False
U0000203,0,2026-03-25 01:29:37+00:00,3,0.0,0.01371185015887022,0.0,0.19625,0.098125,INCONCLUSIVE_UNCONFIRMED,False,False
U0000204,0,2026-03-30 01:23:09+00:00,4,0.0,0.017721178010106087,0.0,0.2733333333333333,0.13666666666666666,INCONCLUSIVE_UNCONFIRMED,False,False
U0000205,0,2026-05-13 06:15:21+00:00,1,0.0,0.13754375278949738,0.0,0.8408333333333333,0.42041666666666666,INCONCLUSIVE_UNCONFIRMED,False,False
U0000206,0,2026-05-26 13:31:54+00:00,1,0.0,0.2684018909931183,0.0,0.9175,0.45875,INCONCLUSIVE_UNCONFIRMED,False,False
U0000207,0,2026-04-29 07:48:16+00:00,0,0.0,0.04728730395436287,0.0,0.5858333333333333,0.29291666666666666,INCONCLUSIVE_UNCONFIRMED,False,False
U0000208,0,2026-03-29 02:36:14+00:00,3,0.0,0.010812056250870228,0.0,0.08,0.04,INCONCLUSIVE_UNCONFIRMED,False,False
U0000209,0,2026-06-19 22:55:22+00:00,3,0.0,0.19530607759952545,0.0,0.8808333333333334,0.4404166666666667,INCONCLUSIVE_UNCONFIRMED,False,False
U0000210,0,2026-05-06 06:20:42+00:00,2,0.0,0.08668193966150284,0.0,0.73,0.365,INCONCLUSIVE_UNCONFIRMED,False,False
U0000211,0,2026-05-12 16:49:39+00:00,1,0.0,0.13142216205596924,0.0,0.8283333333333334,0.4141666666666667,INCONCLUSIVE_UNCONFIRMED,False,False
U0000212,0,2026-05-24 09:16:03+00:00,4,0.0,0.011270690709352493,0.0,0.11208333333333333,0.05604166666666666,INCONCLUSIVE_UNCONFIRMED,False,False
U0000213,0,2026-05-30 03:08:36+00:00,1,0.0,0.011096067726612091,0.0,0.09916666666666667,0.04958333333333333,INCONCLUSIVE_UNCONFIRMED,False,False
U0000214,0,2026-06-11 16:43:38+00:00,2,0.0,0.016034984961152077,0.0,0.23416666666666666,0.11708333333333333,INCONCLUSIVE_UNCONFIRMED,False,False
U0000215,0,2026-05-28 23:55:16+00:00,4,0.0,0.050612881779670715,0.0,0.5975,0.29875,INCONCLUSIVE_UNCONFIRMED,False,False
U0000216,0,2026-03-06 14:14:46+00:00,3,0.0,0.018302693963050842,0.0,0.2833333333333333,0.14166666666666666,INCONCLUSIVE_UNCONFIRMED,False,False
U0000217,0,2026-02-25 22:08:38+00:00,4,0.0,0.01700635813176632,0.0,0.25666666666666665,0.12833333333333333,INCONCLUSIVE_UNCONFIRMED,False,False
U0000218,0,2026-04-08 10:59:23+00:00,3,0.0,0.028925327584147453,0.0,0.445,0.2225,INCONCLUSIVE_UNCONFIRMED,False,False
U0000219,0,2026-05-13 18:12:52+00:00,2,0.9702258726899385,0.1964023858308792,0.0,0.8825,0.44125,INCONCLUSIVE_UNCONFIRMED,False,False
U0000220,0,2026-05-10 06:00:04+00:00,3,0.9672466734902765,0.15828849375247955,0.0,0.8583333333333333,0.42916666666666664,INCONCLUSIVE_UNCONFIRMED,False,False
U0000221,0,2026-04-18 08:11:21+00:00,2,0.0,0.06839779019355774,0.0,0.6783333333333333,0.33916666666666667,INCONCLUSIVE_UNCONFIRMED,False,False
U0000222,0,2026-05-09 04:09:49+00:00,3,0.0,0.009005305357277393,0.0,0.010833333333333334,0.005416666666666667,INCONCLUSIVE_UNCONFIRMED,False,False
U0000223,0,2026-05-24 18:51:45+00:00,3,0.0,0.02459597960114479,0.0,0.38666666666666666,0.19333333333333333,INCONCLUSIVE_UNCONFIRMED,False,False
U0000224,0,2026-06-18 03:26:09+00:00,4,0.0,0.11351972073316574,0.0,0.7983333333333333,0.39916666666666667,INCONCLUSIVE_UNCONFIRMED,False,False
U0000225,0,2026-03-18 07:35:28+00:00,4,0.0,0.09449274092912674,0.0,0.7566666666666667,0.37833333333333335,INCONCLUSIVE_UNCONFIRMED,False,False
U0000226,0,2026-02-22 17:24:55+00:00,4,0.0,0.03434111550450325,0.0,0.49916666666666665,0.24958333333333332,INCONCLUSIVE_UNCONFIRMED,False,False
U0000227,0,2026-05-06 20:16:45+00:00,3,0.0,0.038612231612205505,0.0,0.5366666666666666,0.2683333333333333,INCONCLUSIVE_UNCONFIRMED,False,False
U0000228,0,2026-04-10 10:05:06+00:00,2,0.9702258726899385,0.3649366796016693,0.0,0.9475,0.47375,INCONCLUSIVE_UNCONFIRMED,False,False
U0000229,0,2026-04-18 00:18:30+00:00,1,0.0,0.011096067726612091,0.0,0.09916666666666667,0.04958333333333333,INCONCLUSIVE_UNCONFIRMED,False,False
U0000230,0,2026-04-15 13:00:24+00:00,0,0.0,0.024039251729846,0.0,0.375,0.1875,INCONCLUSIVE_UNCONFIRMED,False,False
U0000231,0,2026-03-17 05:25:12+00:00,2,0.0,0.011880009435117245,0.0,0.14125,0.070625,INCONCLUSIVE_UNCONFIRMED,False,False
U0000232,0,2026-05-23 22:12:21+00:00,2,0.0,0.04923384264111519,0.0,0.5916666666666667,0.29583333333333334,INCONCLUSIVE_UNCONFIRMED,False,False
U0000233,0,2026-02-24 09:00:17+00:00,2,0.0,0.0113452710211277,0.0,0.1175,0.05875,INCONCLUSIVE_UNCONFIRMED,False,False
U0000234,0,2026-05-25 15:08:15+00:00,1,0.0,0.01813112385571003,0.0,0.2808333333333333,0.14041666666666666,INCONCLUSIVE_UNCONFIRMED,False,False
U0000235,0,2026-06-16 15:41:18+00:00,4,0.0,0.023709822446107864,0.0,0.3695833333333333,0.18479166666666666,INCONCLUSIVE_UNCONFIRMED,False,False
U0000236,0,2026-04-20 13:13:10+00:00,4,0.0,0.011270690709352493,0.0,0.11208333333333333,0.05604166666666666,INCONCLUSIVE_UNCONFIRMED,False,False
U0000237,0,2026-04-24 16:22:00+00:00,3,0.0,0.023285068571567535,0.0,0.36041666666666666,0.18020833333333333,INCONCLUSIVE_UNCONFIRMED,False,False
U0000238,0,2026-03-03 09:28:26+00:00,3,0.0,0.009087282232940197,0.0,0.015416666666666667,0.0077083333333333335,INCONCLUSIVE_UNCONFIRMED,False,False
U0000239,0,2026-05-20 05:06:48+00:00,3,0.0,0.014922610484063625,0.0,0.21333333333333335,0.10666666666666667,INCONCLUSIVE_UNCONFIRMED,False,False
U0000240,0,2026-02-26 18:13:46+00:00,0,0.0,0.01767544262111187,0.0,0.2725,0.13625,INCONCLUSIVE_UNCONFIRMED,False,False
U0000241,0,2026-05-03 10:38:45+00:00,1,0.0,0.033598486334085464,0.0,0.49166666666666664,0.24583333333333332,INCONCLUSIVE_UNCONFIRMED,False,False
U0000242,0,2026-04-18 20:23:45+00:00,3,0.0,0.009260546416044235,0.0,0.03333333333333333,0.016666666666666666,INCONCLUSIVE_UNCONFIRMED,False,False
U0000243,0,2026-05-20 21:45:31+00:00,0,0.0,0.009319121018052101,0.0,0.03666666666666667,0.018333333333333333,INCONCLUSIVE_UNCONFIRMED,False,False
U0000244,0,2026-06-21 08:22:22+00:00,2,0.0,0.03273593261837959,0.0,0.4841666666666667,0.24208333333333334,INCONCLUSIVE_UNCONFIRMED,False,False
U0000245,0,2026-05-31 13:03:08+00:00,3,0.0,0.20558606088161469,0.0,0.8883333333333333,0.44416666666666665,INCONCLUSIVE_UNCONFIRMED,False,False
U0000246,0,2026-06-12 01:12:26+00:00,0,0.0,0.036203157156705856,0.0,0.5175,0.25875,INCONCLUSIVE_UNCONFIRMED,False,False
U0000247,0,2026-05-23 18:06:26+00:00,2,0.0,0.013188514858484268,0.0,0.17166666666666666,0.08583333333333333,INCONCLUSIVE_UNCONFIRMED,False,False
U0000248,0,2026-05-28 05:15:25+00:00,0,0.0,0.1188502162694931,0.0,0.8125,0.40625,INCONCLUSIVE_UNCONFIRMED,False,False
U0000249,0,2026-04-18 11:53:37+00:00,2,0.0,0.024109551683068275,0.0,0.37666666666666665,0.18833333333333332,INCONCLUSIVE_UNCONFIRMED,False,False
U0000250,0,2026-03-27 06:47:24+00:00,1,0.0,0.012425768189132214,0.0,0.1625,0.08125,INCONCLUSIVE_UNCONFIRMED,False,False
U0000251,0,2026-04-10 03:37:31+00:00,0,0.0,0.08581051975488663,0.0,0.7275,0.36375,INCONCLUSIVE_UNCONFIRMED,False,False
U0000252,0,2026-05-10 04:53:27+00:00,0,0.0,0.08074063807725906,0.0,0.7175,0.35875,INCONCLUSIVE_UNCONFIRMED,False,False
U0000253,0,2026-05-30 14:05:41+00:00,2,0.0,0.05770200863480568,0.0,0.6366666666666667,0.31833333333333336,INCONCLUSIVE_UNCONFIRMED,False,False
U0000254,0,2026-06-14 10:12:59+00:00,0,0.0,0.03662731871008873,0.0,0.52,0.26,INCONCLUSIVE_UNCONFIRMED,False,False
U0000255,0,2026-04-11 00:50:42+00:00,0,0.0,0.05878159776329994,0.0,0.645,0.3225,INCONCLUSIVE_UNCONFIRMED,False,False
U0000256,0,2026-05-31 06:49:41+00:00,1,0.0,0.07539623230695724,0.0,0.7008333333333333,0.35041666666666665,INCONCLUSIVE_UNCONFIRMED,False,False
U0000257,0,2026-05-19 00:47:18+00:00,0,0.0,0.025370515882968903,0.0,0.4025,0.20125,INCONCLUSIVE_UNCONFIRMED,False,False
U0000258,0,2026-06-12 09:58:35+00:00,2,0.0,0.12694066762924194,0.0,0.8216666666666667,0.41083333333333333,INCONCLUSIVE_UNCONFIRMED,False,False
U0000259,0,2026-06-16 22:59:17+00:00,2,0.0,0.011813364923000336,0.0,0.13666666666666666,0.06833333333333333,INCONCLUSIVE_UNCONFIRMED,False,False
U0000260,0,2026-04-20 18:12:06+00:00,2,0.0,0.03971756622195244,0.0,0.5475,0.27375,INCONCLUSIVE_UNCONFIRMED,False,False
U0000261,0,2026-02-22 23:53:15+00:00,4,0.0,0.009763690643012524,0.0,0.05458333333333333,0.027291666666666665,INCONCLUSIVE_UNCONFIRMED,False,False
U0000262,0,2026-06-11 12:09:24+00:00,4,0.0,0.011981950141489506,0.6321205588285577,0.14666666666666667,0.3893936127476122,INCONCLUSIVE_UNCONFIRMED,False,False
U0000263,0,2026-04-04 02:39:52+00:00,3,0.0,0.01823679730296135,0.0,0.2825,0.14125,INCONCLUSIVE_UNCONFIRMED,False,False
U0000264,0,2026-04-11 08:04:43+00:00,0,0.0,0.017794743180274963,0.0,0.27625,0.138125,INCONCLUSIVE_UNCONFIRMED,False,False
U0000265,0,2026-03-11 01:01:41+00:00,0,0.9775147928994086,0.8053745627403259,0.0,0.9891666666666666,0.4945833333333333,INCONCLUSIVE_UNCONFIRMED,False,False
U0000266,0,2026-04-21 01:10:20+00:00,0,0.0,0.0535091869533062,0.0,0.6125,0.30625,INCONCLUSIVE_UNCONFIRMED,False,False
U0000267,0,2026-05-01 00:02:40+00:00,4,0.0,0.09889855980873108,0.0,0.7641666666666667,0.38208333333333333,INCONCLUSIVE_UNCONFIRMED,False,False
U0000268,0,2026-06-01 08:51:56+00:00,4,0.0,0.21726597845554352,0.0,0.8941666666666667,0.44708333333333333,INCONCLUSIVE_UNCONFIRMED,False,False
U0000269,0,2026-05-29 10:18:51+00:00,4,0.0,0.01515971776098013,0.0,0.22,0.11,INCONCLUSIVE_UNCONFIRMED,False,False
U0000270,0,2026-05-22 08:23:22+00:00,1,0.0,0.03622189536690712,0.0,0.5183333333333333,0.25916666666666666,INCONCLUSIVE_UNCONFIRMED,False,False
U0000271,0,2026-03-09 18:22:27+00:00,4,0.0,0.025603365153074265,0.0,0.405,0.2025,INCONCLUSIVE_UNCONFIRMED,False,False
U0000272,0,2026-04-11 07:10:43+00:00,1,0.0,0.21757952868938446,0.0,0.895,0.4475,INCONCLUSIVE_UNCONFIRMED,False,False
U0000273,0,2026-03-09 00:58:57+00:00,1,0.0,0.030481945723295212,0.0,0.46166666666666667,0.23083333333333333,INCONCLUSIVE_UNCONFIRMED,False,False
U0000274,0,2026-04-06 09:01:25+00:00,0,0.0,0.05787888914346695,0.0,0.6375,0.31875,INCONCLUSIVE_UNCONFIRMED,False,False
U0000275,0,2026-05-20 05:34:47+00:00,2,0.0,0.02725253626704216,0.0,0.4225,0.21125,INCONCLUSIVE_UNCONFIRMED,False,False
U0000276,0,2026-04-29 17:05:22+00:00,4,0.0,0.09641078859567642,0.0,0.76,0.38,INCONCLUSIVE_UNCONFIRMED,False,False
U0000277,0,2026-05-29 17:57:51+00:00,0,0.0,0.022680385038256645,0.0,0.35,0.175,INCONCLUSIVE_UNCONFIRMED,False,False
U0000278,0,2026-05-11 02:33:48+00:00,4,0.0,0.28650274872779846,0.0,0.9208333333333333,0.46041666666666664,INCONCLUSIVE_UNCONFIRMED,False,False
U0000279,0,2026-03-08 18:17:27+00:00,1,0.0,0.034930355846881866,0.0,0.5066666666666667,0.25333333333333335,INCONCLUSIVE_UNCONFIRMED,False,False
U0000280,0,2026-06-02 16:28:25+00:00,2,0.0,0.038681864738464355,0.0,0.5383333333333333,0.26916666666666667,INCONCLUSIVE_UNCONFIRMED,False,False
U0000281,0,2026-02-28 18:24:54+00:00,2,0.0,0.13791774213314056,0.0,0.8416666666666667,0.42083333333333334,INCONCLUSIVE_UNCONFIRMED,False,False
U0000282,0,2026-03-14 09:16:24+00:00,0,0.0,0.009195183403789997,0.0,0.027083333333333334,0.013541666666666667,INCONCLUSIVE_UNCONFIRMED,False,False
U0000283,0,2026-06-05 04:23:48+00:00,2,0.0,0.0880805179476738,0.0,0.7341666666666666,0.3670833333333333,INCONCLUSIVE_UNCONFIRMED,False,False
U0000284,0,2026-02-27 13:25:32+00:00,0,0.0,0.442857950925827,0.0,0.9558333333333333,0.47791666666666666,INCONCLUSIVE_UNCONFIRMED,False,False
U0000285,0,2026-03-17 22:43:43+00:00,4,0.0,0.11000733077526093,0.0,0.7908333333333334,0.3954166666666667,INCONCLUSIVE_UNCONFIRMED,False,False
U0000286,0,2026-03-16 22:31:34+00:00,4,0.0,0.03896798938512802,0.0,0.5408333333333334,0.2704166666666667,INCONCLUSIVE_UNCONFIRMED,False,False
U0000287,0,2026-06-08 03:28:24+00:00,0,0.0,0.05217956379055977,0.0,0.6041666666666666,0.3020833333333333,INCONCLUSIVE_UNCONFIRMED,False,False
U0000288,0,2026-06-06 23:45:12+00:00,1,0.0,0.011516847647726536,0.0,0.12416666666666666,0.06208333333333333,INCONCLUSIVE_UNCONFIRMED,False,False
U0000289,0,2026-03-06 10:50:50+00:00,0,0.0,0.017104923725128174,0.0,0.26,0.13,INCONCLUSIVE_UNCONFIRMED,False,False
U0000290,0,2026-06-06 05:19:19+00:00,2,0.0,0.01075771078467369,0.0,0.07583333333333334,0.03791666666666667,INCONCLUSIVE_UNCONFIRMED,False,False
U0000291,0,2026-04-10 13:16:52+00:00,1,0.0,0.01081266812980175,0.0,0.08625,0.043125,INCONCLUSIVE_UNCONFIRMED,False,False
U0000292,0,2026-05-04 05:19:30+00:00,1,0.0,0.011615238152444363,0.0,0.13,0.065,INCONCLUSIVE_UNCONFIRMED,False,False
U0000293,0,2026-03-02 22:49:30+00:00,3,0.0,0.014129585586488247,0.0,0.2025,0.10125,INCONCLUSIVE_UNCONFIRMED,False,False
U0000294,0,2026-05-06 03:04:52+00:00,3,0.0,0.02826915867626667,0.0,0.4375,0.21875,INCONCLUSIVE_UNCONFIRMED,False,False
U0000295,0,2026-05-21 21:36:48+00:00,1,0.0,0.022444453090429306,0.0,0.3466666666666667,0.17333333333333334,INCONCLUSIVE_UNCONFIRMED,False,False
U0000296,0,2026-05-18 07:02:51+00:00,4,0.9623217922606926,0.29143577814102173,0.0,0.9225,0.46125,INCONCLUSIVE_UNCONFIRMED,False,False
U0000297,0,2026-05-30 11:43:40+00:00,1,0.0,0.11632644385099411,0.0,0.8058333333333333,0.40291666666666665,INCONCLUSIVE_UNCONFIRMED,False,False
U0000298,0,2026-04-10 03:49:28+00:00,2,0.0,0.06647155433893204,0.0,0.6708333333333333,0.33541666666666664,INCONCLUSIVE_UNCONFIRMED,False,False
U0000299,0,2026-05-26 06:45:43+00:00,4,0.0,0.07796360552310944,0.0,0.7075,0.35375,INCONCLUSIVE_UNCONFIRMED,False,False
U0000300,0,2026-03-18 14:27:57+00:00,3,0.0,0.03187555819749832,0.0,0.47708333333333336,0.23854166666666668,INCONCLUSIVE_UNCONFIRMED,False,False
U0000301,0,2026-03-24 20:18:26+00:00,1,0.0,0.17324241995811462,0.0,0.87,0.435,INCONCLUSIVE_UNCONFIRMED,False,False
U0000302,0,2026-05-30 15:36:36+00:00,1,0.0,0.08315994590520859,0.0,0.7208333333333333,0.36041666666666666,INCONCLUSIVE_UNCONFIRMED,False,False
U0000303,0,2026-04-02 11:38:47+00:00,4,0.0,0.02966056577861309,0.0,0.4525,0.22625,INCONCLUSIVE_UNCONFIRMED,False,False
U0000304,0,2026-04-22 15:20:14+00:00,4,0.0,0.2772948145866394,0.0,0.9191666666666667,0.45958333333333334,INCONCLUSIVE_UNCONFIRMED,False,False
U0000305,0,2026-04-05 16:40:24+00:00,3,0.0,0.1347792148590088,0.0,0.83625,0.418125,INCONCLUSIVE_UNCONFIRMED,False,False
U0000306,0,2026-03-11 08:25:10+00:00,0,0.0,0.01602521538734436,0.0,0.23333333333333334,0.11666666666666667,INCONCLUSIVE_UNCONFIRMED,False,False
U0000307,0,2026-05-29 09:23:16+00:00,4,0.0,0.026210274547338486,0.0,0.4091666666666667,0.20458333333333334,INCONCLUSIVE_UNCONFIRMED,False,False
U0000308,0,2026-04-05 15:19:53+00:00,3,0.0,0.08871393650770187,0.0,0.7366666666666667,0.36833333333333335,INCONCLUSIVE_UNCONFIRMED,False,False
U0000309,0,2026-03-28 09:54:37+00:00,0,0.0,0.009633861482143402,0.0,0.04375,0.021875,INCONCLUSIVE_UNCONFIRMED,False,False
U0000310,0,2026-03-27 09:24:44+00:00,1,0.0,0.03787165880203247,0.0,0.53125,0.265625,INCONCLUSIVE_UNCONFIRMED,False,False
U0000311,0,2026-02-26 06:37:18+00:00,4,0.0,0.011270690709352493,0.0,0.11208333333333333,0.05604166666666666,INCONCLUSIVE_UNCONFIRMED,False,False
U0000312,0,2026-03-09 17:04:57+00:00,3,0.0,0.06238839775323868,0.0,0.6558333333333334,0.3279166666666667,INCONCLUSIVE_UNCONFIRMED,False,False
U0000313,0,2026-06-03 17:53:49+00:00,1,0.0,0.19218619167804718,0.0,0.8791666666666667,0.4395833333333333,INCONCLUSIVE_UNCONFIRMED,False,False
U0000314,0,2026-03-10 09:21:59+00:00,0,0.0,0.03002604842185974,0.0,0.4575,0.22875,INCONCLUSIVE_UNCONFIRMED,False,False
U0000315,0,2026-04-14 14:17:26+00:00,3,0.0,0.061633381992578506,0.0,0.6533333333333333,0.32666666666666666,INCONCLUSIVE_UNCONFIRMED,False,False
U0000316,0,2026-06-03 07:44:53+00:00,2,0.0,0.195730522274971,0.0,0.8816666666666667,0.44083333333333335,INCONCLUSIVE_UNCONFIRMED,False,False
U0000317,0,2026-05-07 06:39:42+00:00,1,0.0,0.034930355846881866,0.0,0.5066666666666667,0.25333333333333335,INCONCLUSIVE_UNCONFIRMED,False,False
U0000318,0,2026-04-07 08:58:27+00:00,2,0.0,0.033862851560115814,0.0,0.49583333333333335,0.24791666666666667,INCONCLUSIVE_UNCONFIRMED,False,False
U0000319,0,2026-06-01 02:11:22+00:00,3,0.0,0.013661672361195087,0.0,0.19333333333333333,0.09666666666666666,INCONCLUSIVE_UNCONFIRMED,False,False
U0000320,0,2026-05-09 04:14:33+00:00,4,0.0,0.017224671319127083,0.0,0.26416666666666666,0.13208333333333333,INCONCLUSIVE_UNCONFIRMED,False,False
U0000321,0,2026-06-02 22:25:45+00:00,0,0.0,0.01066126860678196,0.0,0.07041666666666667,0.035208333333333335,INCONCLUSIVE_UNCONFIRMED,False,False
U0000322,0,2026-05-29 06:55:46+00:00,3,0.0,0.02927805297076702,0.0,0.4483333333333333,0.22416666666666665,INCONCLUSIVE_UNCONFIRMED,False,False
U0000323,0,2026-04-12 04:41:37+00:00,2,0.0,0.15755397081375122,0.0,0.8575,0.42875,INCONCLUSIVE_UNCONFIRMED,False,False
U0000324,0,2026-03-12 11:05:18+00:00,1,0.0,0.01709267869591713,0.0,0.25916666666666666,0.12958333333333333,INCONCLUSIVE_UNCONFIRMED,False,False
U0000325,0,2026-05-02 01:02:05+00:00,1,0.0,0.06469691544771194,0.0,0.6633333333333333,0.33166666666666667,INCONCLUSIVE_UNCONFIRMED,False,False
U0000326,0,2026-03-22 20:39:04+00:00,3,0.0,0.11354614794254303,0.0,0.7991666666666667,0.39958333333333335,INCONCLUSIVE_UNCONFIRMED,False,False
U0000327,0,2026-02-25 22:12:34+00:00,4,0.0,0.062097955495119095,0.0,0.655,0.3275,INCONCLUSIVE_UNCONFIRMED,False,False
U0000328,0,2026-06-19 02:45:23+00:00,0,0.0,0.01079565193504095,0.0,0.07833333333333334,0.03916666666666667,INCONCLUSIVE_UNCONFIRMED,False,False
U0000329,0,2026-03-19 13:52:26+00:00,1,0.0,0.3387989401817322,0.0,0.9366666666666666,0.4683333333333333,INCONCLUSIVE_UNCONFIRMED,False,False
U0000330,0,2026-02-23 10:32:21+00:00,4,0.0,0.008700051344931126,0.0,0.002916666666666667,0.0014583333333333334,INCONCLUSIVE_UNCONFIRMED,False,False
U0000331,0,2026-04-09 15:53:25+00:00,2,0.0,0.07912882417440414,0.0,0.7133333333333334,0.3566666666666667,INCONCLUSIVE_UNCONFIRMED,False,False
U0000332,1,2026-05-18 18:44:34+00:00,1,0.0,0.2404341697692871,0.0,0.9058333333333334,0.4529166666666667,CONFIRMED_SYNTHETIC_FRAUD,False,False
U0000333,0,2026-04-30 12:03:48+00:00,1,0.0,0.08912352472543716,0.0,0.7408333333333333,0.37041666666666667,INCONCLUSIVE_UNCONFIRMED,False,False
U0000334,0,2026-04-21 15:47:25+00:00,1,0.0,0.013948159292340279,0.0,0.19916666666666666,0.09958333333333333,INCONCLUSIVE_UNCONFIRMED,False,False
U0000335,0,2026-04-02 20:21:08+00:00,4,0.0,0.011981950141489506,0.0,0.14666666666666667,0.07333333333333333,INCONCLUSIVE_UNCONFIRMED,False,False
U0000336,0,2026-05-14 15:00:10+00:00,2,0.0,0.012683005072176456,0.0,0.16833333333333333,0.08416666666666667,INCONCLUSIVE_UNCONFIRMED,False,False
U0000337,0,2026-03-15 04:06:13+00:00,3,0.0,0.4656357169151306,0.0,0.96,0.48,INCONCLUSIVE_UNCONFIRMED,False,False
U0000338,0,2026-06-11 15:00:56+00:00,0,0.0,0.07215910404920578,0.0,0.69,0.345,INCONCLUSIVE_UNCONFIRMED,False,False
U0000339,0,2026-05-21 23:34:04+00:00,2,0.0,0.03145831823348999,0.0,0.4716666666666667,0.23583333333333334,INCONCLUSIVE_UNCONFIRMED,False,False
U0000340,0,2026-06-02 07:15:07+00:00,0,0.0,0.10959912091493607,0.0,0.7883333333333333,0.39416666666666667,INCONCLUSIVE_UNCONFIRMED,False,False
U0000341,0,2026-03-09 11:19:03+00:00,3,0.0,0.02076219953596592,0.0,0.31666666666666665,0.15833333333333333,INCONCLUSIVE_UNCONFIRMED,False,False
U0000342,0,2026-02-27 20:21:52+00:00,1,0.0,0.011096067726612091,0.0,0.09916666666666667,0.04958333333333333,INCONCLUSIVE_UNCONFIRMED,False,False
U0000343,0,2026-05-12 13:53:09+00:00,3,0.0,0.29216814041137695,0.0,0.92375,0.461875,INCONCLUSIVE_UNCONFIRMED,False,False
U0000344,0,2026-05-28 16:58:16+00:00,0,0.0,0.019871586933732033,0.0,0.3,0.15,INCONCLUSIVE_UNCONFIRMED,False,False
U0000345,0,2026-05-19 13:07:19+00:00,3,0.0,0.18460023403167725,0.0,0.8758333333333334,0.4379166666666667,INCONCLUSIVE_UNCONFIRMED,False,False
U0000346,0,2026-05-10 05:10:01+00:00,0,0.0,0.3143206834793091,0.0,0.9316666666666666,0.4658333333333333,INCONCLUSIVE_UNCONFIRMED,False,False
U0000347,0,2026-04-25 22:59:06+00:00,1,0.0,0.04411710053682327,0.6321205588285577,0.575,0.6035602794142788,INCONCLUSIVE_UNCONFIRMED,False,False
U0000348,0,2026-05-05 20:51:59+00:00,3,0.0,0.42037245631217957,0.0,0.9525,0.47625,INCONCLUSIVE_UNCONFIRMED,False,False
U0000349,0,2026-02-22 07:30:45+00:00,2,0.0,0.10683128982782364,0.0,0.7833333333333333,0.39166666666666666,INCONCLUSIVE_UNCONFIRMED,False,False
U0000350,0,2026-04-20 10:56:55+00:00,1,0.0,0.0933530181646347,0.0,0.7516666666666667,0.37583333333333335,INCONCLUSIVE_UNCONFIRMED,False,False
U0000351,0,2026-02-27 04:51:17+00:00,3,0.0,0.023285068571567535,0.0,0.36041666666666666,0.18020833333333333,INCONCLUSIVE_UNCONFIRMED,False,False
U0000352,0,2026-03-08 23:52:11+00:00,1,0.0,0.3525083065032959,0.0,0.945,0.4725,INCONCLUSIVE_UNCONFIRMED,False,False
U0000353,0,2026-04-02 16:57:04+00:00,4,0.0,0.05067846179008484,0.0,0.5983333333333334,0.2991666666666667,INCONCLUSIVE_UNCONFIRMED,False,False
U0000354,0,2026-04-26 06:46:47+00:00,4,0.0,0.1720922440290451,0.0,0.8691666666666666,0.4345833333333333,INCONCLUSIVE_UNCONFIRMED,False,False
U0000355,0,2026-03-24 04:52:27+00:00,4,0.0,0.018823519349098206,0.0,0.29,0.145,INCONCLUSIVE_UNCONFIRMED,False,False
U0000356,0,2026-03-03 13:16:21+00:00,3,0.0,0.024816330522298813,0.0,0.39458333333333334,0.19729166666666667,INCONCLUSIVE_UNCONFIRMED,False,False
U0000357,0,2026-03-06 13:58:28+00:00,3,0.0,0.01358872465789318,0.0,0.18666666666666668,0.09333333333333334,INCONCLUSIVE_UNCONFIRMED,False,False
U0000358,0,2026-06-04 04:21:52+00:00,3,0.0,0.049068573862314224,0.0,0.5908333333333333,0.29541666666666666,INCONCLUSIVE_UNCONFIRMED,False,False
U0000359,0,2026-06-04 19:16:05+00:00,2,0.0,0.11305535584688187,0.0,0.7966666666666666,0.3983333333333333,INCONCLUSIVE_UNCONFIRMED,False,False
U0000360,0,2026-05-30 12:22:56+00:00,3,0.0,0.06242498755455017,0.0,0.6566666666666666,0.3283333333333333,INCONCLUSIVE_UNCONFIRMED,False,False
U0000361,0,2026-03-20 01:23:06+00:00,0,0.0,0.02703975699841976,0.0,0.42083333333333334,0.21041666666666667,INCONCLUSIVE_UNCONFIRMED,False,False
U0000362,0,2026-05-21 19:49:58+00:00,3,0.0,0.0876360759139061,0.0,0.7316666666666667,0.36583333333333334,INCONCLUSIVE_UNCONFIRMED,False,False
U0000363,0,2026-04-19 22:31:11+00:00,0,0.0,0.012072225101292133,0.0,0.15166666666666667,0.07583333333333334,INCONCLUSIVE_UNCONFIRMED,False,False
U0000364,0,2026-05-06 07:23:54+00:00,1,0.0,0.3374761939048767,0.0,0.9358333333333333,0.46791666666666665,INCONCLUSIVE_UNCONFIRMED,False,False
U0000365,0,2026-04-07 09:33:50+00:00,4,0.0,0.13285228610038757,0.0,0.8333333333333334,0.4166666666666667,INCONCLUSIVE_UNCONFIRMED,False,False
U0000366,0,2026-06-05 22:08:12+00:00,3,0.0,0.017673928290605545,0.0,0.27166666666666667,0.13583333333333333,INCONCLUSIVE_UNCONFIRMED,False,False
U0000367,0,2026-05-05 21:17:57+00:00,3,0.0,0.04307907447218895,0.0,0.5683333333333334,0.2841666666666667,INCONCLUSIVE_UNCONFIRMED,False,False
U0000368,0,2026-03-12 04:27:21+00:00,3,0.0,0.031716231256723404,0.0,0.47333333333333333,0.23666666666666666,INCONCLUSIVE_UNCONFIRMED,False,False
U0000369,0,2026-05-03 05:20:16+00:00,4,0.0,0.015360263176262379,0.0,0.22333333333333333,0.11166666666666666,INCONCLUSIVE_UNCONFIRMED,False,False
U0000370,0,2026-03-29 02:17:58+00:00,2,0.0,0.12109871953725815,0.0,0.815,0.4075,INCONCLUSIVE_UNCONFIRMED,False,False
U0000371,0,2026-06-02 22:51:07+00:00,2,0.0,0.022694367915391922,0.0,0.35083333333333333,0.17541666666666667,INCONCLUSIVE_UNCONFIRMED,False,False
U0000372,0,2026-02-28 02:26:42+00:00,2,0.0,0.02243511751294136,0.0,0.34541666666666665,0.17270833333333332,INCONCLUSIVE_UNCONFIRMED,False,False
U0000373,0,2026-04-25 11:00:41+00:00,0,0.0,0.009941157884895802,0.0,0.056666666666666664,0.028333333333333332,INCONCLUSIVE_UNCONFIRMED,False,False
U0000374,0,2026-03-02 11:57:50+00:00,3,0.0,0.1099604144692421,0.0,0.79,0.395,INCONCLUSIVE_UNCONFIRMED,False,False
U0000375,0,2026-04-11 08:01:17+00:00,4,0.0,0.14012733101844788,0.0,0.8425,0.42125,INCONCLUSIVE_UNCONFIRMED,False,False
U0000376,0,2026-03-12 07:57:29+00:00,4,0.0,0.042115919291973114,0.0,0.5616666666666666,0.2808333333333333,INCONCLUSIVE_UNCONFIRMED,False,False
U0000377,0,2026-04-06 03:50:39+00:00,2,0.0,0.021840211004018784,0.0,0.3333333333333333,0.16666666666666666,INCONCLUSIVE_UNCONFIRMED,False,False
U0000378,1,2026-05-19 04:28:13+00:00,3,0.9672466734902765,0.9458011984825134,0.0,1.0,0.5,CONFIRMED_SYNTHETIC_FRAUD,False,False
U0000379,0,2026-06-14 15:07:57+00:00,0,0.0,0.009195183403789997,0.0,0.027083333333333334,0.013541666666666667,INCONCLUSIVE_UNCONFIRMED,False,False
U0000380,0,2026-04-22 15:46:37+00:00,3,0.0,0.04181366786360741,0.0,0.5579166666666666,0.2789583333333333,INCONCLUSIVE_UNCONFIRMED,False,False
U0000381,0,2026-05-19 02:26:06+00:00,4,0.0,0.011848334223031998,0.0,0.13833333333333334,0.06916666666666667,INCONCLUSIVE_UNCONFIRMED,False,False
U0000382,0,2026-05-05 16:27:49+00:00,3,0.0,0.012161104939877987,0.0,0.15333333333333332,0.07666666666666666,INCONCLUSIVE_UNCONFIRMED,False,False
U0000383,0,2026-05-21 08:22:58+00:00,2,0.0,0.020166568458080292,0.0,0.30416666666666664,0.15208333333333332,INCONCLUSIVE_UNCONFIRMED,False,False
U0000384,0,2026-03-17 10:00:11+00:00,4,0.0,0.40422332286834717,0.0,0.95,0.475,INCONCLUSIVE_UNCONFIRMED,False,False
U0000385,0,2026-03-10 02:09:06+00:00,2,0.0,0.02632146328687668,0.0,0.41083333333333333,0.20541666666666666,INCONCLUSIVE_UNCONFIRMED,False,False
U0000386,0,2026-05-18 12:21:42+00:00,4,0.0,0.09970669448375702,0.0,0.7675,0.38375,INCONCLUSIVE_UNCONFIRMED,False,False
U0000387,0,2026-03-29 14:06:46+00:00,2,0.0,0.0547732375562191,0.0,0.62,0.31,INCONCLUSIVE_UNCONFIRMED,False,False
U0000388,0,2026-04-25 23:37:54+00:00,1,0.0,0.06009088084101677,0.0,0.6466666666666666,0.3233333333333333,INCONCLUSIVE_UNCONFIRMED,False,False
U0000389,1,2026-04-12 22:30:39+00:00,4,0.9623217922606926,0.7164303064346313,0.0,0.9841666666666666,0.4920833333333333,CONFIRMED_SYNTHETIC_FRAUD,False,False
U0000390,0,2026-04-17 22:35:19+00:00,0,0.0,0.14701369404792786,0.0,0.8483333333333334,0.4241666666666667,INCONCLUSIVE_UNCONFIRMED,False,False
U0000391,0,2026-04-11 03:01:52+00:00,4,0.0,0.1023278534412384,0.0,0.7733333333333333,0.38666666666666666,INCONCLUSIVE_UNCONFIRMED,False,False
U0000392,0,2026-06-08 03:03:32+00:00,4,0.0,0.13058988749980927,0.0,0.8275,0.41375,INCONCLUSIVE_UNCONFIRMED,False,False
U0000393,0,2026-05-25 11:21:32+00:00,1,0.0,0.01081266812980175,0.0,0.08625,0.043125,INCONCLUSIVE_UNCONFIRMED,False,False
U0000394,0,2026-04-11 00:18:39+00:00,1,0.0,0.012055478058755398,0.0,0.15041666666666667,0.07520833333333334,INCONCLUSIVE_UNCONFIRMED,False,False
U0000395,0,2026-04-24 14:25:13+00:00,0,0.0,0.04577174410223961,0.0,0.5808333333333333,0.29041666666666666,INCONCLUSIVE_UNCONFIRMED,False,False
U0000396,0,2026-04-25 21:01:04+00:00,3,0.0,0.01358872465789318,0.0,0.18666666666666668,0.09333333333333334,INCONCLUSIVE_UNCONFIRMED,False,False
U0000397,0,2026-06-19 18:20:12+00:00,0,0.0,0.08802348375320435,0.0,0.7333333333333333,0.36666666666666664,INCONCLUSIVE_UNCONFIRMED,False,False
U0000398,0,2026-05-20 19:11:29+00:00,4,0.0,0.016282401978969574,0.0,0.24083333333333334,0.12041666666666667,INCONCLUSIVE_UNCONFIRMED,False,False
U0000399,0,2026-06-03 18:01:46+00:00,0,0.0,0.021652070805430412,0.0,0.32916666666666666,0.16458333333333333,INCONCLUSIVE_UNCONFIRMED,False,False
U0000400,0,2026-05-17 21:40:06+00:00,3,0.0,0.02349395677447319,0.0,0.365,0.1825,INCONCLUSIVE_UNCONFIRMED,False,False
U0000401,0,2026-05-13 11:33:02+00:00,3,0.0,0.020673196762800217,0.0,0.31333333333333335,0.15666666666666668,INCONCLUSIVE_UNCONFIRMED,False,False
U0000402,0,2026-03-24 05:44:42+00:00,4,0.0,0.00890128593891859,0.0,0.006666666666666667,0.0033333333333333335,INCONCLUSIVE_UNCONFIRMED,False,False
U0000403,0,2026-06-21 14:05:15+00:00,0,0.0,0.02070845104753971,0.0,0.31583333333333335,0.15791666666666668,INCONCLUSIVE_UNCONFIRMED,False,False
U0000404,0,2026-03-28 20:32:53+00:00,2,0.0,0.21709699928760529,0.0,0.8925,0.44625,INCONCLUSIVE_UNCONFIRMED,False,False
U0000405,0,2026-02-27 08:19:52+00:00,3,0.0,0.03691310063004494,0.0,0.5225,0.26125,INCONCLUSIVE_UNCONFIRMED,False,False
U0000406,0,2026-04-02 17:58:24+00:00,4,0.0,0.03738873079419136,0.0,0.5241666666666667,0.26208333333333333,INCONCLUSIVE_UNCONFIRMED,False,False
U0000407,0,2026-03-08 08:33:06+00:00,4,0.0,0.496584951877594,0.0,0.9625,0.48125,INCONCLUSIVE_UNCONFIRMED,False,False
U0000408,0,2026-03-12 02:11:12+00:00,2,0.0,0.0435369648039341,0.0,0.5708333333333333,0.28541666666666665,INCONCLUSIVE_UNCONFIRMED,False,False
U0000409,0,2026-02-24 08:55:13+00:00,0,0.0,0.06708338856697083,0.0,0.6766666666666666,0.3383333333333333,INCONCLUSIVE_UNCONFIRMED,False,False
U0000410,0,2026-06-10 05:33:52+00:00,3,0.0,0.8605381846427917,0.0,0.9925,0.49625,INCONCLUSIVE_UNCONFIRMED,False,False
U0000411,0,2026-04-23 04:23:43+00:00,2,0.0,0.13707870244979858,0.0,0.8391666666666666,0.4195833333333333,INCONCLUSIVE_UNCONFIRMED,False,False
U0000412,0,2026-04-01 20:35:04+00:00,2,0.9702258726899385,0.2396858036518097,0.0,0.905,0.4525,INCONCLUSIVE_UNCONFIRMED,False,False
U0000413,0,2026-05-09 06:26:56+00:00,2,0.0,0.012277483940124512,0.0,0.15583333333333332,0.07791666666666666,INCONCLUSIVE_UNCONFIRMED,False,False
U0000414,0,2026-04-27 05:41:19+00:00,4,0.0,0.023610183969140053,0.0,0.36666666666666664,0.18333333333333332,INCONCLUSIVE_UNCONFIRMED,False,False
U0000415,0,2026-04-24 18:37:46+00:00,1,0.0,0.11240149289369583,0.0,0.795,0.3975,INCONCLUSIVE_UNCONFIRMED,False,False
U0000416,0,2026-03-06 02:28:01+00:00,2,0.0,0.02243511751294136,0.0,0.34541666666666665,0.17270833333333332,INCONCLUSIVE_UNCONFIRMED,False,False
U0000417,0,2026-05-16 05:52:13+00:00,0,0.0,0.015566679649055004,0.0,0.2275,0.11375,INCONCLUSIVE_UNCONFIRMED,False,False
U0000418,0,2026-05-09 22:33:23+00:00,3,0.0,0.14047621190547943,0.0,0.8441666666666666,0.4220833333333333,INCONCLUSIVE_UNCONFIRMED,False,False
U0000419,0,2026-05-07 19:37:11+00:00,4,0.0,0.008700051344931126,0.0,0.002916666666666667,0.0014583333333333334,INCONCLUSIVE_UNCONFIRMED,False,False
U0000420,0,2026-05-11 12:15:28+00:00,4,0.0,0.013192834332585335,0.0,0.1725,0.08625,INCONCLUSIVE_UNCONFIRMED,False,False
U0000421,0,2026-06-03 01:20:34+00:00,4,0.0,0.0943017229437828,0.0,0.755,0.3775,INCONCLUSIVE_UNCONFIRMED,False,False
U0000422,0,2026-05-28 21:28:31+00:00,4,0.0,0.034944720566272736,0.0,0.51,0.255,INCONCLUSIVE_UNCONFIRMED,False,False
U0000423,0,2026-05-22 06:59:27+00:00,4,0.0,0.011270690709352493,0.0,0.11208333333333333,0.05604166666666666,INCONCLUSIVE_UNCONFIRMED,False,False
U0000424,0,2026-04-02 23:43:07+00:00,4,0.0,0.16028828918933868,0.0,0.86,0.43,INCONCLUSIVE_UNCONFIRMED,False,False
U0000425,0,2026-05-22 09:25:16+00:00,2,0.0,0.11413019895553589,0.0,0.8008333333333333,0.40041666666666664,INCONCLUSIVE_UNCONFIRMED,False,False
U0000426,0,2026-06-18 20:36:33+00:00,3,0.9672466734902765,0.5578961968421936,0.0,0.9683333333333334,0.4841666666666667,INCONCLUSIVE_UNCONFIRMED,False,False
U0000427,0,2026-05-11 07:26:20+00:00,2,0.0,0.052940063178539276,0.0,0.6075,0.30375,INCONCLUSIVE_UNCONFIRMED,False,False
U0000428,0,2026-04-22 07:36:42+00:00,4,0.0,0.11626219749450684,0.0,0.805,0.4025,INCONCLUSIVE_UNCONFIRMED,False,False
U0000429,0,2026-03-07 09:56:19+00:00,0,0.0,0.010554352775216103,0.0,0.0675,0.03375,INCONCLUSIVE_UNCONFIRMED,False,False
U0000430,1,2026-02-23 01:52:12+00:00,4,0.9623217922606926,0.2571622431278229,0.0,0.9108333333333334,0.4554166666666667,CONFIRMED_SYNTHETIC_FRAUD,False,False
U0000431,0,2026-06-04 12:58:55+00:00,2,0.0,0.037936560809612274,0.0,0.5325,0.26625,INCONCLUSIVE_UNCONFIRMED,False,False
U0000432,0,2026-02-26 23:45:59+00:00,0,0.0,0.051365673542022705,0.0,0.6016666666666667,0.30083333333333334,INCONCLUSIVE_UNCONFIRMED,False,False
U0000433,0,2026-05-17 02:06:36+00:00,4,0.0,0.01680011861026287,0.6321205588285577,0.25333333333333335,0.44272694608094554,INCONCLUSIVE_UNCONFIRMED,False,False
U0000434,0,2026-03-02 04:30:26+00:00,2,0.0,0.3174532949924469,0.0,0.9333333333333333,0.4666666666666667,INCONCLUSIVE_UNCONFIRMED,False,False
U0000435,0,2026-05-28 03:32:37+00:00,3,0.0,0.043979618698358536,0.0,0.5733333333333334,0.2866666666666667,INCONCLUSIVE_UNCONFIRMED,False,False
U0000436,0,2026-05-25 04:43:56+00:00,2,0.0,0.03396144509315491,0.0,0.49666666666666665,0.24833333333333332,INCONCLUSIVE_UNCONFIRMED,False,False
U0000437,0,2026-05-16 20:43:13+00:00,2,0.0,0.4234449863433838,0.0,0.9541666666666667,0.47708333333333336,INCONCLUSIVE_UNCONFIRMED,False,False
U0000438,0,2026-02-24 02:08:16+00:00,2,0.0,0.010202531702816486,0.0,0.06291666666666666,0.03145833333333333,INCONCLUSIVE_UNCONFIRMED,False,False
U0000439,0,2026-02-27 13:28:15+00:00,2,0.0,0.0217888280749321,0.0,0.3325,0.16625,INCONCLUSIVE_UNCONFIRMED,False,False
U0000440,0,2026-06-18 04:59:43+00:00,0,0.0,0.011309802532196045,0.0,0.11583333333333333,0.057916666666666665,INCONCLUSIVE_UNCONFIRMED,False,False
U0000441,0,2026-02-27 18:00:14+00:00,1,0.0,0.01474069245159626,0.0,0.21083333333333334,0.10541666666666667,INCONCLUSIVE_UNCONFIRMED,False,False
U0000442,0,2026-05-21 14:58:19+00:00,4,0.0,0.011894481256604195,0.0,0.14375,0.071875,INCONCLUSIVE_UNCONFIRMED,False,False
U0000443,0,2026-04-21 12:41:11+00:00,1,0.0,0.09871585667133331,0.0,0.7633333333333333,0.38166666666666665,INCONCLUSIVE_UNCONFIRMED,False,False
U0000444,0,2026-03-11 23:50:38+00:00,2,0.0,0.043923065066337585,0.0,0.5725,0.28625,INCONCLUSIVE_UNCONFIRMED,False,False
U0000445,0,2026-03-10 00:36:18+00:00,4,0.0,0.017086926847696304,0.0,0.25833333333333336,0.12916666666666668,INCONCLUSIVE_UNCONFIRMED,False,False
U0000446,0,2026-02-24 02:11:21+00:00,4,0.0,0.021905850619077682,0.0,0.335,0.1675,INCONCLUSIVE_UNCONFIRMED,False,False
U0000447,0,2026-04-15 01:59:26+00:00,2,0.9702258726899385,0.8746780157089233,0.0,0.995,0.4975,INCONCLUSIVE_UNCONFIRMED,False,False
U0000448,0,2026-06-15 12:24:47+00:00,2,0.0,0.04065064713358879,0.0,0.5541666666666667,0.27708333333333335,INCONCLUSIVE_UNCONFIRMED,False,False
U0000449,0,2026-04-24 10:07:32+00:00,1,0.0,0.05164998397231102,0.0,0.6025,0.30125,INCONCLUSIVE_UNCONFIRMED,False,False
U0000450,0,2026-04-27 02:35:19+00:00,4,0.0,0.0398009829223156,0.0,0.5483333333333333,0.27416666666666667,INCONCLUSIVE_UNCONFIRMED,False,False
U0000451,0,2026-04-08 07:10:05+00:00,1,0.0,0.054720304906368256,0.0,0.6183333333333333,0.30916666666666665,INCONCLUSIVE_UNCONFIRMED,False,False
U0000452,0,2026-05-13 16:51:45+00:00,3,0.0,0.02320067398250103,0.0,0.35833333333333334,0.17916666666666667,INCONCLUSIVE_UNCONFIRMED,False,False
U0000453,0,2026-02-23 03:25:32+00:00,1,0.0,0.015125462785363197,0.0,0.21875,0.109375,INCONCLUSIVE_UNCONFIRMED,False,False
U0000454,0,2026-03-27 04:43:09+00:00,4,0.0,0.049258388578891754,0.0,0.5925,0.29625,INCONCLUSIVE_UNCONFIRMED,False,False
U0000455,0,2026-06-07 13:45:52+00:00,1,0.0,0.01081266812980175,0.0,0.08625,0.043125,INCONCLUSIVE_UNCONFIRMED,False,False
U0000456,0,2026-03-07 10:18:25+00:00,4,0.0,0.6318204402923584,0.0,0.9783333333333334,0.4891666666666667,INCONCLUSIVE_UNCONFIRMED,False,False
U0000457,0,2026-05-31 21:35:28+00:00,1,0.0,0.03878898173570633,0.0,0.5391666666666667,0.26958333333333334,INCONCLUSIVE_UNCONFIRMED,False,False
U0000458,0,2026-04-21 18:46:55+00:00,1,0.0,0.011747865937650204,0.0,0.13375,0.066875,INCONCLUSIVE_UNCONFIRMED,False,False
U0000459,0,2026-04-03 00:14:29+00:00,2,0.0,0.028835786506533623,0.0,0.44416666666666665,0.22208333333333333,INCONCLUSIVE_UNCONFIRMED,False,False
U0000460,0,2026-03-14 22:59:25+00:00,1,0.0,0.13326700031757355,0.0,0.8341666666666666,0.4170833333333333,INCONCLUSIVE_UNCONFIRMED,False,False
U0000461,0,2026-03-25 21:26:50+00:00,3,0.0,0.6896802186965942,0.0,0.9833333333333333,0.49166666666666664,INCONCLUSIVE_UNCONFIRMED,False,False
U0000462,0,2026-06-16 10:47:00+00:00,3,0.0,0.016572369262576103,0.0,0.24458333333333335,0.12229166666666667,INCONCLUSIVE_UNCONFIRMED,False,False
U0000463,0,2026-05-06 04:18:23+00:00,2,0.0,0.03359634056687355,0.0,0.49083333333333334,0.24541666666666667,INCONCLUSIVE_UNCONFIRMED,False,False
U0000464,0,2026-06-15 07:17:21+00:00,3,0.0,0.01358872465789318,0.0,0.18666666666666668,0.09333333333333334,INCONCLUSIVE_UNCONFIRMED,False,False
U0000465,0,2026-05-12 01:33:41+00:00,1,0.0,0.02212122082710266,0.0,0.3383333333333333,0.16916666666666666,INCONCLUSIVE_UNCONFIRMED,False,False
U0000466,0,2026-05-26 18:58:42+00:00,0,0.0,0.015082265250384808,0.0,0.21666666666666667,0.10833333333333334,INCONCLUSIVE_UNCONFIRMED,False,False
U0000467,0,2026-03-03 00:12:15+00:00,4,0.0,0.03487452492117882,0.0,0.5033333333333333,0.25166666666666665,INCONCLUSIVE_UNCONFIRMED,False,False
U0000468,0,2026-03-13 22:45:24+00:00,4,0.0,0.10423756390810013,0.0,0.7758333333333334,0.3879166666666667,INCONCLUSIVE_UNCONFIRMED,False,False
U0000469,0,2026-02-23 21:19:18+00:00,3,0.0,0.03783133253455162,0.0,0.5291666666666667,0.26458333333333334,INCONCLUSIVE_UNCONFIRMED,False,False
U0000470,0,2026-03-30 10:15:10+00:00,3,0.0,0.01036266889423132,0.0,0.065,0.0325,INCONCLUSIVE_UNCONFIRMED,False,False
U0000471,0,2026-03-29 20:44:56+00:00,1,0.0,0.042462486773729324,0.0,0.565,0.2825,INCONCLUSIVE_UNCONFIRMED,False,False
U0000472,0,2026-03-15 08:23:47+00:00,0,0.0,0.04204936325550079,0.0,0.5608333333333333,0.28041666666666665,INCONCLUSIVE_UNCONFIRMED,False,False
U0000473,0,2026-05-02 08:14:49+00:00,4,0.0,0.13153639435768127,0.0,0.8291666666666667,0.41458333333333336,INCONCLUSIVE_UNCONFIRMED,False,False
U0000474,0,2026-03-12 08:25:25+00:00,1,0.0,0.016716253012418747,0.0,0.24916666666666668,0.12458333333333334,INCONCLUSIVE_UNCONFIRMED,False,False
U0000475,0,2026-06-15 07:03:35+00:00,0,0.0,0.012455875054001808,0.0,0.16333333333333333,0.08166666666666667,INCONCLUSIVE_UNCONFIRMED,False,False
U0000476,0,2026-05-19 07:59:20+00:00,4,0.9623217922606926,0.7752524018287659,0.0,0.9866666666666667,0.49333333333333335,INCONCLUSIVE_UNCONFIRMED,False,False
U0000477,0,2026-04-05 14:08:36+00:00,3,0.0,0.07610873878002167,0.0,0.7033333333333334,0.3516666666666667,INCONCLUSIVE_UNCONFIRMED,False,False
U0000478,0,2026-04-21 10:51:00+00:00,0,0.0,0.07543037831783295,0.0,0.7016666666666667,0.35083333333333333,INCONCLUSIVE_UNCONFIRMED,False,False
U0000479,0,2026-05-02 12:33:09+00:00,1,0.0,0.16763438284397125,0.0,0.8658333333333333,0.43291666666666667,INCONCLUSIVE_UNCONFIRMED,False,False
U0000480,0,2026-06-16 23:53:13+00:00,1,0.0,0.018336772918701172,0.0,0.285,0.1425,INCONCLUSIVE_UNCONFIRMED,False,False
U0000481,0,2026-03-02 03:32:49+00:00,0,0.0,0.26988479495048523,0.0,0.9183333333333333,0.45916666666666667,INCONCLUSIVE_UNCONFIRMED,False,False
U0000482,0,2026-05-05 23:49:23+00:00,1,0.0,0.0171147882938385,0.0,0.2608333333333333,0.13041666666666665,INCONCLUSIVE_UNCONFIRMED,False,False
U0000483,0,2026-04-02 18:22:15+00:00,2,0.0,0.047537509351968765,0.0,0.5883333333333334,0.2941666666666667,INCONCLUSIVE_UNCONFIRMED,False,False
U0000484,0,2026-03-11 22:44:32+00:00,0,0.0,0.12092357873916626,0.0,0.8141666666666667,0.40708333333333335,INCONCLUSIVE_UNCONFIRMED,False,False
U0000485,0,2026-06-09 02:44:48+00:00,4,0.0,0.35503897070884705,0.0,0.9458333333333333,0.47291666666666665,INCONCLUSIVE_UNCONFIRMED,False,False
U0000486,0,2026-05-08 05:30:08+00:00,0,0.0,0.1044873595237732,0.0,0.7775,0.38875,INCONCLUSIVE_UNCONFIRMED,False,False
U0000487,0,2026-03-19 05:28:27+00:00,3,0.0,0.06894727051258087,0.0,0.6791666666666667,0.33958333333333335,INCONCLUSIVE_UNCONFIRMED,False,False
U0000488,0,2026-05-30 19:36:27+00:00,4,0.0,0.06176219880580902,0.0,0.6541666666666667,0.32708333333333334,INCONCLUSIVE_UNCONFIRMED,False,False
U0000489,0,2026-03-27 14:30:28+00:00,3,0.0,0.01358872465789318,0.0,0.18666666666666668,0.09333333333333334,INCONCLUSIVE_UNCONFIRMED,False,False
U0000490,0,2026-05-09 02:18:46+00:00,2,0.0,0.010681995190680027,0.0,0.07208333333333333,0.036041666666666666,INCONCLUSIVE_UNCONFIRMED,False,False
U0000491,0,2026-03-26 23:49:34+00:00,1,0.0,0.0889170691370964,0.0,0.7395833333333334,0.3697916666666667,INCONCLUSIVE_UNCONFIRMED,False,False
U0000492,0,2026-06-07 00:05:13+00:00,4,0.0,0.06648417562246323,0.0,0.6725,0.33625,INCONCLUSIVE_UNCONFIRMED,False,False
U0000493,0,2026-04-07 00:05:42+00:00,2,0.0,0.017793577164411545,0.0,0.275,0.1375,INCONCLUSIVE_UNCONFIRMED,False,False
U0000494,0,2026-03-05 00:56:12+00:00,4,0.0,0.0377696268260479,0.0,0.5283333333333333,0.26416666666666666,INCONCLUSIVE_UNCONFIRMED,False,False
U0000495,0,2026-05-24 00:17:21+00:00,0,0.0,0.303121954202652,0.0,0.9275,0.46375,INCONCLUSIVE_UNCONFIRMED,False,False
U0000496,1,2026-04-18 15:09:29+00:00,2,0.0,0.07090399414300919,0.0,0.6883333333333334,0.3441666666666667,CONFIRMED_SYNTHETIC_FRAUD,False,False
U0000497,0,2026-06-21 03:27:59+00:00,2,0.0,0.011880009435117245,0.0,0.14125,0.070625,INCONCLUSIVE_UNCONFIRMED,False,False
U0000498,0,2026-03-18 09:37:48+00:00,2,0.0,0.039651885628700256,0.0,0.5466666666666666,0.2733333333333333,INCONCLUSIVE_UNCONFIRMED,False,False
U0000499,1,2026-03-26 09:05:04+00:00,1,0.9702258726899385,0.22378334403038025,0.0,0.8958333333333334,0.4479166666666667,CONFIRMED_SYNTHETIC_FRAUD,False,False
U0000500,0,2026-05-29 04:03:31+00:00,4,0.0,0.011894481256604195,0.0,0.14375,0.071875,INCONCLUSIVE_UNCONFIRMED,False,False
U0000501,0,2026-03-18 09:42:27+00:00,2,0.0,0.07455649971961975,0.0,0.6975,0.34875,INCONCLUSIVE_UNCONFIRMED,False,False
U0000502,0,2026-03-31 19:03:11+00:00,3,0.0,0.2625022828578949,0.0,0.9125,0.45625,INCONCLUSIVE_UNCONFIRMED,False,False
U0000503,0,2026-05-15 16:33:25+00:00,1,0.0,0.15472303330898285,0.0,0.855,0.4275,INCONCLUSIVE_UNCONFIRMED,False,False
U0000504,0,2026-03-18 16:10:22+00:00,2,0.0,0.05492505058646202,0.0,0.6216666666666667,0.31083333333333335,INCONCLUSIVE_UNCONFIRMED,False,False
U0000505,0,2026-04-20 06:43:43+00:00,4,0.0,0.35071858763694763,0.0,0.9433333333333334,0.4716666666666667,INCONCLUSIVE_UNCONFIRMED,False,False
U0000506,0,2026-03-28 09:26:25+00:00,0,0.0,0.02157468907535076,0.0,0.3275,0.16375,INCONCLUSIVE_UNCONFIRMED,False,False
U0000507,0,2026-02-27 08:11:44+00:00,2,0.0,0.13254192471504211,0.0,0.8316666666666667,0.41583333333333333,INCONCLUSIVE_UNCONFIRMED,False,False
U0000508,0,2026-03-31 20:02:33+00:00,1,0.0,0.011096067726612091,0.0,0.09916666666666667,0.04958333333333333,INCONCLUSIVE_UNCONFIRMED,False,False
U0000509,0,2026-06-06 23:52:27+00:00,2,0.0,0.11324407160282135,0.0,0.7975,0.39875,INCONCLUSIVE_UNCONFIRMED,False,False
U0000510,0,2026-05-15 05:30:10+00:00,1,0.0,0.23917359113693237,0.0,0.9033333333333333,0.45166666666666666,INCONCLUSIVE_UNCONFIRMED,False,False
U0000511,0,2026-06-11 05:49:02+00:00,0,0.0,0.010696412064135075,0.0,0.07375,0.036875,INCONCLUSIVE_UNCONFIRMED,False,False
U0000512,0,2026-05-28 18:41:57+00:00,0,0.0,0.014516097493469715,0.0,0.20583333333333334,0.10291666666666667,INCONCLUSIVE_UNCONFIRMED,False,False
U0000513,0,2026-06-21 04:13:47+00:00,3,0.0,0.014065214432775974,0.0,0.20166666666666666,0.10083333333333333,INCONCLUSIVE_UNCONFIRMED,False,False
U0000514,0,2026-04-09 03:43:54+00:00,4,0.0,0.3431757688522339,0.0,0.9375,0.46875,INCONCLUSIVE_UNCONFIRMED,False,False
U0000515,0,2026-04-25 01:54:08+00:00,3,0.0,0.014205400831997395,0.0,0.20333333333333334,0.10166666666666667,INCONCLUSIVE_UNCONFIRMED,False,False
U0000516,0,2026-05-17 02:08:18+00:00,4,0.0,0.01733987033367157,0.0,0.26666666666666666,0.13333333333333333,INCONCLUSIVE_UNCONFIRMED,False,False
U0000517,0,2026-06-13 15:11:52+00:00,1,0.0,0.03787165880203247,0.0,0.53125,0.265625,INCONCLUSIVE_UNCONFIRMED,False,False
U0000518,0,2026-03-02 10:49:43+00:00,2,0.0,0.010084510780870914,0.5725850680512733,0.06041666666666667,0.31650086735897,INCONCLUSIVE_UNCONFIRMED,False,False
U0000519,0,2026-03-02 09:00:36+00:00,3,0.0,0.053986806422472,0.0,0.615,0.3075,INCONCLUSIVE_UNCONFIRMED,False,False
U0000520,0,2026-05-29 12:24:28+00:00,2,0.0,0.12635593116283417,0.0,0.82,0.41,INCONCLUSIVE_UNCONFIRMED,False,False
U0000521,1,2026-06-15 21:59:16+00:00,1,0.9702258726899385,0.8764073252677917,0.0,0.9958333333333333,0.4979166666666667,CONFIRMED_SYNTHETIC_FRAUD,False,False
U0000522,0,2026-05-29 09:01:46+00:00,4,0.0,0.029639190062880516,0.0,0.45166666666666666,0.22583333333333333,INCONCLUSIVE_UNCONFIRMED,False,False
U0000523,0,2026-05-26 02:31:47+00:00,4,0.0,0.016951125115156174,0.0,0.2554166666666667,0.12770833333333334,INCONCLUSIVE_UNCONFIRMED,False,False
U0000524,0,2026-05-21 09:25:51+00:00,1,0.0,0.015125462785363197,0.0,0.21875,0.109375,INCONCLUSIVE_UNCONFIRMED,False,False
U0000525,0,2026-03-25 14:06:51+00:00,0,0.0,0.026318266987800598,0.0,0.41,0.205,INCONCLUSIVE_UNCONFIRMED,False,False
U0000526,0,2026-06-20 19:54:09+00:00,1,0.0,0.07831739634275436,0.0,0.71,0.355,INCONCLUSIVE_UNCONFIRMED,False,False
U0000527,0,2026-03-07 16:20:26+00:00,4,0.9623217922606926,0.055914945900440216,0.0,0.6283333333333333,0.31416666666666665,INCONCLUSIVE_UNCONFIRMED,False,False
U0000528,0,2026-04-05 21:05:20+00:00,0,0.0,0.011461911723017693,0.0,0.12166666666666667,0.060833333333333336,INCONCLUSIVE_UNCONFIRMED,False,False
U0000529,0,2026-06-07 07:15:28+00:00,3,0.0,0.00936546828597784,0.0,0.04,0.02,INCONCLUSIVE_UNCONFIRMED,False,False
U0000530,0,2026-06-08 03:10:28+00:00,4,0.0,0.016742873936891556,0.0,0.25,0.125,INCONCLUSIVE_UNCONFIRMED,False,False
U0000531,0,2026-02-23 10:18:49+00:00,0,0.0,0.016258032992482185,0.0,0.23958333333333334,0.11979166666666667,INCONCLUSIVE_UNCONFIRMED,False,False
U0000532,0,2026-05-01 15:06:03+00:00,1,0.0,0.11122965812683105,0.0,0.7941666666666667,0.39708333333333334,INCONCLUSIVE_UNCONFIRMED,False,False
U0000533,0,2026-05-06 19:15:17+00:00,4,0.0,0.12949173152446747,0.0,0.8258333333333333,0.41291666666666665,INCONCLUSIVE_UNCONFIRMED,False,False
U0000534,0,2026-05-06 22:06:36+00:00,0,0.9775147928994086,0.5250972509384155,0.0,0.965,0.4825,INCONCLUSIVE_UNCONFIRMED,False,False
U0000535,0,2026-05-30 03:43:46+00:00,4,0.0,0.02254389598965645,0.0,0.34833333333333333,0.17416666666666666,INCONCLUSIVE_UNCONFIRMED,False,False
U0000536,0,2026-04-25 19:37:54+00:00,0,0.9147286821705429,0.14734198153018951,0.0,0.8491666666666666,0.4245833333333333,INCONCLUSIVE_UNCONFIRMED,False,False
U0000537,0,2026-06-09 13:01:58+00:00,0,0.0,0.018153421580791473,0.0,0.2816666666666667,0.14083333333333334,INCONCLUSIVE_UNCONFIRMED,False,False
U0000538,0,2026-04-01 03:20:33+00:00,0,0.0,0.022415265440940857,0.0,0.3441666666666667,0.17208333333333334,INCONCLUSIVE_UNCONFIRMED,False,False
U0000539,0,2026-04-09 17:44:24+00:00,2,0.0,0.029427479952573776,0.0,0.4508333333333333,0.22541666666666665,INCONCLUSIVE_UNCONFIRMED,False,False
U0000540,0,2026-03-18 08:23:09+00:00,2,0.0,0.1151043027639389,0.0,0.8025,0.40125,INCONCLUSIVE_UNCONFIRMED,False,False
U0000541,0,2026-04-07 15:32:42+00:00,4,0.0,0.1167093887925148,0.0,0.8066666666666666,0.4033333333333333,INCONCLUSIVE_UNCONFIRMED,False,False
U0000542,0,2026-06-10 03:50:46+00:00,1,0.0,0.030344681814312935,0.0,0.46,0.23,INCONCLUSIVE_UNCONFIRMED,False,False
U0000543,0,2026-04-20 09:36:07+00:00,4,0.0,0.05671217292547226,0.0,0.6308333333333334,0.3154166666666667,INCONCLUSIVE_UNCONFIRMED,False,False
U0000544,0,2026-06-15 13:43:47+00:00,0,0.0,0.34510016441345215,0.0,0.9383333333333334,0.4691666666666667,INCONCLUSIVE_UNCONFIRMED,False,False
U0000545,0,2026-03-11 05:02:47+00:00,0,0.0,0.01615646481513977,0.0,0.2375,0.11875,INCONCLUSIVE_UNCONFIRMED,False,False
U0000546,0,2026-05-14 03:49:12+00:00,3,0.0,0.02818356081843376,0.0,0.43666666666666665,0.21833333333333332,INCONCLUSIVE_UNCONFIRMED,False,False
U0000547,0,2026-06-08 19:26:40+00:00,2,0.0,0.01976221427321434,0.0,0.2975,0.14875,INCONCLUSIVE_UNCONFIRMED,False,False
U0000548,0,2026-03-06 10:21:27+00:00,3,0.0,0.01615563966333866,0.0,0.23583333333333334,0.11791666666666667,INCONCLUSIVE_UNCONFIRMED,False,False
U0000549,0,2026-03-01 00:28:47+00:00,0,0.0,0.26283538341522217,0.0,0.9133333333333333,0.45666666666666667,INCONCLUSIVE_UNCONFIRMED,False,False
U0000550,0,2026-04-04 10:01:41+00:00,0,0.0,0.09445932507514954,0.0,0.7558333333333334,0.3779166666666667,INCONCLUSIVE_UNCONFIRMED,False,False
U0000551,0,2026-02-25 09:21:09+00:00,2,0.0,0.02040015161037445,0.0,0.30833333333333335,0.15416666666666667,INCONCLUSIVE_UNCONFIRMED,False,False
U0000552,0,2026-03-23 03:51:47+00:00,0,0.0,0.017794743180274963,0.0,0.27625,0.138125,INCONCLUSIVE_UNCONFIRMED,False,False
U0000553,0,2026-04-06 19:07:14+00:00,1,0.0,0.01081266812980175,0.0,0.08625,0.043125,INCONCLUSIVE_UNCONFIRMED,False,False
U0000554,0,2026-03-30 06:41:08+00:00,2,0.0,0.0170131903141737,0.0,0.2575,0.12875,INCONCLUSIVE_UNCONFIRMED,False,False
U0000555,0,2026-05-14 18:53:30+00:00,1,0.0,0.3654089868068695,0.0,0.9483333333333334,0.4741666666666667,INCONCLUSIVE_UNCONFIRMED,False,False
U0000556,0,2026-05-13 13:18:00+00:00,0,0.0,0.03753654286265373,0.0,0.525,0.2625,INCONCLUSIVE_UNCONFIRMED,False,False
U0000557,0,2026-05-03 17:19:59+00:00,4,0.0,0.057443633675575256,0.0,0.6358333333333334,0.3179166666666667,INCONCLUSIVE_UNCONFIRMED,False,False
U0000558,0,2026-06-14 12:40:02+00:00,4,0.0,0.011799262836575508,0.0,0.13583333333333333,0.06791666666666667,INCONCLUSIVE_UNCONFIRMED,False,False
U0000559,0,2026-05-04 07:21:24+00:00,1,0.0,0.04476512596011162,0.0,0.5783333333333334,0.2891666666666667,INCONCLUSIVE_UNCONFIRMED,False,False
U0000560,0,2026-04-18 22:40:34+00:00,1,0.0,0.45020443201065063,0.0,0.9575,0.47875,INCONCLUSIVE_UNCONFIRMED,False,False
U0000561,0,2026-03-29 13:38:13+00:00,0,0.0,0.022154411301016808,0.0,0.34041666666666665,0.17020833333333332,INCONCLUSIVE_UNCONFIRMED,False,False
U0000562,0,2026-03-15 03:58:46+00:00,1,0.0,0.06655818223953247,0.0,0.6733333333333333,0.33666666666666667,INCONCLUSIVE_UNCONFIRMED,False,False
U0000563,0,2026-04-15 17:57:25+00:00,4,0.0,0.11473305523395538,0.0,0.8016666666666666,0.4008333333333333,INCONCLUSIVE_UNCONFIRMED,False,False
U0000564,0,2026-06-01 13:48:10+00:00,1,0.0,0.011096067726612091,0.0,0.09916666666666667,0.04958333333333333,INCONCLUSIVE_UNCONFIRMED,False,False
U0000565,0,2026-04-22 22:01:05+00:00,4,0.0,0.01386776939034462,0.0,0.1975,0.09875,INCONCLUSIVE_UNCONFIRMED,False,False
U0000566,0,2026-05-30 22:53:23+00:00,1,0.0,0.08557584881782532,0.0,0.7266666666666667,0.36333333333333334,INCONCLUSIVE_UNCONFIRMED,False,False
U0000567,0,2026-05-17 17:29:26+00:00,4,0.0,0.022807640954852104,0.0,0.35333333333333333,0.17666666666666667,INCONCLUSIVE_UNCONFIRMED,False,False
U0000568,0,2026-05-27 04:39:48+00:00,3,0.0,0.028444722294807434,0.0,0.43916666666666665,0.21958333333333332,INCONCLUSIVE_UNCONFIRMED,False,False
U0000569,0,2026-04-26 05:41:26+00:00,2,0.9702258726899385,0.1629418134689331,0.0,0.8616666666666667,0.43083333333333335,INCONCLUSIVE_UNCONFIRMED,False,False
U0000570,0,2026-05-24 16:22:00+00:00,0,0.0,0.009763653390109539,0.0,0.050833333333333335,0.025416666666666667,INCONCLUSIVE_UNCONFIRMED,False,False
U0000571,0,2026-03-08 19:16:19+00:00,2,0.0,0.012018788605928421,0.0,0.14916666666666667,0.07458333333333333,INCONCLUSIVE_UNCONFIRMED,False,False
U0000572,0,2026-03-11 20:44:24+00:00,1,0.0,0.012562209740281105,0.0,0.16583333333333333,0.08291666666666667,INCONCLUSIVE_UNCONFIRMED,False,False
U0000573,0,2026-02-27 20:47:56+00:00,3,0.0,0.2029780000448227,0.0,0.8866666666666667,0.44333333333333336,INCONCLUSIVE_UNCONFIRMED,False,False
U0000574,0,2026-04-30 00:49:27+00:00,2,0.0,0.05700872838497162,0.0,0.6325,0.31625,INCONCLUSIVE_UNCONFIRMED,False,False
U0000575,0,2026-05-27 18:33:11+00:00,4,0.0,0.07906664907932281,0.0,0.7125,0.35625,INCONCLUSIVE_UNCONFIRMED,False,False
U0000576,0,2026-06-15 06:11:00+00:00,0,0.0,0.03686564043164253,0.0,0.5216666666666666,0.2608333333333333,INCONCLUSIVE_UNCONFIRMED,False,False
U0000577,0,2026-06-11 20:43:51+00:00,0,0.0,0.032813604921102524,0.0,0.485,0.2425,INCONCLUSIVE_UNCONFIRMED,False,False
U0000578,0,2026-04-19 19:38:39+00:00,4,0.0,0.008700051344931126,0.0,0.002916666666666667,0.0014583333333333334,INCONCLUSIVE_UNCONFIRMED,False,False
U0000579,0,2026-05-03 05:00:12+00:00,4,0.0,0.1644655019044876,0.0,0.8633333333333333,0.43166666666666664,INCONCLUSIVE_UNCONFIRMED,False,False
U0000580,0,2026-05-18 16:47:49+00:00,2,0.0,0.041459619998931885,0.0,0.5554166666666667,0.27770833333333333,INCONCLUSIVE_UNCONFIRMED,False,False
U0000581,0,2026-04-11 05:52:26+00:00,4,0.0,0.00925060361623764,0.0,0.030833333333333334,0.015416666666666667,INCONCLUSIVE_UNCONFIRMED,False,False
U0000582,0,2026-04-01 16:58:34+00:00,0,0.0,0.15043054521083832,0.0,0.8533333333333334,0.4266666666666667,INCONCLUSIVE_UNCONFIRMED,False,False
U0000583,0,2026-05-11 13:01:44+00:00,2,0.0,0.010084510780870914,0.0,0.06041666666666667,0.030208333333333334,INCONCLUSIVE_UNCONFIRMED,False,False
U0000584,0,2026-03-20 02:21:12+00:00,2,0.0,0.1700940728187561,0.0,0.8683333333333333,0.43416666666666665,INCONCLUSIVE_UNCONFIRMED,False,False
U0000585,0,2026-04-01 17:38:55+00:00,3,0.0,0.07373862713575363,0.0,0.695,0.3475,INCONCLUSIVE_UNCONFIRMED,False,False
U0000586,0,2026-06-01 08:28:16+00:00,3,0.0,0.022879300639033318,0.0,0.3541666666666667,0.17708333333333334,INCONCLUSIVE_UNCONFIRMED,False,False
U0000587,0,2026-04-04 13:27:15+00:00,2,0.0,0.041459619998931885,0.0,0.5554166666666667,0.27770833333333333,INCONCLUSIVE_UNCONFIRMED,False,False
U0000588,0,2026-05-11 22:32:17+00:00,3,0.0,0.05304296687245369,0.0,0.6091666666666666,0.3045833333333333,INCONCLUSIVE_UNCONFIRMED,False,False
U0000589,0,2026-03-11 07:51:44+00:00,0,0.0,0.015346645377576351,0.0,0.2225,0.11125,INCONCLUSIVE_UNCONFIRMED,False,False
U0000590,0,2026-06-04 18:21:32+00:00,3,0.0,0.03296578302979469,0.0,0.4866666666666667,0.24333333333333335,INCONCLUSIVE_UNCONFIRMED,False,False
U0000591,0,2026-06-12 04:58:20+00:00,1,0.0,0.06599482148885727,0.0,0.67,0.335,INCONCLUSIVE_UNCONFIRMED,False,False
U0000592,0,2026-04-29 05:14:25+00:00,3,0.0,0.02292627841234207,0.0,0.35583333333333333,0.17791666666666667,INCONCLUSIVE_UNCONFIRMED,False,False
U0000593,0,2026-03-22 17:24:07+00:00,4,0.0,0.1464609056711197,0.0,0.8466666666666667,0.42333333333333334,INCONCLUSIVE_UNCONFIRMED,False,False
U0000594,0,2026-02-25 17:04:53+00:00,1,0.0,0.0547768659889698,0.0,0.6208333333333333,0.3104166666666667,INCONCLUSIVE_UNCONFIRMED,False,False
U0000595,0,2026-02-28 00:06:32+00:00,1,0.0,0.011096067726612091,0.0,0.09916666666666667,0.04958333333333333,INCONCLUSIVE_UNCONFIRMED,False,False
U0000596,0,2026-06-05 04:13:10+00:00,0,0.0,0.027279995381832123,0.0,0.4241666666666667,0.21208333333333335,INCONCLUSIVE_UNCONFIRMED,False,False
U0000597,0,2026-05-03 22:54:44+00:00,0,0.0,0.23929978907108307,0.0,0.9041666666666667,0.45208333333333334,INCONCLUSIVE_UNCONFIRMED,False,False
U0000598,0,2026-06-07 00:28:45+00:00,1,0.0,0.021080009639263153,0.0,0.32,0.16,INCONCLUSIVE_UNCONFIRMED,False,False
U0000599,0,2026-04-30 04:31:46+00:00,0,0.0,0.02637193724513054,0.0,0.4116666666666667,0.20583333333333334,INCONCLUSIVE_UNCONFIRMED,False,False
U0000600,0,2026-05-08 00:25:33+00:00,3,0.0,0.31717443466186523,0.0,0.9325,0.46625,INCONCLUSIVE_UNCONFIRMED,False,False
U0000601,0,2026-05-28 09:30:20+00:00,2,0.0,0.2005893439054489,0.0,0.885,0.4425,INCONCLUSIVE_UNCONFIRMED,False,False
U0000602,0,2026-05-26 19:21:25+00:00,3,0.0,0.05325743183493614,0.0,0.61,0.305,INCONCLUSIVE_UNCONFIRMED,False,False
U0000603,0,2026-04-06 22:56:31+00:00,2,0.0,0.028649717569351196,0.6132589765454988,0.4425,0.5278794882727493,INCONCLUSIVE_UNCONFIRMED,False,False
U0000604,0,2026-03-05 03:57:59+00:00,2,0.0,0.19398443400859833,0.0,0.88,0.44,INCONCLUSIVE_UNCONFIRMED,False,False
U0000605,0,2026-05-12 14:46:23+00:00,2,0.0,0.013983223587274551,0.0,0.2,0.1,INCONCLUSIVE_UNCONFIRMED,False,False
U0000606,0,2026-05-15 07:17:59+00:00,3,0.0,0.04423985257744789,0.0,0.5758333333333333,0.28791666666666665,INCONCLUSIVE_UNCONFIRMED,False,False
U0000607,0,2026-05-30 15:28:30+00:00,4,0.0,0.013215052895247936,0.0,0.17333333333333334,0.08666666666666667,INCONCLUSIVE_UNCONFIRMED,False,False
U0000608,0,2026-04-03 11:08:10+00:00,2,0.9702258726899385,0.7833278775215149,0.0,0.9883333333333333,0.49416666666666664,INCONCLUSIVE_UNCONFIRMED,False,False
U0000609,0,2026-05-13 16:25:22+00:00,0,0.0,0.009319121018052101,0.0,0.03666666666666667,0.018333333333333333,INCONCLUSIVE_UNCONFIRMED,False,False
U0000610,0,2026-06-14 14:53:29+00:00,1,0.0,0.01081266812980175,0.0,0.08625,0.043125,INCONCLUSIVE_UNCONFIRMED,False,False
U0000611,0,2026-06-05 09:03:28+00:00,3,0.0,0.009005305357277393,0.0,0.010833333333333334,0.005416666666666667,INCONCLUSIVE_UNCONFIRMED,False,False
U0000612,0,2026-02-22 16:02:35+00:00,1,0.0,0.011747865937650204,0.0,0.13375,0.066875,INCONCLUSIVE_UNCONFIRMED,False,False
U0000613,0,2026-05-26 15:41:36+00:00,0,0.0,0.02186354249715805,0.0,0.33416666666666667,0.16708333333333333,INCONCLUSIVE_UNCONFIRMED,False,False
U0000614,0,2026-06-04 20:53:13+00:00,0,0.0,0.01066126860678196,0.0,0.07041666666666667,0.035208333333333335,INCONCLUSIVE_UNCONFIRMED,False,False
U0000615,0,2026-06-09 03:07:28+00:00,1,0.9702258726899385,0.608470618724823,0.0,0.975,0.4875,INCONCLUSIVE_UNCONFIRMED,False,False
U0000616,0,2026-04-28 22:39:16+00:00,2,0.0,0.13431662321090698,0.0,0.835,0.4175,INCONCLUSIVE_UNCONFIRMED,False,False
U0000617,0,2026-04-03 07:26:33+00:00,1,0.0,0.2645132541656494,0.0,0.915,0.4575,INCONCLUSIVE_UNCONFIRMED,False,False
U0000618,0,2026-04-29 11:15:09+00:00,3,0.0,0.022093314677476883,0.0,0.33666666666666667,0.16833333333333333,INCONCLUSIVE_UNCONFIRMED,False,False
U0000619,0,2026-06-16 13:58:10+00:00,1,0.0,0.011222830042243004,0.0,0.1075,0.05375,INCONCLUSIVE_UNCONFIRMED,False,False
U0000620,0,2026-02-22 07:20:48+00:00,0,0.0,0.05853697657585144,0.0,0.6425,0.32125,INCONCLUSIVE_UNCONFIRMED,False,False
U0000621,0,2026-03-11 14:48:22+00:00,1,0.0,0.01548727322369814,0.0,0.22666666666666666,0.11333333333333333,INCONCLUSIVE_UNCONFIRMED,False,False
U0000622,0,2026-06-08 13:33:38+00:00,2,0.0,0.0173972025513649,0.0,0.2683333333333333,0.13416666666666666,INCONCLUSIVE_UNCONFIRMED,False,False
U0000623,0,2026-05-19 19:02:35+00:00,3,0.0,0.030796833336353302,0.0,0.4633333333333333,0.23166666666666666,INCONCLUSIVE_UNCONFIRMED,False,False
U0000624,0,2026-03-23 19:21:44+00:00,1,0.0,0.2665952444076538,0.0,0.9158333333333334,0.4579166666666667,INCONCLUSIVE_UNCONFIRMED,False,False
U0000625,0,2026-03-03 07:11:20+00:00,4,0.0,0.015956155955791473,0.0,0.23166666666666666,0.11583333333333333,INCONCLUSIVE_UNCONFIRMED,False,False
U0000626,0,2026-06-18 01:56:56+00:00,3,0.0,0.3515949249267578,0.0,0.9441666666666667,0.47208333333333335,INCONCLUSIVE_UNCONFIRMED,False,False
U0000627,0,2026-06-10 20:42:46+00:00,0,0.0,0.020321529358625412,0.0,0.30583333333333335,0.15291666666666667,INCONCLUSIVE_UNCONFIRMED,False,False
U0000628,0,2026-03-12 18:12:52+00:00,1,0.0,0.06288779526948929,0.0,0.6583333333333333,0.32916666666666666,INCONCLUSIVE_UNCONFIRMED,False,False
U0000629,0,2026-06-12 02:57:26+00:00,0,0.0,0.013674754649400711,0.0,0.19416666666666665,0.09708333333333333,INCONCLUSIVE_UNCONFIRMED,False,False
U0000630,0,2026-03-04 04:36:20+00:00,1,0.0,0.05526544898748398,0.0,0.625,0.3125,INCONCLUSIVE_UNCONFIRMED,False,False
U0000631,0,2026-05-22 12:48:37+00:00,3,0.0,0.02371649630367756,0.0,0.37083333333333335,0.18541666666666667,INCONCLUSIVE_UNCONFIRMED,False,False
U0000632,0,2026-05-30 08:56:19+00:00,3,0.0,0.01036266889423132,0.0,0.065,0.0325,INCONCLUSIVE_UNCONFIRMED,False,False
U0000633,0,2026-05-01 19:17:37+00:00,3,0.0,0.03633764013648033,0.0,0.5191666666666667,0.25958333333333333,INCONCLUSIVE_UNCONFIRMED,False,False
U0000634,0,2026-03-04 06:25:34+00:00,4,0.0,0.07435959577560425,0.0,0.6966666666666667,0.34833333333333333,INCONCLUSIVE_UNCONFIRMED,False,False
U0000635,0,2026-03-10 06:29:11+00:00,1,0.0,0.021206418052315712,0.0,0.3225,0.16125,INCONCLUSIVE_UNCONFIRMED,False,False
U0000636,0,2026-03-12 16:04:14+00:00,0,0.0,0.12240704894065857,0.0,0.8166666666666667,0.4083333333333333,INCONCLUSIVE_UNCONFIRMED,False,False
U0000637,0,2026-04-17 09:21:17+00:00,0,0.0,0.02983747236430645,0.0,0.455,0.2275,INCONCLUSIVE_UNCONFIRMED,False,False
U0000638,0,2026-03-16 22:58:34+00:00,4,0.0,0.013478041626513004,0.0,0.17916666666666667,0.08958333333333333,INCONCLUSIVE_UNCONFIRMED,False,False
U0000639,0,2026-03-20 17:03:43+00:00,2,0.0,0.07463090121746063,0.0,0.6983333333333334,0.3491666666666667,INCONCLUSIVE_UNCONFIRMED,False,False
U0000640,0,2026-04-22 07:27:04+00:00,1,0.0,0.10722089558839798,0.0,0.785,0.3925,INCONCLUSIVE_UNCONFIRMED,False,False
U0000641,0,2026-05-09 13:15:43+00:00,1,0.0,0.011096067726612091,0.0,0.09916666666666667,0.04958333333333333,INCONCLUSIVE_UNCONFIRMED,False,False
U0000642,0,2026-04-18 16:56:57+00:00,1,0.0,0.01081266812980175,0.0,0.08625,0.043125,INCONCLUSIVE_UNCONFIRMED,False,False
U0000643,0,2026-04-23 02:18:10+00:00,2,0.0,0.02727988176047802,0.0,0.42333333333333334,0.21166666666666667,INCONCLUSIVE_UNCONFIRMED,False,False
U0000644,0,2026-05-19 08:44:03+00:00,0,0.0,0.05702793225646019,0.0,0.6333333333333333,0.31666666666666665,INCONCLUSIVE_UNCONFIRMED,False,False
U0000645,0,2026-05-08 14:43:19+00:00,2,0.0,0.043196193873882294,0.0,0.5691666666666667,0.28458333333333335,INCONCLUSIVE_UNCONFIRMED,False,False
U0000646,0,2026-03-19 06:22:23+00:00,4,0.0,0.01956385001540184,0.0,0.295,0.1475,INCONCLUSIVE_UNCONFIRMED,False,False
U0000647,0,2026-06-06 00:02:41+00:00,4,0.0,0.22976255416870117,0.0,0.9,0.45,INCONCLUSIVE_UNCONFIRMED,False,False
U0000648,0,2026-06-13 05:54:21+00:00,3,0.0,0.03007509559392929,0.0,0.4583333333333333,0.22916666666666666,INCONCLUSIVE_UNCONFIRMED,False,False
U0000649,0,2026-04-30 12:19:12+00:00,3,0.0,0.12271607667207718,0.0,0.8175,0.40875,INCONCLUSIVE_UNCONFIRMED,False,False
U0000650,0,2026-06-07 10:28:24+00:00,1,0.0,0.036001481115818024,0.0,0.5158333333333334,0.2579166666666667,INCONCLUSIVE_UNCONFIRMED,False,False
U0000651,0,2026-03-02 19:26:15+00:00,1,0.0,0.06987684220075607,0.0,0.6833333333333333,0.3416666666666667,INCONCLUSIVE_UNCONFIRMED,False,False
U0000652,0,2026-04-06 04:54:44+00:00,3,0.0,0.0309558417648077,0.0,0.4666666666666667,0.23333333333333334,INCONCLUSIVE_UNCONFIRMED,False,False
U0000653,0,2026-05-08 11:33:49+00:00,0,0.0,0.09902223944664001,0.0,0.765,0.3825,INCONCLUSIVE_UNCONFIRMED,False,False
U0000654,0,2026-05-06 10:46:17+00:00,3,0.0,0.09563113003969193,0.0,0.7591666666666667,0.37958333333333333,INCONCLUSIVE_UNCONFIRMED,False,False
U0000655,0,2026-06-15 01:23:26+00:00,2,0.0,0.023341001942753792,0.0,0.3625,0.18125,INCONCLUSIVE_UNCONFIRMED,False,False
U0000656,0,2026-04-16 16:25:09+00:00,2,0.0,0.02425992302596569,0.0,0.38,0.19,INCONCLUSIVE_UNCONFIRMED,False,False
U0000657,0,2026-02-25 03:15:34+00:00,3,0.0,0.03187555819749832,0.0,0.47708333333333336,0.23854166666666668,INCONCLUSIVE_UNCONFIRMED,False,False
U0000658,0,2026-04-14 01:23:54+00:00,1,0.0,0.021301204338669777,0.0,0.3233333333333333,0.16166666666666665,INCONCLUSIVE_UNCONFIRMED,False,False
U0000659,0,2026-05-01 18:06:05+00:00,3,0.0,0.032111767679452896,0.0,0.4791666666666667,0.23958333333333334,INCONCLUSIVE_UNCONFIRMED,False,False
U0000660,0,2026-03-09 14:11:32+00:00,2,0.0,0.09530491381883621,0.0,0.7575,0.37875,INCONCLUSIVE_UNCONFIRMED,False,False
U0000661,0,2026-05-25 13:45:26+00:00,2,0.0,0.016686847433447838,0.0,0.24833333333333332,0.12416666666666666,INCONCLUSIVE_UNCONFIRMED,False,False
U0000662,0,2026-04-20 09:42:42+00:00,0,0.0,0.009633861482143402,0.0,0.04375,0.021875,INCONCLUSIVE_UNCONFIRMED,False,False
U0000663,0,2026-05-13 22:51:21+00:00,1,0.0,0.0166587196290493,0.0,0.2475,0.12375,INCONCLUSIVE_UNCONFIRMED,False,False
U0000664,0,2026-02-27 15:39:23+00:00,3,0.0,0.11528245359659195,0.0,0.8033333333333333,0.40166666666666667,INCONCLUSIVE_UNCONFIRMED,False,False
U0000665,0,2026-03-14 13:24:22+00:00,2,0.0,0.020166568458080292,0.0,0.30416666666666664,0.15208333333333332,INCONCLUSIVE_UNCONFIRMED,False,False
U0000666,0,2026-05-02 01:14:19+00:00,3,0.0,0.015108524821698666,0.0,0.2175,0.10875,INCONCLUSIVE_UNCONFIRMED,False,False
U0000667,0,2026-03-18 08:13:12+00:00,1,0.0,0.017422769218683243,0.0,0.27,0.135,INCONCLUSIVE_UNCONFIRMED,False,False
U0000668,0,2026-05-12 18:27:52+00:00,1,0.0,0.06288779526948929,0.0,0.6583333333333333,0.32916666666666666,INCONCLUSIVE_UNCONFIRMED,False,False
U0000669,0,2026-02-23 05:35:06+00:00,1,0.0,0.02529396116733551,0.0,0.4,0.2,INCONCLUSIVE_UNCONFIRMED,False,False
U0000670,0,2026-03-04 08:52:06+00:00,3,0.0,0.012416989542543888,0.0,0.16166666666666665,0.08083333333333333,INCONCLUSIVE_UNCONFIRMED,False,False
U0000671,0,2026-05-18 03:49:01+00:00,2,0.0,0.01730930618941784,0.0,0.2658333333333333,0.13291666666666666,INCONCLUSIVE_UNCONFIRMED,False,False
U0000672,0,2026-03-29 21:19:57+00:00,0,0.0,0.05542591214179993,0.0,0.6258333333333334,0.3129166666666667,INCONCLUSIVE_UNCONFIRMED,False,False
U0000673,0,2026-03-17 08:42:05+00:00,1,0.0,0.017138320952653885,0.0,0.2633333333333333,0.13166666666666665,INCONCLUSIVE_UNCONFIRMED,False,False
U0000674,0,2026-06-14 15:20:12+00:00,2,0.0,0.028084328398108482,0.0,0.43416666666666665,0.21708333333333332,INCONCLUSIVE_UNCONFIRMED,False,False
U0000675,0,2026-03-29 12:27:03+00:00,3,0.0,0.02969261445105076,0.0,0.4533333333333333,0.22666666666666666,INCONCLUSIVE_UNCONFIRMED,False,False
U0000676,0,2026-06-16 21:22:46+00:00,2,0.0,0.015068805776536465,0.0,0.21583333333333332,0.10791666666666666,INCONCLUSIVE_UNCONFIRMED,False,False
U0000677,0,2026-06-12 11:09:29+00:00,3,0.0,0.024689236655831337,0.0,0.3933333333333333,0.19666666666666666,INCONCLUSIVE_UNCONFIRMED,False,False
U0000678,0,2026-05-01 11:24:31+00:00,2,0.0,0.026927519589662552,0.0,0.4166666666666667,0.20833333333333334,INCONCLUSIVE_UNCONFIRMED,False,False
U0000679,0,2026-05-30 08:21:56+00:00,0,0.0,0.032958608120679855,0.0,0.48583333333333334,0.24291666666666667,INCONCLUSIVE_UNCONFIRMED,False,False
U0000680,0,2026-03-22 13:20:55+00:00,0,0.0,0.01615646481513977,0.0,0.2375,0.11875,INCONCLUSIVE_UNCONFIRMED,False,False
U0000681,0,2026-05-10 03:58:14+00:00,2,0.9702258726899385,0.6284823417663574,0.0,0.9766666666666667,0.48833333333333334,INCONCLUSIVE_UNCONFIRMED,False,False
U0000682,0,2026-03-31 06:28:45+00:00,3,0.9672466734902765,0.2889730632305145,0.0,0.9216666666666666,0.4608333333333333,INCONCLUSIVE_UNCONFIRMED,False,False
U0000683,0,2026-02-23 05:36:36+00:00,2,0.0,0.01139233261346817,0.0,0.11833333333333333,0.059166666666666666,INCONCLUSIVE_UNCONFIRMED,False,False
U0000684,0,2026-04-16 09:18:32+00:00,2,0.0,0.057928912341594696,0.0,0.6383333333333333,0.31916666666666665,INCONCLUSIVE_UNCONFIRMED,False,False
U0000685,1,2026-05-30 13:57:20+00:00,3,0.9672466734902765,0.9138814210891724,0.0,0.9983333333333333,0.49916666666666665,CONFIRMED_SYNTHETIC_FRAUD,False,False
U0000686,0,2026-05-09 18:38:29+00:00,4,0.0,0.011981950141489506,0.0,0.14666666666666667,0.07333333333333333,INCONCLUSIVE_UNCONFIRMED,False,False
U0000687,0,2026-06-08 04:51:01+00:00,0,0.0,0.009195183403789997,0.6321205588285577,0.027083333333333334,0.3296019460809455,INCONCLUSIVE_UNCONFIRMED,False,False
U0000688,0,2026-04-30 06:02:34+00:00,3,0.0,0.030850371345877647,0.0,0.46416666666666667,0.23208333333333334,INCONCLUSIVE_UNCONFIRMED,False,False
U0000689,0,2026-04-22 17:05:09+00:00,4,0.0,0.39688780903816223,0.0,0.9491666666666667,0.47458333333333336,INCONCLUSIVE_UNCONFIRMED,False,False
U0000690,0,2026-05-29 00:31:21+00:00,3,0.0,0.010082259774208069,0.0,0.059166666666666666,0.029583333333333333,INCONCLUSIVE_UNCONFIRMED,False,False
U0000691,0,2026-04-27 02:20:02+00:00,3,0.0,0.01036266889423132,0.0,0.065,0.0325,INCONCLUSIVE_UNCONFIRMED,False,False
U0000692,0,2026-05-08 13:47:03+00:00,2,0.0,0.023487212136387825,0.0,0.3641666666666667,0.18208333333333335,INCONCLUSIVE_UNCONFIRMED,False,False
U0000693,0,2026-05-02 14:35:03+00:00,3,0.0,0.035238951444625854,0.0,0.5116666666666667,0.25583333333333336,INCONCLUSIVE_UNCONFIRMED,False,False
U0000694,0,2026-04-15 22:52:04+00:00,2,0.0,0.044756751507520676,0.0,0.5775,0.28875,INCONCLUSIVE_UNCONFIRMED,False,False
U0000695,0,2026-04-18 21:40:22+00:00,3,0.0,0.024816330522298813,0.0,0.39458333333333334,0.19729166666666667,INCONCLUSIVE_UNCONFIRMED,False,False
U0000696,0,2026-03-30 16:24:07+00:00,0,0.0,0.03836573660373688,0.0,0.5341666666666667,0.26708333333333334,INCONCLUSIVE_UNCONFIRMED,False,False
U0000697,0,2026-04-21 09:20:39+00:00,1,0.0,0.08195380866527557,0.0,0.7191666666666666,0.3595833333333333,INCONCLUSIVE_UNCONFIRMED,False,False
U0000698,0,2026-05-25 05:26:36+00:00,0,0.0,0.016535162925720215,0.0,0.24333333333333335,0.12166666666666667,INCONCLUSIVE_UNCONFIRMED,False,False
U0000699,0,2026-04-27 23:26:28+00:00,3,0.0,0.050225529819726944,0.0,0.5966666666666667,0.29833333333333334,INCONCLUSIVE_UNCONFIRMED,False,False
U0000700,0,2026-04-24 10:31:09+00:00,0,0.0,0.09423478692770004,0.0,0.7541666666666667,0.3770833333333333,INCONCLUSIVE_UNCONFIRMED,False,False
U0000701,0,2026-04-12 15:24:34+00:00,1,0.0,0.012055478058755398,0.0,0.15041666666666667,0.07520833333333334,INCONCLUSIVE_UNCONFIRMED,False,False
U0000702,0,2026-06-16 07:37:44+00:00,0,0.0,0.009319121018052101,0.0,0.03666666666666667,0.018333333333333333,INCONCLUSIVE_UNCONFIRMED,False,False
U0000703,0,2026-05-20 21:49:23+00:00,4,0.0,0.044080983847379684,0.0,0.5741666666666667,0.28708333333333336,INCONCLUSIVE_UNCONFIRMED,False,False
U0000704,0,2026-06-07 05:06:03+00:00,0,0.0,0.06150534003973007,0.0,0.6516666666666666,0.3258333333333333,INCONCLUSIVE_UNCONFIRMED,False,False
U0000705,0,2026-06-12 15:31:10+00:00,2,0.0,0.01155562698841095,0.0,0.12583333333333332,0.06291666666666666,INCONCLUSIVE_UNCONFIRMED,False,False
U0000706,0,2026-05-27 10:47:29+00:00,0,0.0,0.024442356079816818,0.0,0.3825,0.19125,INCONCLUSIVE_UNCONFIRMED,False,False
U0000707,0,2026-05-12 22:30:43+00:00,4,0.0,0.01978864148259163,0.0,0.29833333333333334,0.14916666666666667,INCONCLUSIVE_UNCONFIRMED,False,False
U0000708,0,2026-03-21 19:21:01+00:00,3,0.0,0.03427992761135101,0.0,0.49833333333333335,0.24916666666666668,INCONCLUSIVE_UNCONFIRMED,False,False
U0000709,0,2026-04-04 15:02:07+00:00,1,0.0,0.08994579315185547,0.0,0.7416666666666667,0.37083333333333335,INCONCLUSIVE_UNCONFIRMED,False,False
U0000710,0,2026-02-28 00:47:44+00:00,1,0.0,0.01081266812980175,0.0,0.08625,0.043125,INCONCLUSIVE_UNCONFIRMED,False,False
U0000711,0,2026-04-26 23:24:33+00:00,4,0.0,0.041970010846853256,0.0,0.5591666666666667,0.27958333333333335,INCONCLUSIVE_UNCONFIRMED,False,False
U0000712,0,2026-03-07 00:47:20+00:00,0,0.0,0.096450574696064,0.0,0.7608333333333334,0.3804166666666667,INCONCLUSIVE_UNCONFIRMED,False,False
U0000713,0,2026-03-07 20:28:44+00:00,0,0.0,0.043489500880241394,0.0,0.57,0.285,INCONCLUSIVE_UNCONFIRMED,False,False
U0000714,0,2026-04-28 06:50:31+00:00,4,0.0,0.012147953733801842,0.0,0.1525,0.07625,INCONCLUSIVE_UNCONFIRMED,False,False
U0000715,0,2026-04-23 02:07:51+00:00,1,0.0,0.24797587096691132,0.0,0.9091666666666667,0.45458333333333334,INCONCLUSIVE_UNCONFIRMED,False,False
U0000716,0,2026-05-17 21:01:48+00:00,3,0.0,0.02459597960114479,0.0,0.38666666666666666,0.19333333333333333,INCONCLUSIVE_UNCONFIRMED,False,False
U0000717,0,2026-03-01 03:38:55+00:00,3,0.0,0.12701648473739624,0.0,0.8233333333333334,0.4116666666666667,INCONCLUSIVE_UNCONFIRMED,False,False
U0000718,0,2026-03-27 07:28:58+00:00,4,0.0,0.09911167621612549,0.0,0.7658333333333334,0.3829166666666667,INCONCLUSIVE_UNCONFIRMED,False,False
U0000719,0,2026-05-27 22:32:06+00:00,0,0.0,0.02235165424644947,0.0,0.3425,0.17125,INCONCLUSIVE_UNCONFIRMED,False,False
U0000720,0,2026-06-20 00:50:38+00:00,0,0.0,0.30461105704307556,0.0,0.9283333333333333,0.46416666666666667,INCONCLUSIVE_UNCONFIRMED,False,False
U0000721,0,2026-04-12 16:35:25+00:00,2,0.0,0.042458776384592056,0.0,0.5641666666666667,0.28208333333333335,INCONCLUSIVE_UNCONFIRMED,False,False
U0000722,0,2026-04-19 16:46:54+00:00,2,0.9702258726899385,0.24350237846374512,0.0,0.9066666666666666,0.4533333333333333,INCONCLUSIVE_UNCONFIRMED,False,False
U0000723,0,2026-06-04 17:34:05+00:00,0,0.0,0.053500931710004807,0.0,0.6116666666666667,0.30583333333333335,INCONCLUSIVE_UNCONFIRMED,False,False
U0000724,0,2026-02-24 05:53:58+00:00,0,0.0,0.032549094408750534,0.0,0.4825,0.24125,INCONCLUSIVE_UNCONFIRMED,False,False
U0000725,0,2026-04-09 21:10:23+00:00,4,0.0,0.013291711919009686,0.0,0.17416666666666666,0.08708333333333333,INCONCLUSIVE_UNCONFIRMED,False,False
U0000726,0,2026-06-05 00:23:27+00:00,4,0.0,0.011569655500352383,0.0,0.12875,0.064375,INCONCLUSIVE_UNCONFIRMED,False,False
U0000727,0,2026-03-10 20:55:39+00:00,2,0.0,0.026063982397317886,0.0,0.4075,0.20375,INCONCLUSIVE_UNCONFIRMED,False,False
U0000728,0,2026-05-20 18:28:02+00:00,2,0.0,0.02140342816710472,0.0,0.325,0.1625,INCONCLUSIVE_UNCONFIRMED,False,False
U0000729,0,2026-03-22 16:39:29+00:00,2,0.0,0.027431385591626167,0.0,0.4275,0.21375,INCONCLUSIVE_UNCONFIRMED,False,False
U0000730,0,2026-06-06 12:04:12+00:00,4,0.0,0.0275266133248806,0.0,0.42833333333333334,0.21416666666666667,INCONCLUSIVE_UNCONFIRMED,False,False
U0000731,0,2026-04-01 12:39:47+00:00,4,0.0,0.03468916937708855,0.0,0.5025,0.25125,INCONCLUSIVE_UNCONFIRMED,False,False
U0000732,0,2026-05-25 23:22:04+00:00,0,0.0,0.08887817710638046,0.0,0.7383333333333333,0.36916666666666664,INCONCLUSIVE_UNCONFIRMED,False,False
U0000733,0,2026-06-10 18:55:50+00:00,2,0.0,0.023610465228557587,0.0,0.3675,0.18375,INCONCLUSIVE_UNCONFIRMED,False,False
U0000734,0,2026-03-23 02:41:46+00:00,3,0.0,0.009177020750939846,0.0,0.019583333333333335,0.009791666666666667,INCONCLUSIVE_UNCONFIRMED,False,False
U0000735,0,2026-04-17 02:26:38+00:00,3,0.0,0.29216814041137695,0.0,0.92375,0.461875,INCONCLUSIVE_UNCONFIRMED,False,False
U0000736,0,2026-03-10 09:36:16+00:00,0,0.0,0.009319121018052101,0.0,0.03666666666666667,0.018333333333333333,INCONCLUSIVE_UNCONFIRMED,False,False
U0000737,0,2026-05-21 11:46:14+00:00,0,0.0,0.009633861482143402,0.0,0.04375,0.021875,INCONCLUSIVE_UNCONFIRMED,False,False
U0000738,0,2026-04-02 12:48:57+00:00,1,0.0,0.022736577317118645,0.0,0.3516666666666667,0.17583333333333334,INCONCLUSIVE_UNCONFIRMED,False,False
U0000739,0,2026-04-24 09:39:33+00:00,0,0.9775147928994086,0.6591281294822693,0.0,0.9816666666666667,0.49083333333333334,INCONCLUSIVE_UNCONFIRMED,False,False
U0000740,0,2026-03-19 02:53:04+00:00,0,0.0,0.02816605195403099,0.0,0.435,0.2175,INCONCLUSIVE_UNCONFIRMED,False,False
U0000741,0,2026-03-09 16:41:45+00:00,1,0.0,0.1290167272090912,0.0,0.825,0.4125,INCONCLUSIVE_UNCONFIRMED,False,False
U0000742,0,2026-03-15 19:33:33+00:00,2,0.0,0.02012665756046772,0.0,0.3025,0.15125,INCONCLUSIVE_UNCONFIRMED,False,False
U0000743,0,2026-03-11 09:24:03+00:00,4,0.0,0.014975369907915592,0.0,0.21416666666666667,0.10708333333333334,INCONCLUSIVE_UNCONFIRMED,False,False
U0000744,0,2026-03-07 00:33:01+00:00,4,0.0,0.14900478720664978,0.0,0.8508333333333333,0.42541666666666667,INCONCLUSIVE_UNCONFIRMED,False,False
U0000745,0,2026-03-16 09:16:40+00:00,2,0.0,0.02696969360113144,0.0,0.41833333333333333,0.20916666666666667,INCONCLUSIVE_UNCONFIRMED,False,False
U0000746,0,2026-04-05 22:38:48+00:00,2,0.0,0.011072958819568157,0.0,0.09333333333333334,0.04666666666666667,INCONCLUSIVE_UNCONFIRMED,False,False
U0000747,0,2026-02-22 12:40:43+00:00,3,0.0,0.030870309099555016,0.0,0.4658333333333333,0.23291666666666666,INCONCLUSIVE_UNCONFIRMED,False,False
U0000748,0,2026-04-16 11:07:34+00:00,2,0.0,0.012365100905299187,0.0,0.15958333333333333,0.07979166666666666,INCONCLUSIVE_UNCONFIRMED,False,False
U0000749,0,2026-02-23 01:17:28+00:00,1,0.0,0.08391875773668289,0.0,0.7233333333333334,0.3616666666666667,INCONCLUSIVE_UNCONFIRMED,False,False
U0000750,0,2026-03-17 03:44:30+00:00,4,0.0,0.03762372210621834,0.0,0.5266666666666666,0.2633333333333333,INCONCLUSIVE_UNCONFIRMED,False,False
U0000751,0,2026-03-25 21:40:44+00:00,2,0.0,0.049605563282966614,0.0,0.5933333333333334,0.2966666666666667,INCONCLUSIVE_UNCONFIRMED,False,False
U0000752,0,2026-03-22 10:17:47+00:00,2,0.0,0.012509476393461227,0.0,0.16458333333333333,0.08229166666666667,INCONCLUSIVE_UNCONFIRMED,False,False
U0000753,0,2026-06-14 06:09:49+00:00,2,0.0,0.009695158340036869,0.0,0.0475,0.02375,INCONCLUSIVE_UNCONFIRMED,False,False
U0000754,0,2026-03-08 04:42:01+00:00,3,0.0,0.014349150471389294,0.0,0.20416666666666666,0.10208333333333333,INCONCLUSIVE_UNCONFIRMED,False,False
U0000755,0,2026-04-23 10:17:44+00:00,2,0.0,0.012365100905299187,0.0,0.15958333333333333,0.07979166666666666,INCONCLUSIVE_UNCONFIRMED,False,False
U0000756,0,2026-05-04 19:24:29+00:00,4,0.0,0.022619841620326042,0.0,0.3491666666666667,0.17458333333333334,INCONCLUSIVE_UNCONFIRMED,False,False
U0000757,0,2026-04-25 05:26:57+00:00,3,0.0,0.06702112406492233,0.0,0.675,0.3375,INCONCLUSIVE_UNCONFIRMED,False,False
U0000758,0,2026-06-20 00:52:11+00:00,0,0.0,0.11242417246103287,0.0,0.7958333333333333,0.39791666666666664,INCONCLUSIVE_UNCONFIRMED,False,False
U0000759,0,2026-06-02 03:25:57+00:00,0,0.0,0.1266765147447586,0.0,0.8208333333333333,0.41041666666666665,INCONCLUSIVE_UNCONFIRMED,False,False
U0000760,0,2026-03-17 00:31:25+00:00,1,0.0,0.05107486620545387,0.0,0.6,0.3,INCONCLUSIVE_UNCONFIRMED,False,False
U0000761,0,2026-04-21 08:03:18+00:00,2,0.0,0.009259199723601341,0.0,0.0325,0.01625,INCONCLUSIVE_UNCONFIRMED,False,False
U0000762,0,2026-03-24 01:36:37+00:00,4,0.0,0.024106483906507492,0.0,0.37583333333333335,0.18791666666666668,INCONCLUSIVE_UNCONFIRMED,False,False
U0000763,0,2026-05-27 13:16:31+00:00,0,0.0,0.15340229868888855,0.0,0.8541666666666666,0.4270833333333333,INCONCLUSIVE_UNCONFIRMED,False,False
U0000764,0,2026-05-27 21:03:00+00:00,4,0.0,0.22768567502498627,0.0,0.8991666666666667,0.44958333333333333,INCONCLUSIVE_UNCONFIRMED,False,False
U0000765,0,2026-06-11 19:34:40+00:00,3,0.0,0.04985909163951874,0.0,0.595,0.2975,INCONCLUSIVE_UNCONFIRMED,False,False
U0000766,0,2026-06-21 23:39:03+00:00,4,0.0,0.00925060361623764,0.0,0.030833333333333334,0.015416666666666667,INCONCLUSIVE_UNCONFIRMED,False,False
U0000767,0,2026-04-08 07:33:41+00:00,0,0.0,0.03362831845879555,0.0,0.49333333333333335,0.24666666666666667,INCONCLUSIVE_UNCONFIRMED,False,False
U0000768,0,2026-05-21 11:23:35+00:00,4,0.0,0.011270690709352493,0.0,0.11208333333333333,0.05604166666666666,INCONCLUSIVE_UNCONFIRMED,False,False
U0000769,0,2026-05-22 06:26:18+00:00,4,0.0,0.01862269453704357,0.0,0.28833333333333333,0.14416666666666667,INCONCLUSIVE_UNCONFIRMED,False,False
U0000770,0,2026-06-10 23:00:04+00:00,0,0.0,0.01079565193504095,0.6321205588285577,0.07833333333333334,0.3552269460809455,INCONCLUSIVE_UNCONFIRMED,False,False
U0000771,0,2026-03-29 13:39:34+00:00,4,0.0,0.16746886074543,0.0,0.865,0.4325,INCONCLUSIVE_UNCONFIRMED,False,False
U0000772,0,2026-05-11 02:23:19+00:00,3,0.0,0.05411292240023613,0.0,0.6158333333333333,0.30791666666666667,INCONCLUSIVE_UNCONFIRMED,False,False
U0000773,0,2026-03-02 18:58:19+00:00,3,0.0,0.17605987191200256,0.0,0.8725,0.43625,INCONCLUSIVE_UNCONFIRMED,False,False
U0000774,0,2026-03-01 04:51:07+00:00,3,0.0,0.01548241637647152,0.0,0.225,0.1125,INCONCLUSIVE_UNCONFIRMED,False,False
U0000775,0,2026-03-03 02:57:29+00:00,3,0.0,0.05217970535159111,0.0,0.605,0.3025,INCONCLUSIVE_UNCONFIRMED,False,False
U0000776,0,2026-02-28 08:39:00+00:00,2,0.0,0.09305933117866516,0.0,0.75,0.375,INCONCLUSIVE_UNCONFIRMED,False,False
U0000777,0,2026-03-16 19:10:30+00:00,2,0.0,0.060214873403310776,0.0,0.6483333333333333,0.32416666666666666,INCONCLUSIVE_UNCONFIRMED,False,False
U0000778,0,2026-05-03 23:51:32+00:00,2,0.0,0.024255719035863876,0.0,0.37916666666666665,0.18958333333333333,INCONCLUSIVE_UNCONFIRMED,False,False
U0000779,0,2026-04-25 14:43:48+00:00,0,0.0,0.023305242881178856,0.0,0.3616666666666667,0.18083333333333335,INCONCLUSIVE_UNCONFIRMED,False,False
U0000780,0,2026-04-12 16:04:29+00:00,2,0.0,0.02403782494366169,0.0,0.37416666666666665,0.18708333333333332,INCONCLUSIVE_UNCONFIRMED,False,False
U0000781,0,2026-04-16 18:21:42+00:00,4,0.0,0.028564171865582466,0.0,0.44083333333333335,0.22041666666666668,INCONCLUSIVE_UNCONFIRMED,False,False
U0000782,0,2026-05-26 11:46:01+00:00,2,0.9702258726899385,0.6036714911460876,0.0,0.9733333333333334,0.4866666666666667,INCONCLUSIVE_UNCONFIRMED,False,False
U0000783,0,2026-04-14 04:10:00+00:00,3,0.0,0.010658467188477516,0.0,0.06916666666666667,0.034583333333333334,INCONCLUSIVE_UNCONFIRMED,False,False
U0000784,0,2026-03-13 09:20:39+00:00,2,0.0,0.0572226382791996,0.0,0.635,0.3175,INCONCLUSIVE_UNCONFIRMED,False,False
U0000785,0,2026-04-20 19:28:21+00:00,0,0.0,0.009763653390109539,0.0,0.050833333333333335,0.025416666666666667,INCONCLUSIVE_UNCONFIRMED,False,False
U0000786,0,2026-04-16 16:16:59+00:00,4,0.9623217922606926,0.5900341272354126,0.0,0.9725,0.48625,INCONCLUSIVE_UNCONFIRMED,False,False
U0000787,0,2026-02-28 15:54:52+00:00,3,0.0,0.009005305357277393,0.0,0.010833333333333334,0.005416666666666667,INCONCLUSIVE_UNCONFIRMED,False,False
U0000788,0,2026-05-25 21:27:51+00:00,1,0.0,0.14018309116363525,0.0,0.8433333333333334,0.4216666666666667,INCONCLUSIVE_UNCONFIRMED,False,False
U0000789,1,2026-05-22 14:12:16+00:00,1,0.9702258726899385,0.5272287130355835,0.0,0.9658333333333333,0.48291666666666666,CONFIRMED_SYNTHETIC_FRAUD,False,False
U0000790,0,2026-05-05 21:44:27+00:00,2,0.0,0.012295763939619064,0.0,0.15666666666666668,0.07833333333333334,INCONCLUSIVE_UNCONFIRMED,False,False
U0000791,0,2026-03-12 14:44:12+00:00,3,0.0,0.017416484653949738,0.0,0.26916666666666667,0.13458333333333333,INCONCLUSIVE_UNCONFIRMED,False,False
U0000792,0,2026-03-21 16:17:04+00:00,2,0.0,0.04477444663643837,0.0,0.5791666666666667,0.28958333333333336,INCONCLUSIVE_UNCONFIRMED,False,False
U0000793,0,2026-03-18 09:30:57+00:00,4,0.0,0.10031571239233017,0.0,0.77,0.385,INCONCLUSIVE_UNCONFIRMED,False,False
U0000794,0,2026-03-22 20:41:42+00:00,4,0.0,0.07081491500139236,0.0,0.6875,0.34375,INCONCLUSIVE_UNCONFIRMED,False,False
U0000795,0,2026-03-02 02:45:18+00:00,2,0.0,0.011880009435117245,0.0,0.14125,0.070625,INCONCLUSIVE_UNCONFIRMED,False,False
U0000796,0,2026-04-23 10:44:03+00:00,0,0.0,0.04630361869931221,0.0,0.5841666666666666,0.2920833333333333,INCONCLUSIVE_UNCONFIRMED,False,False
U0000797,0,2026-06-18 21:20:49+00:00,0,0.0,0.031977906823158264,0.0,0.47833333333333333,0.23916666666666667,INCONCLUSIVE_UNCONFIRMED,False,False
U0000798,0,2026-04-22 09:38:01+00:00,1,0.0,0.024145573377609253,0.0,0.3775,0.18875,INCONCLUSIVE_UNCONFIRMED,False,False
U0000799,0,2026-05-23 11:39:22+00:00,1,0.0,0.015260770916938782,0.0,0.22083333333333333,0.11041666666666666,INCONCLUSIVE_UNCONFIRMED,False,False
U0000800,0,2026-05-27 19:54:55+00:00,1,0.0,0.07028954476118088,0.0,0.685,0.3425,INCONCLUSIVE_UNCONFIRMED,False,False
U0000801,0,2026-05-26 02:30:06+00:00,3,0.0,0.009087282232940197,0.0,0.015416666666666667,0.0077083333333333335,INCONCLUSIVE_UNCONFIRMED,False,False
U0000802,0,2026-02-25 11:11:46+00:00,4,0.0,0.009763690643012524,0.0,0.05458333333333333,0.027291666666666665,INCONCLUSIVE_UNCONFIRMED,False,False
U0000803,1,2026-03-03 21:45:02+00:00,2,0.9702258726899385,0.7830968499183655,0.0,0.9875,0.49375,CONFIRMED_SYNTHETIC_FRAUD,False,False
U0000804,0,2026-04-11 23:08:08+00:00,4,0.0,0.10611327737569809,0.0,0.78,0.39,INCONCLUSIVE_UNCONFIRMED,False,False
U0000805,0,2026-04-11 09:19:59+00:00,3,0.0,0.02368086390197277,0.0,0.36833333333333335,0.18416666666666667,INCONCLUSIVE_UNCONFIRMED,False,False
U0000806,0,2026-03-08 12:56:43+00:00,1,0.9702258726899385,0.14949198067188263,0.0,0.8516666666666667,0.42583333333333334,INCONCLUSIVE_UNCONFIRMED,False,False
U0000807,0,2026-03-10 16:44:32+00:00,4,0.0,0.03760239854454994,0.0,0.5258333333333334,0.2629166666666667,INCONCLUSIVE_UNCONFIRMED,False,False
U0000808,0,2026-06-15 05:42:26+00:00,0,0.0,0.2172568291425705,0.0,0.8933333333333333,0.44666666666666666,INCONCLUSIVE_UNCONFIRMED,False,False
U0000809,0,2026-03-29 09:16:36+00:00,2,0.0,0.06360356509685516,0.0,0.66,0.33,INCONCLUSIVE_UNCONFIRMED,False,False
U0000810,0,2026-05-29 11:32:09+00:00,3,0.0,0.016299938783049583,0.0,0.2425,0.12125,INCONCLUSIVE_UNCONFIRMED,False,False
U0000811,0,2026-04-08 01:11:03+00:00,2,0.0,0.018313560634851456,0.0,0.2841666666666667,0.14208333333333334,INCONCLUSIVE_UNCONFIRMED,False,False
U0000812,0,2026-05-26 21:15:38+00:00,2,0.0,0.020087724551558495,0.0,0.3016666666666667,0.15083333333333335,INCONCLUSIVE_UNCONFIRMED,False,False
U0000813,0,2026-06-11 18:04:00+00:00,4,0.0,0.15014782547950745,0.0,0.8525,0.42625,INCONCLUSIVE_UNCONFIRMED,False,False
U0000814,0,2026-05-10 23:46:36+00:00,4,0.0,0.07074706256389618,0.0,0.6866666666666666,0.3433333333333333,INCONCLUSIVE_UNCONFIRMED,False,False
U0000815,0,2026-02-27 22:43:22+00:00,0,0.0,0.010519671253859997,0.0,0.06666666666666667,0.03333333333333333,INCONCLUSIVE_UNCONFIRMED,False,False
U0000816,0,2026-05-30 04:03:21+00:00,2,0.0,0.011205011047422886,0.0,0.10666666666666667,0.05333333333333334,INCONCLUSIVE_UNCONFIRMED,False,False
U0000817,0,2026-02-27 05:33:11+00:00,1,0.0,0.05856414884328842,0.0,0.6433333333333333,0.32166666666666666,INCONCLUSIVE_UNCONFIRMED,False,False
U0000818,1,2026-05-26 13:22:58+00:00,0,0.9147286821705429,0.8440791368484497,0.0,0.9908333333333333,0.49541666666666667,CONFIRMED_SYNTHETIC_FRAUD,False,False
U0000819,0,2026-03-03 14:13:11+00:00,4,0.0,0.02168675884604454,0.0,0.33,0.165,INCONCLUSIVE_UNCONFIRMED,False,False
U0000820,0,2026-06-14 18:14:26+00:00,1,0.0,0.021080009639263153,0.0,0.32,0.16,INCONCLUSIVE_UNCONFIRMED,False,False
U0000821,0,2026-02-28 02:26:32+00:00,3,0.0,0.07777749001979828,0.0,0.7066666666666667,0.35333333333333333,INCONCLUSIVE_UNCONFIRMED,False,False
U0000822,0,2026-04-03 09:31:13+00:00,4,0.0,0.16766028106212616,0.0,0.8666666666666667,0.43333333333333335,INCONCLUSIVE_UNCONFIRMED,False,False
U0000823,0,2026-05-15 18:17:21+00:00,3,0.0,0.04282205551862717,0.0,0.5675,0.28375,INCONCLUSIVE_UNCONFIRMED,False,False
U0000824,0,2026-04-11 11:34:20+00:00,0,0.0,0.06010739877820015,0.0,0.6475,0.32375,INCONCLUSIVE_UNCONFIRMED,False,False
U0000825,0,2026-03-31 02:20:47+00:00,1,0.0,0.5083604454994202,0.0,0.9633333333333334,0.4816666666666667,INCONCLUSIVE_UNCONFIRMED,False,False
U0000826,0,2026-03-16 12:44:07+00:00,2,0.0,0.028537482023239136,0.0,0.44,0.22,INCONCLUSIVE_UNCONFIRMED,False,False
U0000827,0,2026-03-18 09:02:16+00:00,0,0.0,0.02315118908882141,0.0,0.3575,0.17875,INCONCLUSIVE_UNCONFIRMED,False,False
U0000828,0,2026-05-24 04:11:38+00:00,2,0.0,0.04212433472275734,0.0,0.5625,0.28125,INCONCLUSIVE_UNCONFIRMED,False,False
U0000829,0,2026-03-03 10:51:52+00:00,1,0.0,0.015297545120120049,0.0,0.22166666666666668,0.11083333333333334,INCONCLUSIVE_UNCONFIRMED,False,False
U0000830,0,2026-06-18 18:08:40+00:00,1,0.0,0.01081266812980175,0.0,0.08625,0.043125,INCONCLUSIVE_UNCONFIRMED,False,False
U0000831,0,2026-06-12 04:08:09+00:00,3,0.0,0.06702112406492233,0.0,0.675,0.3375,INCONCLUSIVE_UNCONFIRMED,False,False
U0000832,0,2026-05-05 15:41:47+00:00,3,0.0,0.03918558359146118,0.0,0.5433333333333333,0.27166666666666667,INCONCLUSIVE_UNCONFIRMED,False,False
U0000833,0,2026-03-21 06:22:01+00:00,1,0.0,0.4436379373073578,0.0,0.9566666666666667,0.47833333333333333,INCONCLUSIVE_UNCONFIRMED,False,False
U0000834,0,2026-03-31 03:18:06+00:00,1,0.0,0.024989118799567223,0.0,0.39916666666666667,0.19958333333333333,INCONCLUSIVE_UNCONFIRMED,False,False
U0000835,0,2026-03-19 22:32:18+00:00,2,0.0,0.03497719392180443,0.0,0.5108333333333334,0.2554166666666667,INCONCLUSIVE_UNCONFIRMED,False,False
U0000836,0,2026-03-20 12:27:54+00:00,2,0.0,0.029417676851153374,0.0,0.45,0.225,INCONCLUSIVE_UNCONFIRMED,False,False
U0000837,0,2026-03-03 23:24:19+00:00,1,0.0,0.011622011661529541,0.0,0.13083333333333333,0.06541666666666666,INCONCLUSIVE_UNCONFIRMED,False,False
U0000838,0,2026-02-26 02:16:48+00:00,2,0.0,0.14744438230991364,0.0,0.85,0.425,INCONCLUSIVE_UNCONFIRMED,False,False
U0000839,0,2026-03-27 07:51:37+00:00,4,0.0,0.009136241860687733,0.0,0.017916666666666668,0.008958333333333334,INCONCLUSIVE_UNCONFIRMED,False,False
U0000840,0,2026-04-02 13:22:25+00:00,3,0.9672466734902765,0.34574297070503235,0.0,0.9391666666666667,0.46958333333333335,INCONCLUSIVE_UNCONFIRMED,False,False
U0000841,0,2026-03-09 11:43:19+00:00,0,0.0,0.02730274759232998,0.0,0.42541666666666667,0.21270833333333333,INCONCLUSIVE_UNCONFIRMED,False,False
U0000842,0,2026-03-08 04:51:40+00:00,3,0.0,0.022795608267188072,0.0,0.3525,0.17625,INCONCLUSIVE_UNCONFIRMED,False,False
U0000843,0,2026-05-10 09:34:00+00:00,2,0.0,0.01678427867591381,0.0,0.25166666666666665,0.12583333333333332,INCONCLUSIVE_UNCONFIRMED,False,False
U0000844,0,2026-02-26 04:35:26+00:00,1,0.0,0.08615344762802124,0.0,0.72875,0.364375,INCONCLUSIVE_UNCONFIRMED,False,False
U0000845,0,2026-04-15 13:24:00+00:00,2,0.0,0.010202531702816486,0.0,0.06291666666666666,0.03145833333333333,INCONCLUSIVE_UNCONFIRMED,False,False
U0000846,0,2026-05-25 20:29:45+00:00,1,0.0,0.026709457859396935,0.0,0.41333333333333333,0.20666666666666667,INCONCLUSIVE_UNCONFIRMED,False,False
U0000847,0,2026-04-15 15:51:51+00:00,0,0.0,0.030466847121715546,0.0,0.4608333333333333,0.23041666666666666,INCONCLUSIVE_UNCONFIRMED,False,False
U0000848,0,2026-04-30 09:31:22+00:00,4,0.0,0.0091828852891922,0.0,0.0225,0.01125,INCONCLUSIVE_UNCONFIRMED,False,False
U0000849,0,2026-05-29 14:06:21+00:00,4,0.0,0.021014580503106117,0.0,0.3175,0.15875,INCONCLUSIVE_UNCONFIRMED,False,False
U0000850,0,2026-03-23 13:32:44+00:00,1,0.0,0.0924532562494278,0.0,0.7458333333333333,0.3729166666666667,INCONCLUSIVE_UNCONFIRMED,False,False
U0000851,0,2026-05-04 03:46:14+00:00,2,0.0,0.07969656586647034,0.0,0.7141666666666666,0.3570833333333333,INCONCLUSIVE_UNCONFIRMED,False,False
U0000852,0,2026-06-12 20:13:34+00:00,3,0.0,0.01358872465789318,0.0,0.18666666666666668,0.09333333333333334,INCONCLUSIVE_UNCONFIRMED,False,False
U0000853,0,2026-03-26 12:26:06+00:00,3,0.0,0.011243659071624279,0.0,0.10833333333333334,0.05416666666666667,INCONCLUSIVE_UNCONFIRMED,False,False
U0000854,0,2026-06-18 04:24:32+00:00,0,0.0,0.017383074387907982,0.0,0.2675,0.13375,INCONCLUSIVE_UNCONFIRMED,False,False
U0000855,0,2026-05-16 09:43:31+00:00,1,0.0,0.10777265578508377,0.0,0.7866666666666666,0.3933333333333333,INCONCLUSIVE_UNCONFIRMED,False,False
U0000856,0,2026-06-02 11:22:07+00:00,1,0.0,0.06054241582751274,0.6321205588285577,0.6491666666666667,0.6406436127476122,INCONCLUSIVE_UNCONFIRMED,False,False
U0000857,0,2026-04-17 10:18:28+00:00,1,0.0,0.01334990281611681,0.0,0.1775,0.08875,INCONCLUSIVE_UNCONFIRMED,False,False
U0000858,0,2026-03-11 12:10:59+00:00,0,0.0,0.009763653390109539,0.0,0.050833333333333335,0.025416666666666667,INCONCLUSIVE_UNCONFIRMED,False,False
U0000859,0,2026-05-10 18:33:10+00:00,3,0.0,0.01358872465789318,0.0,0.18666666666666668,0.09333333333333334,INCONCLUSIVE_UNCONFIRMED,False,False
U0000860,0,2026-05-19 16:39:26+00:00,4,0.0,0.18950457870960236,0.0,0.8775,0.43875,INCONCLUSIVE_UNCONFIRMED,False,False
U0000861,0,2026-03-16 04:59:43+00:00,0,0.0,0.041533634066581726,0.0,0.5566666666666666,0.2783333333333333,INCONCLUSIVE_UNCONFIRMED,False,False
U0000862,0,2026-03-16 08:30:45+00:00,2,0.0,0.02467038482427597,0.0,0.39208333333333334,0.19604166666666667,INCONCLUSIVE_UNCONFIRMED,False,False
U0000863,0,2026-06-16 19:52:03+00:00,2,0.0,0.018103428184986115,0.0,0.28,0.14,INCONCLUSIVE_UNCONFIRMED,False,False
U0000864,0,2026-02-22 06:22:14+00:00,4,0.0,0.03867753967642784,0.0,0.5375,0.26875,INCONCLUSIVE_UNCONFIRMED,False,False
U0000865,0,2026-03-30 11:43:34+00:00,4,0.0,0.01449135784059763,0.0,0.205,0.1025,INCONCLUSIVE_UNCONFIRMED,False,False
U0000866,0,2026-04-19 20:29:04+00:00,1,0.0,0.01081266812980175,0.0,0.08625,0.043125,INCONCLUSIVE_UNCONFIRMED,False,False
U0000867,0,2026-06-21 00:11:45+00:00,3,0.0,0.030603112652897835,0.0,0.4625,0.23125,INCONCLUSIVE_UNCONFIRMED,False,False
U0000868,0,2026-04-17 22:27:29+00:00,1,0.0,0.011191114783287048,0.0,0.105,0.0525,INCONCLUSIVE_UNCONFIRMED,False,False
U0000869,0,2026-05-10 12:17:14+00:00,2,0.0,0.024526549503207207,0.0,0.38333333333333336,0.19166666666666668,INCONCLUSIVE_UNCONFIRMED,False,False
U0000870,0,2026-06-02 23:59:18+00:00,1,0.0,0.027930743992328644,0.0,0.4325,0.21625,INCONCLUSIVE_UNCONFIRMED,False,False
U0000871,0,2026-05-19 18:03:16+00:00,2,0.0,0.009688015095889568,0.0,0.04625,0.023125,INCONCLUSIVE_UNCONFIRMED,False,False
U0000872,0,2026-06-06 06:16:13+00:00,3,0.0,0.012360310181975365,0.0,0.15833333333333333,0.07916666666666666,INCONCLUSIVE_UNCONFIRMED,False,False
U0000873,0,2026-04-17 19:56:15+00:00,4,0.0,0.020362598821520805,0.0,0.30666666666666664,0.15333333333333332,INCONCLUSIVE_UNCONFIRMED,False,False
U0000874,0,2026-04-05 08:57:53+00:00,4,0.0,0.03159009665250778,0.0,0.4725,0.23625,INCONCLUSIVE_UNCONFIRMED,False,False
U0000875,0,2026-03-22 12:57:35+00:00,3,0.9672466734902765,0.8492251038551331,0.0,0.9916666666666667,0.49583333333333335,INCONCLUSIVE_UNCONFIRMED,False,False
U0000876,0,2026-03-31 20:59:08+00:00,1,0.0,0.06288779526948929,0.0,0.6583333333333333,0.32916666666666666,INCONCLUSIVE_UNCONFIRMED,False,False
U0000877,0,2026-06-12 11:08:03+00:00,1,0.9702258726899385,0.4580211639404297,0.0,0.9583333333333334,0.4791666666666667,INCONCLUSIVE_UNCONFIRMED,False,False
U0000878,0,2026-04-23 15:13:10+00:00,2,0.0,0.011197490617632866,0.0,0.10583333333333333,0.05291666666666667,INCONCLUSIVE_UNCONFIRMED,False,False
U0000879,0,2026-03-25 17:05:16+00:00,2,0.0,0.05234377831220627,0.0,0.6058333333333333,0.30291666666666667,INCONCLUSIVE_UNCONFIRMED,False,False
U0000880,0,2026-06-15 06:46:16+00:00,2,0.0,0.012381353415548801,0.0,0.16083333333333333,0.08041666666666666,INCONCLUSIVE_UNCONFIRMED,False,False
U0000881,0,2026-04-30 14:32:41+00:00,3,0.0,0.013473384082317352,0.0,0.17833333333333334,0.08916666666666667,INCONCLUSIVE_UNCONFIRMED,False,False
U0000882,0,2026-04-02 11:42:20+00:00,0,0.0,0.0196100864559412,0.0,0.29583333333333334,0.14791666666666667,INCONCLUSIVE_UNCONFIRMED,False,False
U0000883,0,2026-04-05 07:22:33+00:00,0,0.0,0.02670762874186039,0.0,0.4125,0.20625,INCONCLUSIVE_UNCONFIRMED,False,False
U0000884,0,2026-03-20 11:20:58+00:00,1,0.0,0.017936719581484795,0.0,0.2783333333333333,0.13916666666666666,INCONCLUSIVE_UNCONFIRMED,False,False
U0000885,0,2026-05-05 03:25:55+00:00,0,0.0,0.06477183103561401,0.0,0.6645833333333333,0.33229166666666665,INCONCLUSIVE_UNCONFIRMED,False,False
U0000886,0,2026-04-29 20:08:44+00:00,0,0.0,0.05332524701952934,0.0,0.6108333333333333,0.30541666666666667,INCONCLUSIVE_UNCONFIRMED,False,False
U0000887,0,2026-04-22 06:04:20+00:00,3,0.0,0.034619979560375214,0.0,0.5008333333333334,0.2504166666666667,INCONCLUSIVE_UNCONFIRMED,False,False
U0000888,0,2026-05-28 09:17:36+00:00,2,0.0,0.028053419664502144,0.0,0.43333333333333335,0.21666666666666667,INCONCLUSIVE_UNCONFIRMED,False,False
U0000889,0,2026-03-15 23:57:40+00:00,3,0.0,0.03553357720375061,0.0,0.5133333333333333,0.25666666666666665,INCONCLUSIVE_UNCONFIRMED,False,False
U0000890,0,2026-03-16 08:43:13+00:00,4,0.0,0.02192568965256214,0.0,0.3358333333333333,0.16791666666666666,INCONCLUSIVE_UNCONFIRMED,False,False
U0000891,0,2026-03-14 03:42:59+00:00,4,0.0,0.2530469298362732,0.0,0.91,0.455,INCONCLUSIVE_UNCONFIRMED,False,False
U0000892,0,2026-06-03 12:11:15+00:00,0,0.0,0.017746420577168465,0.0,0.27416666666666667,0.13708333333333333,INCONCLUSIVE_UNCONFIRMED,False,False
U0000893,0,2026-03-06 18:59:29+00:00,0,0.0,0.012974630109965801,0.0,0.17,0.085,INCONCLUSIVE_UNCONFIRMED,False,False
U0000894,0,2026-03-13 12:28:00+00:00,0,0.0,0.01691078208386898,0.0,0.25416666666666665,0.12708333333333333,INCONCLUSIVE_UNCONFIRMED,False,False
U0000895,0,2026-05-12 16:34:21+00:00,0,0.0,0.046140141785144806,0.0,0.5833333333333334,0.2916666666666667,INCONCLUSIVE_UNCONFIRMED,False,False
U0000896,0,2026-06-05 19:34:05+00:00,3,0.0,0.01360535342246294,0.0,0.19166666666666668,0.09583333333333334,INCONCLUSIVE_UNCONFIRMED,False,False
U0000897,0,2026-05-05 21:10:45+00:00,2,0.0,0.02467038482427597,0.0,0.39208333333333334,0.19604166666666667,INCONCLUSIVE_UNCONFIRMED,False,False
U0000898,0,2026-04-21 23:01:35+00:00,2,0.0,0.011051534675061703,0.0,0.0925,0.04625,INCONCLUSIVE_UNCONFIRMED,False,False
U0000899,0,2026-06-15 11:17:32+00:00,4,0.0,0.1100749671459198,0.0,0.7916666666666666,0.3958333333333333,INCONCLUSIVE_UNCONFIRMED,False,False
U0000900,0,2026-06-05 08:18:11+00:00,3,0.0,0.027387771755456924,0.0,0.4266666666666667,0.21333333333333335,INCONCLUSIVE_UNCONFIRMED,False,False
U0000901,0,2026-04-11 02:30:45+00:00,1,0.0,0.0720183327794075,0.0,0.6891666666666667,0.34458333333333335,INCONCLUSIVE_UNCONFIRMED,False,False
U0000902,0,2026-03-15 22:39:14+00:00,3,0.0,0.07554320245981216,0.0,0.7025,0.35125,INCONCLUSIVE_UNCONFIRMED,False,False
U0000903,0,2026-06-01 04:27:00+00:00,1,0.0,0.05421651527285576,0.0,0.6166666666666667,0.30833333333333335,INCONCLUSIVE_UNCONFIRMED,False,False
U0000904,1,2026-03-02 06:44:24+00:00,4,0.9623217922606926,0.760944664478302,0.0,0.9858333333333333,0.49291666666666667,CONFIRMED_SYNTHETIC_FRAUD,False,False
U0000905,0,2026-03-10 05:59:27+00:00,3,0.0,0.11784737557172775,0.0,0.81,0.405,INCONCLUSIVE_UNCONFIRMED,False,False
U0000906,0,2026-03-04 04:04:55+00:00,1,0.0,0.053660303354263306,0.0,0.6141666666666666,0.3070833333333333,INCONCLUSIVE_UNCONFIRMED,False,False
U0000907,0,2026-03-29 20:22:34+00:00,4,0.0,0.009136241860687733,0.0,0.017916666666666668,0.008958333333333334,INCONCLUSIVE_UNCONFIRMED,False,False
U0000908,0,2026-04-20 01:49:56+00:00,1,0.0,0.015697091817855835,0.0,0.22916666666666666,0.11458333333333333,INCONCLUSIVE_UNCONFIRMED,False,False
U0000909,0,2026-05-30 00:30:39+00:00,2,0.0,0.10430844873189926,0.0,0.7766666666666666,0.3883333333333333,INCONCLUSIVE_UNCONFIRMED,False,False
U0000910,0,2026-05-10 09:00:43+00:00,2,0.0,0.06971768289804459,0.0,0.6825,0.34125,INCONCLUSIVE_UNCONFIRMED,False,False
U0000911,0,2026-06-02 13:46:38+00:00,0,0.0,0.026201749220490456,0.0,0.4083333333333333,0.20416666666666666,INCONCLUSIVE_UNCONFIRMED,False,False
U0000912,0,2026-04-07 12:14:34+00:00,0,0.0,0.02730274759232998,0.0,0.42541666666666667,0.21270833333333333,INCONCLUSIVE_UNCONFIRMED,False,False
U0000913,0,2026-04-12 04:34:11+00:00,2,0.9702258726899385,0.4172312617301941,0.0,0.9508333333333333,0.47541666666666665,INCONCLUSIVE_UNCONFIRMED,False,False
U0000914,0,2026-04-10 02:24:01+00:00,1,0.0,0.09323844313621521,0.0,0.7508333333333334,0.3754166666666667,INCONCLUSIVE_UNCONFIRMED,False,False
U0000915,0,2026-03-02 00:44:11+00:00,2,0.0,0.20291951298713684,0.0,0.8858333333333334,0.4429166666666667,INCONCLUSIVE_UNCONFIRMED,False,False
U0000916,0,2026-05-16 15:47:43+00:00,4,0.0,0.00925060361623764,0.0,0.030833333333333334,0.015416666666666667,INCONCLUSIVE_UNCONFIRMED,False,False
U0000917,0,2026-05-19 00:08:35+00:00,2,0.0,0.010604044422507286,0.0,0.06833333333333333,0.034166666666666665,INCONCLUSIVE_UNCONFIRMED,False,False
U0000918,1,2026-02-28 15:42:42+00:00,3,0.9672466734902765,0.8925491571426392,0.0,0.9966666666666667,0.49833333333333335,CONFIRMED_SYNTHETIC_FRAUD,False,False
U0000919,0,2026-05-05 16:21:04+00:00,0,0.0,0.031348999589681625,0.0,0.4708333333333333,0.23541666666666666,INCONCLUSIVE_UNCONFIRMED,False,False
U0000920,0,2026-03-20 07:18:01+00:00,0,0.0,0.011309802532196045,0.0,0.11583333333333333,0.057916666666666665,INCONCLUSIVE_UNCONFIRMED,False,False
U0000921,0,2026-03-17 08:36:46+00:00,1,0.0,0.07358471304178238,0.0,0.6933333333333334,0.3466666666666667,INCONCLUSIVE_UNCONFIRMED,False,False
U0000922,0,2026-05-10 17:11:16+00:00,0,0.0,0.009195183403789997,0.0,0.027083333333333334,0.013541666666666667,INCONCLUSIVE_UNCONFIRMED,False,False
U0000923,0,2026-03-04 15:35:51+00:00,0,0.0,0.013653643429279327,0.0,0.1925,0.09625,INCONCLUSIVE_UNCONFIRMED,False,False
U0000924,0,2026-03-11 14:49:59+00:00,3,0.0,0.02910783141851425,0.0,0.44583333333333336,0.22291666666666668,INCONCLUSIVE_UNCONFIRMED,False,False
U0000925,0,2026-03-08 06:29:24+00:00,3,0.0,0.08869454264640808,0.0,0.7358333333333333,0.36791666666666667,INCONCLUSIVE_UNCONFIRMED,False,False
U0000926,0,2026-03-17 18:38:31+00:00,0,0.0,0.009319121018052101,0.0,0.03666666666666667,0.018333333333333333,INCONCLUSIVE_UNCONFIRMED,False,False
U0000927,0,2026-06-01 04:08:00+00:00,4,0.0,0.09940838068723679,0.0,0.7666666666666667,0.38333333333333336,INCONCLUSIVE_UNCONFIRMED,False,False
U0000928,0,2026-03-12 17:34:32+00:00,0,0.0,0.07818412035703659,0.0,0.7091666666666666,0.3545833333333333,INCONCLUSIVE_UNCONFIRMED,False,False
U0000929,0,2026-02-26 13:55:45+00:00,3,0.0,0.026878351345658302,0.0,0.415,0.2075,INCONCLUSIVE_UNCONFIRMED,False,False
U0000930,0,2026-05-10 05:34:47+00:00,0,0.0,0.07891619950532913,0.0,0.7116666666666667,0.35583333333333333,INCONCLUSIVE_UNCONFIRMED,False,False
U0000931,0,2026-04-23 00:28:59+00:00,0,0.0,0.2348518669605255,0.0,0.9025,0.45125,INCONCLUSIVE_UNCONFIRMED,False,False
U0000932,0,2026-05-16 04:56:27+00:00,1,0.0,0.01197240874171257,0.0,0.145,0.0725,INCONCLUSIVE_UNCONFIRMED,False,False
U0000933,0,2026-04-17 01:50:46+00:00,0,0.0,0.05475394427776337,0.0,0.6191666666666666,0.3095833333333333,INCONCLUSIVE_UNCONFIRMED,False,False
U0000934,0,2026-03-20 20:01:22+00:00,4,0.0,0.028594855219125748,0.0,0.44166666666666665,0.22083333333333333,INCONCLUSIVE_UNCONFIRMED,False,False
U0000935,0,2026-06-12 21:48:31+00:00,1,0.0,0.12701134383678436,0.0,0.8225,0.41125,INCONCLUSIVE_UNCONFIRMED,False,False
U0000936,0,2026-06-09 23:27:44+00:00,4,0.0,0.03177820146083832,0.0,0.4741666666666667,0.23708333333333334,INCONCLUSIVE_UNCONFIRMED,False,False
U0000937,0,2026-06-09 23:03:09+00:00,3,0.0,0.044649913907051086,0.0,0.5766666666666667,0.28833333333333333,INCONCLUSIVE_UNCONFIRMED,False,False
U0000938,0,2026-03-16 17:00:26+00:00,1,0.9702258726899385,0.5854907631874084,0.0,0.9691666666666666,0.4845833333333333,INCONCLUSIVE_UNCONFIRMED,False,False
U0000939,0,2026-03-06 17:41:58+00:00,0,0.0,0.02157457359135151,0.0,0.32666666666666666,0.16333333333333333,INCONCLUSIVE_UNCONFIRMED,False,False
U0000940,0,2026-05-22 21:59:57+00:00,3,0.0,0.013538993895053864,0.0,0.18125,0.090625,INCONCLUSIVE_UNCONFIRMED,False,False
U0000941,0,2026-03-12 11:22:28+00:00,2,0.0,0.011880009435117245,0.0,0.14125,0.070625,INCONCLUSIVE_UNCONFIRMED,False,False
U0000942,0,2026-05-16 03:33:33+00:00,4,0.0,0.0929141566157341,0.5725850680512733,0.7483333333333333,0.6604592006923033,INCONCLUSIVE_UNCONFIRMED,False,False
U0000943,0,2026-03-28 04:02:00+00:00,3,0.0,0.1347792148590088,0.0,0.83625,0.418125,INCONCLUSIVE_UNCONFIRMED,False,False
U0000944,0,2026-04-16 05:04:44+00:00,0,0.0,0.009763653390109539,0.0,0.050833333333333335,0.025416666666666667,INCONCLUSIVE_UNCONFIRMED,False,False
U0000945,0,2026-04-24 04:26:27+00:00,2,0.0,0.0767393708229065,0.0,0.705,0.3525,INCONCLUSIVE_UNCONFIRMED,False,False
U0000946,0,2026-04-23 08:24:54+00:00,2,0.0,0.08875744789838791,0.0,0.7375,0.36875,INCONCLUSIVE_UNCONFIRMED,False,False
U0000947,0,2026-05-04 14:40:26+00:00,2,0.0,0.0610615536570549,0.0,0.65,0.325,INCONCLUSIVE_UNCONFIRMED,False,False
U0000948,0,2026-04-14 14:00:42+00:00,1,0.0,0.4213576018810272,0.0,0.9533333333333334,0.4766666666666667,INCONCLUSIVE_UNCONFIRMED,False,False
U0000949,0,2026-06-05 09:10:13+00:00,3,0.0,0.042296402156353,0.0,0.5633333333333334,0.2816666666666667,INCONCLUSIVE_UNCONFIRMED,False,False
U0000950,0,2026-03-20 22:04:13+00:00,3,0.0,0.03450862690806389,0.0,0.5,0.25,INCONCLUSIVE_UNCONFIRMED,False,False
U0000951,0,2026-03-31 03:21:19+00:00,4,0.0,0.07808010280132294,0.0,0.7083333333333334,0.3541666666666667,INCONCLUSIVE_UNCONFIRMED,False,False
U0000952,0,2026-06-20 12:44:06+00:00,3,0.0,0.10808451473712921,0.0,0.7875,0.39375,INCONCLUSIVE_UNCONFIRMED,False,False
U0000953,0,2026-03-14 07:01:52+00:00,4,0.0,0.09291542321443558,0.0,0.7491666666666666,0.3745833333333333,INCONCLUSIVE_UNCONFIRMED,False,False
U0000954,0,2026-04-02 02:42:05+00:00,2,0.0,0.010681995190680027,0.0,0.07208333333333333,0.036041666666666666,INCONCLUSIVE_UNCONFIRMED,False,False
U0000955,0,2026-05-12 14:13:15+00:00,0,0.0,0.17363475263118744,0.0,0.8708333333333333,0.4354166666666667,INCONCLUSIVE_UNCONFIRMED,False,False
U0000956,0,2026-03-31 01:44:14+00:00,1,0.0,0.4788312315940857,0.0,0.9616666666666667,0.48083333333333333,INCONCLUSIVE_UNCONFIRMED,False,False
U0000957,0,2026-05-09 01:33:21+00:00,3,0.0,0.009005305357277393,0.0,0.010833333333333334,0.005416666666666667,INCONCLUSIVE_UNCONFIRMED,False,False
U0000958,0,2026-06-13 10:11:00+00:00,2,0.0,0.18809813261032104,0.0,0.8766666666666667,0.43833333333333335,INCONCLUSIVE_UNCONFIRMED,False,False
U0000959,0,2026-05-29 07:33:33+00:00,0,0.0,0.06477183103561401,0.0,0.6645833333333333,0.33229166666666665,INCONCLUSIVE_UNCONFIRMED,False,False
U0000960,0,2026-04-17 00:58:31+00:00,1,0.0,0.10450194776058197,0.0,0.7783333333333333,0.38916666666666666,INCONCLUSIVE_UNCONFIRMED,False,False
U0000961,0,2026-05-10 19:51:22+00:00,3,0.0,0.009005305357277393,0.0,0.010833333333333334,0.005416666666666667,INCONCLUSIVE_UNCONFIRMED,False,False
U0000962,0,2026-06-14 09:50:08+00:00,2,0.0,0.08543969690799713,0.0,0.7258333333333333,0.36291666666666667,INCONCLUSIVE_UNCONFIRMED,False,False
U0000963,0,2026-06-02 04:32:20+00:00,0,0.0,0.02926693484187126,0.0,0.4475,0.22375,INCONCLUSIVE_UNCONFIRMED,False,False
U0000964,0,2026-05-21 23:52:00+00:00,1,0.0,0.034930355846881866,0.0,0.5066666666666667,0.25333333333333335,INCONCLUSIVE_UNCONFIRMED,False,False
U0000965,0,2026-05-06 02:39:04+00:00,2,0.0,0.26810091733932495,0.0,0.9166666666666666,0.4583333333333333,INCONCLUSIVE_UNCONFIRMED,False,False
U0000966,0,2026-02-24 02:56:29+00:00,1,0.0,0.034930355846881866,0.0,0.5066666666666667,0.25333333333333335,INCONCLUSIVE_UNCONFIRMED,False,False
U0000967,0,2026-04-10 11:17:23+00:00,2,0.0,0.025619739666581154,0.0,0.4058333333333333,0.20291666666666666,INCONCLUSIVE_UNCONFIRMED,False,False
U0000968,0,2026-04-09 10:54:03+00:00,3,0.0,0.02326136827468872,0.0,0.3591666666666667,0.17958333333333334,INCONCLUSIVE_UNCONFIRMED,False,False
U0000969,0,2026-02-28 12:45:57+00:00,3,0.0,0.10453837364912033,0.0,0.7791666666666667,0.38958333333333334,INCONCLUSIVE_UNCONFIRMED,False,False
U0000970,0,2026-03-10 23:56:32+00:00,3,0.0,0.08177874982357025,0.0,0.7183333333333334,0.3591666666666667,INCONCLUSIVE_UNCONFIRMED,False,False
U0000971,0,2026-04-28 02:15:09+00:00,1,0.9702258726899385,0.3575948178768158,0.0,0.9466666666666667,0.47333333333333333,INCONCLUSIVE_UNCONFIRMED,False,False
U0000972,0,2026-03-20 09:05:20+00:00,1,0.0,0.01081266812980175,0.0,0.08625,0.043125,INCONCLUSIVE_UNCONFIRMED,False,False
U0000973,0,2026-05-02 06:54:17+00:00,0,0.0,0.22978194057941437,0.0,0.9008333333333334,0.4504166666666667,INCONCLUSIVE_UNCONFIRMED,False,False
U0000974,0,2026-05-17 12:28:07+00:00,0,0.0,0.027134599164128304,0.0,0.4216666666666667,0.21083333333333334,INCONCLUSIVE_UNCONFIRMED,False,False
U0000975,0,2026-05-19 19:15:25+00:00,0,0.0,0.0318334735929966,0.0,0.47583333333333333,0.23791666666666667,INCONCLUSIVE_UNCONFIRMED,False,False
U0000976,0,2026-05-19 20:20:02+00:00,1,0.0,0.03883642330765724,0.0,0.54,0.27,INCONCLUSIVE_UNCONFIRMED,False,False
U0000977,0,2026-04-16 23:44:11+00:00,4,0.0,0.0954548567533493,0.0,0.7583333333333333,0.37916666666666665,INCONCLUSIVE_UNCONFIRMED,False,False
U0000978,0,2026-05-08 02:38:00+00:00,0,0.0,0.04020022973418236,0.0,0.55,0.275,INCONCLUSIVE_UNCONFIRMED,False,False
U0000979,0,2026-02-25 01:03:08+00:00,2,0.0,0.024533743038773537,0.0,0.38416666666666666,0.19208333333333333,INCONCLUSIVE_UNCONFIRMED,False,False
U0000980,0,2026-05-07 10:39:10+00:00,1,0.0,0.012007944285869598,0.0,0.14833333333333334,0.07416666666666667,INCONCLUSIVE_UNCONFIRMED,False,False
U0000981,0,2026-04-06 00:33:22+00:00,2,0.0,0.03768884763121605,0.0,0.5275,0.26375,INCONCLUSIVE_UNCONFIRMED,False,False
U0000982,0,2026-05-07 15:06:12+00:00,2,0.0,0.020392687991261482,0.0,0.3075,0.15375,INCONCLUSIVE_UNCONFIRMED,False,False
U0000983,0,2026-04-14 01:41:44+00:00,2,0.0,0.1274060606956482,0.0,0.8241666666666667,0.41208333333333336,INCONCLUSIVE_UNCONFIRMED,False,False
U0000984,0,2026-05-04 07:03:21+00:00,1,0.0,0.031115399673581123,0.0,0.4691666666666667,0.23458333333333334,INCONCLUSIVE_UNCONFIRMED,False,False
U0000985,0,2026-05-22 15:02:39+00:00,1,0.0,0.01081266812980175,0.0,0.08625,0.043125,INCONCLUSIVE_UNCONFIRMED,False,False
U0000986,0,2026-03-19 06:17:49+00:00,2,0.0,0.07736995071172714,0.0,0.7058333333333333,0.35291666666666666,INCONCLUSIVE_UNCONFIRMED,False,False
U0000987,0,2026-04-28 20:31:52+00:00,1,0.0,0.01081266812980175,0.0,0.08625,0.043125,INCONCLUSIVE_UNCONFIRMED,False,False
U0000988,0,2026-05-03 07:56:58+00:00,2,0.0,0.014895339496433735,0.0,0.2125,0.10625,INCONCLUSIVE_UNCONFIRMED,False,False
U0000989,0,2026-06-07 03:21:54+00:00,2,0.0,0.01075771078467369,0.0,0.07583333333333334,0.03791666666666667,INCONCLUSIVE_UNCONFIRMED,False,False
U0000990,0,2026-06-02 21:07:52+00:00,1,0.0,0.11990755796432495,0.0,0.8133333333333334,0.4066666666666667,INCONCLUSIVE_UNCONFIRMED,False,False
U0000991,0,2026-06-01 17:48:03+00:00,2,0.0,0.022114470601081848,0.0,0.3375,0.16875,INCONCLUSIVE_UNCONFIRMED,False,False
U0000992,0,2026-04-16 17:48:46+00:00,0,0.0,0.05648473650217056,0.0,0.63,0.315,INCONCLUSIVE_UNCONFIRMED,False,False
U0000993,0,2026-03-17 11:33:39+00:00,0,0.0,0.009763653390109539,0.0,0.050833333333333335,0.025416666666666667,INCONCLUSIVE_UNCONFIRMED,False,False
U0000994,0,2026-03-15 13:55:14+00:00,4,0.0,0.033090073615312576,0.0,0.48833333333333334,0.24416666666666667,INCONCLUSIVE_UNCONFIRMED,False,False
U0000995,0,2026-02-26 05:40:50+00:00,2,0.0,0.08066795021295547,0.0,0.7166666666666667,0.35833333333333334,INCONCLUSIVE_UNCONFIRMED,False,False
U0000996,0,2026-03-25 10:51:43+00:00,3,0.0,0.023411765694618225,0.0,0.36333333333333334,0.18166666666666667,INCONCLUSIVE_UNCONFIRMED,False,False
U0000997,0,2026-03-17 00:35:21+00:00,4,0.0,0.02559518814086914,0.0,0.4041666666666667,0.20208333333333334,INCONCLUSIVE_UNCONFIRMED,False,False
U0000998,0,2026-05-04 11:15:36+00:00,4,0.0,0.03131575137376785,0.0,0.47,0.235,INCONCLUSIVE_UNCONFIRMED,False,False
U0000999,0,2026-05-25 13:33:55+00:00,4,0.0,0.16058871150016785,0.0,0.8608333333333333,0.43041666666666667,INCONCLUSIVE_UNCONFIRMED,False,False
U0001000,0,2026-03-10 23:52:12+00:00,1,0.0,0.06495129317045212,0.0,0.66625,0.333125,INCONCLUSIVE_UNCONFIRMED,False,False
U0001001,0,2026-03-24 16:19:41+00:00,0,0.0,0.05094168335199356,0.0,0.5991666666666666,0.2995833333333333,INCONCLUSIVE_UNCONFIRMED,False,False
U0001002,0,2026-04-30 07:08:27+00:00,3,0.0,0.01358872465789318,0.0,0.18666666666666668,0.09333333333333334,INCONCLUSIVE_UNCONFIRMED,False,False
U0001003,0,2026-04-18 02:39:47+00:00,1,0.0,0.05296705290675163,0.0,0.6083333333333333,0.30416666666666664,INCONCLUSIVE_UNCONFIRMED,False,False
U0001004,0,2026-05-23 02:43:49+00:00,1,0.0,0.18363846838474274,0.0,0.875,0.4375,INCONCLUSIVE_UNCONFIRMED,False,False
U0001005,0,2026-03-19 00:39:28+00:00,3,0.0,0.3060516119003296,0.0,0.9295833333333333,0.46479166666666666,INCONCLUSIVE_UNCONFIRMED,False,False
U0001006,0,2026-04-22 06:55:49+00:00,2,0.0,0.08018027245998383,0.0,0.7158333333333333,0.35791666666666666,INCONCLUSIVE_UNCONFIRMED,False,False
U0001007,0,2026-04-07 21:20:24+00:00,3,0.0,0.025890059769153595,0.0,0.4066666666666667,0.20333333333333334,INCONCLUSIVE_UNCONFIRMED,False,False
U0001008,0,2026-03-30 22:45:49+00:00,3,0.0,0.03178038075566292,0.0,0.475,0.2375,INCONCLUSIVE_UNCONFIRMED,False,False
U0001009,0,2026-06-16 03:47:06+00:00,4,0.0,0.0091828852891922,0.0,0.0225,0.01125,INCONCLUSIVE_UNCONFIRMED,False,False
U0001010,0,2026-02-27 12:14:33+00:00,2,0.9702258726899385,0.20878295600414276,0.0,0.89,0.445,INCONCLUSIVE_UNCONFIRMED,False,False
U0001011,0,2026-03-27 08:31:06+00:00,0,0.0,0.029721781611442566,0.0,0.45416666666666666,0.22708333333333333,INCONCLUSIVE_UNCONFIRMED,False,False
U0001012,0,2026-02-28 02:06:56+00:00,4,0.0,0.04792499169707298,0.0,0.5891666666666666,0.2945833333333333,INCONCLUSIVE_UNCONFIRMED,False,False
U0001013,0,2026-03-19 01:28:33+00:00,4,0.0,0.01658714935183525,0.0,0.24583333333333332,0.12291666666666666,INCONCLUSIVE_UNCONFIRMED,False,False
U0001014,0,2026-03-31 01:57:22+00:00,3,0.0,0.07346034049987793,0.0,0.6925,0.34625,INCONCLUSIVE_UNCONFIRMED,False,False
U0001015,0,2026-03-25 10:39:33+00:00,4,0.0,0.0091828852891922,0.0,0.0225,0.01125,INCONCLUSIVE_UNCONFIRMED,False,False
U0001016,0,2026-03-05 17:04:37+00:00,4,0.0,0.029226377606391907,0.0,0.44666666666666666,0.22333333333333333,INCONCLUSIVE_UNCONFIRMED,False,False
U0001017,0,2026-06-05 19:03:21+00:00,2,0.0,0.01075771078467369,0.0,0.07583333333333334,0.03791666666666667,INCONCLUSIVE_UNCONFIRMED,False,False
U0001018,0,2026-03-31 10:44:41+00:00,4,0.0,0.203877255320549,0.0,0.8875,0.44375,INCONCLUSIVE_UNCONFIRMED,False,False
U0001019,0,2026-03-31 04:59:58+00:00,1,0.0,0.045908864587545395,0.0,0.5816666666666667,0.29083333333333333,INCONCLUSIVE_UNCONFIRMED,False,False
U0001020,0,2026-03-15 10:37:12+00:00,0,0.0,0.09422477334737778,0.0,0.7533333333333333,0.37666666666666665,INCONCLUSIVE_UNCONFIRMED,False,False
U0001021,0,2026-04-21 22:11:32+00:00,2,0.0,0.2631048560142517,0.0,0.9141666666666667,0.45708333333333334,INCONCLUSIVE_UNCONFIRMED,False,False
U0001022,0,2026-04-27 07:04:27+00:00,4,0.0,0.023709822446107864,0.0,0.3695833333333333,0.18479166666666666,INCONCLUSIVE_UNCONFIRMED,False,False
U0001023,0,2026-02-25 17:10:56+00:00,4,0.0,0.016793204471468925,0.0,0.2525,0.12625,INCONCLUSIVE_UNCONFIRMED,False,False
U0001024,0,2026-03-21 02:51:46+00:00,3,0.0,0.21171775460243225,0.0,0.8908333333333334,0.4454166666666667,INCONCLUSIVE_UNCONFIRMED,False,False
U0001025,0,2026-05-23 21:46:41+00:00,0,0.0,0.02289261296391487,0.6132589765454988,0.355,0.4841294882727494,INCONCLUSIVE_UNCONFIRMED,False,False
U0001026,0,2026-03-23 14:09:01+00:00,1,0.0,0.09263730049133301,0.0,0.7475,0.37375,INCONCLUSIVE_UNCONFIRMED,False,False
U0001027,0,2026-04-19 13:53:36+00:00,0,0.0,0.01079565193504095,0.0,0.07833333333333334,0.03916666666666667,INCONCLUSIVE_UNCONFIRMED,False,False
U0001028,0,2026-04-26 14:38:43+00:00,1,0.0,0.11676693707704544,0.0,0.8075,0.40375,INCONCLUSIVE_UNCONFIRMED,False,False
U0001029,0,2026-06-07 16:00:57+00:00,1,0.0,0.025309862568974495,0.0,0.4008333333333333,0.20041666666666666,INCONCLUSIVE_UNCONFIRMED,False,False
U0001030,0,2026-03-06 08:26:34+00:00,0,0.0,0.023926997557282448,0.0,0.37166666666666665,0.18583333333333332,INCONCLUSIVE_UNCONFIRMED,False,False
U0001031,0,2026-03-29 11:35:15+00:00,1,0.0,0.11366435885429382,0.0,0.8,0.4,INCONCLUSIVE_UNCONFIRMED,False,False
U0001032,0,2026-06-06 02:49:19+00:00,0,0.0,0.02769322320818901,0.0,0.43,0.215,INCONCLUSIVE_UNCONFIRMED,False,False
U0001033,0,2026-03-31 20:37:47+00:00,0,0.0,0.027653373777866364,0.0,0.42916666666666664,0.21458333333333332,INCONCLUSIVE_UNCONFIRMED,False,False
U0001034,0,2026-03-22 09:55:36+00:00,1,0.0,0.3370440900325775,0.0,0.935,0.4675,INCONCLUSIVE_UNCONFIRMED,False,False
U0001035,0,2026-03-02 23:32:24+00:00,0,0.0,0.07358494400978088,0.0,0.6941666666666667,0.34708333333333335,INCONCLUSIVE_UNCONFIRMED,False,False
U0001036,0,2026-04-07 05:43:13+00:00,1,0.0,0.06444715708494186,0.0,0.6616666666666666,0.3308333333333333,INCONCLUSIVE_UNCONFIRMED,False,False
U0001037,0,2026-02-27 19:14:48+00:00,0,0.0,0.03997097909450531,0.0,0.5491666666666667,0.27458333333333335,INCONCLUSIVE_UNCONFIRMED,False,False
U0001038,0,2026-04-10 08:00:24+00:00,1,0.0,0.020546913146972656,0.0,0.31125,0.155625,INCONCLUSIVE_UNCONFIRMED,False,False
U0001039,0,2026-06-12 07:50:31+00:00,0,0.0,0.02698804996907711,0.0,0.42,0.21,INCONCLUSIVE_UNCONFIRMED,False,False
U0001040,0,2026-06-12 09:46:35+00:00,3,0.0,0.009005305357277393,0.0,0.010833333333333334,0.005416666666666667,INCONCLUSIVE_UNCONFIRMED,False,False
U0001041,0,2026-05-04 12:38:08+00:00,0,0.0,0.014597982168197632,0.0,0.2075,0.10375,INCONCLUSIVE_UNCONFIRMED,False,False
U0001042,0,2026-05-06 23:39:42+00:00,0,0.0,0.02829357609152794,0.0,0.43833333333333335,0.21916666666666668,INCONCLUSIVE_UNCONFIRMED,False,False
U0001043,0,2026-05-20 07:06:20+00:00,1,0.0,0.034930355846881866,0.0,0.5066666666666667,0.25333333333333335,INCONCLUSIVE_UNCONFIRMED,False,False
U0001044,0,2026-06-21 15:51:52+00:00,4,0.0,0.01153069268912077,0.0,0.125,0.0625,INCONCLUSIVE_UNCONFIRMED,False,False
U0001045,0,2026-05-23 23:01:31+00:00,3,0.0,0.021712349727749825,0.0,0.3308333333333333,0.16541666666666666,INCONCLUSIVE_UNCONFIRMED,False,False
U0001046,0,2026-05-26 16:30:11+00:00,3,0.0,0.01358872465789318,0.0,0.18666666666666668,0.09333333333333334,INCONCLUSIVE_UNCONFIRMED,False,False
U0001047,0,2026-05-18 19:54:23+00:00,0,0.0,0.03945562615990639,0.0,0.5458333333333333,0.27291666666666664,INCONCLUSIVE_UNCONFIRMED,False,False
U0001048,0,2026-03-21 09:02:52+00:00,4,0.0,0.024941714480519295,0.0,0.3975,0.19875,INCONCLUSIVE_UNCONFIRMED,False,False
U0001049,0,2026-03-28 23:19:41+00:00,0,0.0,0.009319121018052101,0.0,0.03666666666666667,0.018333333333333333,INCONCLUSIVE_UNCONFIRMED,False,False
U0001050,0,2026-06-17 07:44:00+00:00,1,0.0,0.06989701837301254,0.0,0.6841666666666667,0.34208333333333335,INCONCLUSIVE_UNCONFIRMED,False,False
U0001051,0,2026-05-06 09:07:35+00:00,4,0.0,0.0239349827170372,0.0,0.3725,0.18625,INCONCLUSIVE_UNCONFIRMED,False,False
U0001052,0,2026-04-02 00:42:05+00:00,2,0.0,0.034671977162361145,0.0,0.5016666666666667,0.25083333333333335,INCONCLUSIVE_UNCONFIRMED,False,False
U0001053,0,2026-03-01 22:50:19+00:00,1,0.0,0.011437220498919487,0.0,0.11916666666666667,0.059583333333333335,INCONCLUSIVE_UNCONFIRMED,False,False
U0001054,0,2026-03-09 11:40:34+00:00,4,0.0,0.016951125115156174,0.0,0.2554166666666667,0.12770833333333334,INCONCLUSIVE_UNCONFIRMED,False,False
U0001055,0,2026-04-24 10:14:21+00:00,3,0.0,0.34958261251449585,0.0,0.9425,0.47125,INCONCLUSIVE_UNCONFIRMED,False,False
U0001056,0,2026-06-14 18:07:37+00:00,4,0.0,0.0091828852891922,0.0,0.0225,0.01125,INCONCLUSIVE_UNCONFIRMED,False,False
U0001057,0,2026-05-13 15:32:52+00:00,3,0.0,0.02395307645201683,0.0,0.37333333333333335,0.18666666666666668,INCONCLUSIVE_UNCONFIRMED,False,False
U0001058,0,2026-06-12 00:10:47+00:00,3,0.0,0.01371185015887022,0.0,0.19625,0.098125,INCONCLUSIVE_UNCONFIRMED,False,False
U0001059,0,2026-06-02 04:39:30+00:00,3,0.0,0.024663830175995827,0.0,0.3908333333333333,0.19541666666666666,INCONCLUSIVE_UNCONFIRMED,False,False
U0001060,0,2026-05-14 22:06:21+00:00,0,0.0,0.02693745866417885,0.0,0.4175,0.20875,INCONCLUSIVE_UNCONFIRMED,False,False
U0001061,0,2026-03-28 05:19:40+00:00,3,0.0,0.05714312568306923,0.0,0.6341666666666667,0.31708333333333333,INCONCLUSIVE_UNCONFIRMED,False,False
U0001062,0,2026-04-14 13:56:15+00:00,2,0.0,0.019721953198313713,0.0,0.2966666666666667,0.14833333333333334,INCONCLUSIVE_UNCONFIRMED,False,False
U0001063,0,2026-06-13 00:04:33+00:00,1,0.0,0.011747865937650204,0.0,0.13375,0.066875,INCONCLUSIVE_UNCONFIRMED,False,False
U0001064,0,2026-04-02 06:37:42+00:00,1,0.0,0.011096067726612091,0.0,0.09916666666666667,0.04958333333333333,INCONCLUSIVE_UNCONFIRMED,False,False
U0001065,0,2026-03-04 12:37:30+00:00,0,0.0,0.04028742387890816,0.0,0.5525,0.27625,INCONCLUSIVE_UNCONFIRMED,False,False
U0001066,0,2026-03-16 11:30:35+00:00,3,0.0,0.13055601716041565,0.0,0.8266666666666667,0.41333333333333333,INCONCLUSIVE_UNCONFIRMED,False,False
U0001067,0,2026-03-17 03:02:35+00:00,1,0.0,0.011562938801944256,0.0,0.12708333333333333,0.06354166666666666,INCONCLUSIVE_UNCONFIRMED,False,False
U0001068,0,2026-03-13 04:06:32+00:00,3,0.0,0.009005305357277393,0.0,0.010833333333333334,0.005416666666666667,INCONCLUSIVE_UNCONFIRMED,False,False
U0001069,0,2026-02-24 09:33:43+00:00,0,0.0,0.042553868144750595,0.0,0.5658333333333333,0.28291666666666665,INCONCLUSIVE_UNCONFIRMED,False,False
U0001070,0,2026-03-23 11:45:51+00:00,2,0.0,0.05858632177114487,0.0,0.6441666666666667,0.32208333333333333,INCONCLUSIVE_UNCONFIRMED,False,False
U0001071,0,2026-05-23 19:14:47+00:00,4,0.0,0.06647209823131561,0.0,0.6716666666666666,0.3358333333333333,INCONCLUSIVE_UNCONFIRMED,False,False
U0001072,0,2026-04-10 03:46:43+00:00,3,0.0,0.01548241637647152,0.0,0.225,0.1125,INCONCLUSIVE_UNCONFIRMED,False,False
U0001073,0,2026-05-07 00:15:35+00:00,4,0.0,0.01676524616777897,0.0,0.25083333333333335,0.12541666666666668,INCONCLUSIVE_UNCONFIRMED,False,False
U0001074,0,2026-03-27 23:20:33+00:00,1,0.0,0.026975085958838463,0.0,0.4191666666666667,0.20958333333333334,INCONCLUSIVE_UNCONFIRMED,False,False
U0001075,0,2026-05-13 01:52:19+00:00,3,0.0,0.013538993895053864,0.0,0.18125,0.090625,INCONCLUSIVE_UNCONFIRMED,False,False
U0001076,0,2026-04-15 12:02:29+00:00,3,0.0,0.07473986595869064,0.0,0.6991666666666667,0.34958333333333336,INCONCLUSIVE_UNCONFIRMED,False,False
U0001077,0,2026-05-07 01:39:28+00:00,0,0.0,0.1636199653148651,0.0,0.8625,0.43125,INCONCLUSIVE_UNCONFIRMED,False,False
U0001078,0,2026-06-19 00:40:16+00:00,4,0.0,0.014716309495270252,0.0,0.21,0.105,INCONCLUSIVE_UNCONFIRMED,False,False
U0001079,0,2026-04-30 17:21:07+00:00,0,0.0,0.05547628551721573,0.0,0.6266666666666667,0.31333333333333335,INCONCLUSIVE_UNCONFIRMED,False,False
U0001080,0,2026-03-20 03:41:27+00:00,4,0.0,0.042668331414461136,0.0,0.5666666666666667,0.2833333333333333,INCONCLUSIVE_UNCONFIRMED,False,False
U0001081,0,2026-03-16 18:07:41+00:00,2,0.0,0.034197401255369186,0.0,0.4975,0.24875,INCONCLUSIVE_UNCONFIRMED,False,False
U0001082,0,2026-03-01 12:40:53+00:00,4,0.0,0.011569655500352383,0.0,0.12875,0.064375,INCONCLUSIVE_UNCONFIRMED,False,False
U0001083,0,2026-04-06 06:50:07+00:00,0,0.0,0.029852714389562607,0.0,0.4558333333333333,0.22791666666666666,INCONCLUSIVE_UNCONFIRMED,False,False
U0001084,0,2026-03-25 08:54:33+00:00,2,0.0,0.024622172117233276,0.0,0.39,0.195,INCONCLUSIVE_UNCONFIRMED,False,False
U0001085,0,2026-03-21 09:49:49+00:00,0,0.0,0.009195183403789997,0.0,0.027083333333333334,0.013541666666666667,INCONCLUSIVE_UNCONFIRMED,False,False
U0001086,0,2026-05-06 10:25:49+00:00,0,0.0,0.024880263954401016,0.0,0.3958333333333333,0.19791666666666666,INCONCLUSIVE_UNCONFIRMED,False,False
U0001087,0,2026-05-19 12:53:15+00:00,3,0.0,0.017959143966436386,0.0,0.2791666666666667,0.13958333333333334,INCONCLUSIVE_UNCONFIRMED,False,False
U0001088,0,2026-04-04 15:10:27+00:00,4,0.0,0.07320614904165268,0.0,0.6916666666666667,0.3458333333333333,INCONCLUSIVE_UNCONFIRMED,False,False
U0001089,0,2026-04-21 09:44:31+00:00,1,0.0,0.2299259454011917,0.0,0.9016666666666666,0.4508333333333333,INCONCLUSIVE_UNCONFIRMED,False,False
U0001090,0,2026-03-24 00:24:47+00:00,4,0.0,0.012221341952681541,0.0,0.15416666666666667,0.07708333333333334,INCONCLUSIVE_UNCONFIRMED,False,False
U0001091,0,2026-06-01 23:10:09+00:00,0,0.0,0.03914058208465576,0.0,0.5416666666666666,0.2708333333333333,INCONCLUSIVE_UNCONFIRMED,False,False
U0001092,0,2026-05-02 16:34:19+00:00,2,0.0,0.032287854701280594,0.0,0.48,0.24,INCONCLUSIVE_UNCONFIRMED,False,False
U0001093,0,2026-06-08 15:05:55+00:00,3,0.0,0.08247669041156769,0.0,0.72,0.36,INCONCLUSIVE_UNCONFIRMED,False,False
U0001094,0,2026-05-18 06:11:00+00:00,4,0.0,0.12236414104700089,0.0,0.8158333333333333,0.40791666666666665,INCONCLUSIVE_UNCONFIRMED,False,False
U0001095,0,2026-05-14 06:44:54+00:00,2,0.0,0.09792205691337585,0.0,0.7625,0.38125,INCONCLUSIVE_UNCONFIRMED,False,False
U0001096,0,2026-06-09 19:08:34+00:00,4,0.0,0.011622536927461624,0.0,0.13166666666666665,0.06583333333333333,INCONCLUSIVE_UNCONFIRMED,False,False
U0001097,0,2026-06-13 15:29:22+00:00,0,0.0,0.05192846059799194,0.0,0.6033333333333334,0.3016666666666667,INCONCLUSIVE_UNCONFIRMED,False,False
U0001098,0,2026-05-06 05:07:14+00:00,3,0.0,0.2624724805355072,0.0,0.9116666666666666,0.4558333333333333,INCONCLUSIVE_UNCONFIRMED,False,False
U0001099,0,2026-05-31 10:06:43+00:00,0,0.0,0.011461911723017693,0.0,0.12166666666666667,0.060833333333333336,INCONCLUSIVE_UNCONFIRMED,False,False
U0001100,0,2026-04-25 06:31:43+00:00,1,0.9702258726899385,0.6172803044319153,0.0,0.9758333333333333,0.48791666666666667,INCONCLUSIVE_UNCONFIRMED,False,False
U0001101,0,2026-04-06 04:46:01+00:00,1,0.0,0.10152328759431839,0.0,0.7708333333333334,0.3854166666666667,INCONCLUSIVE_UNCONFIRMED,False,False
U0001102,0,2026-04-11 17:14:21+00:00,2,0.0,0.020035987719893456,0.0,0.30083333333333334,0.15041666666666667,INCONCLUSIVE_UNCONFIRMED,False,False
U0001103,0,2026-05-12 10:19:52+00:00,4,0.0,0.027804765850305557,0.0,0.43166666666666664,0.21583333333333332,INCONCLUSIVE_UNCONFIRMED,False,False
U0001104,0,2026-03-27 01:18:31+00:00,3,0.0,0.01457129791378975,0.0,0.20666666666666667,0.10333333333333333,INCONCLUSIVE_UNCONFIRMED,False,False
U0001105,0,2026-04-07 01:00:02+00:00,3,0.0,0.01602424494922161,0.0,0.2325,0.11625,INCONCLUSIVE_UNCONFIRMED,False,False
U0001106,0,2026-04-01 02:11:46+00:00,1,0.0,0.07411794364452362,0.0,0.6958333333333333,0.34791666666666665,INCONCLUSIVE_UNCONFIRMED,False,False
U0001107,0,2026-04-26 20:51:00+00:00,2,0.0,0.01661069504916668,0.0,0.24666666666666667,0.12333333333333334,INCONCLUSIVE_UNCONFIRMED,False,False
U0001108,0,2026-02-22 16:52:09+00:00,1,0.0,0.018405966460704803,0.6321205588285577,0.28583333333333333,0.4589769460809455,INCONCLUSIVE_UNCONFIRMED,False,False
U0001109,0,2026-02-28 00:57:34+00:00,1,0.0,0.020546913146972656,0.0,0.31125,0.155625,INCONCLUSIVE_UNCONFIRMED,False,False
U0001110,0,2026-03-13 13:40:22+00:00,3,0.0,0.037069596350193024,0.0,0.5233333333333333,0.26166666666666666,INCONCLUSIVE_UNCONFIRMED,False,False
U0001111,1,2026-05-25 11:45:39+00:00,3,0.9672466734902765,0.4714849293231964,0.0,0.9608333333333333,0.48041666666666666,CONFIRMED_SYNTHETIC_FRAUD,False,False
U0001112,0,2026-04-08 05:34:09+00:00,4,0.0,0.009969111531972885,0.0,0.058333333333333334,0.029166666666666667,INCONCLUSIVE_UNCONFIRMED,False,False
U0001113,0,2026-02-28 07:32:03+00:00,1,0.0,0.022152511402964592,0.0,0.33916666666666667,0.16958333333333334,INCONCLUSIVE_UNCONFIRMED,False,False
U0001114,0,2026-03-07 13:24:49+00:00,4,0.0,0.031075481325387955,0.0,0.4675,0.23375,INCONCLUSIVE_UNCONFIRMED,False,False
U0001115,0,2026-05-18 19:30:14+00:00,4,0.0,0.025367191061377525,0.0,0.40166666666666667,0.20083333333333334,INCONCLUSIVE_UNCONFIRMED,False,False
U0001116,0,2026-06-04 04:47:17+00:00,0,0.0,0.06154501438140869,0.0,0.6525,0.32625,INCONCLUSIVE_UNCONFIRMED,False,False
U0001117,0,2026-03-11 03:01:41+00:00,3,0.0,0.02459597960114479,0.0,0.38666666666666666,0.19333333333333333,INCONCLUSIVE_UNCONFIRMED,False,False
U0001118,0,2026-05-17 18:31:51+00:00,1,0.0,0.020692255347967148,0.0,0.3145833333333333,0.15729166666666666,INCONCLUSIVE_UNCONFIRMED,False,False
U0001119,0,2026-04-07 04:29:23+00:00,3,0.0,0.021641461178660393,0.0,0.3283333333333333,0.16416666666666666,INCONCLUSIVE_UNCONFIRMED,False,False
U0001120,0,2026-04-28 01:09:36+00:00,2,0.0,0.013342374004423618,0.0,0.175,0.0875,INCONCLUSIVE_UNCONFIRMED,False,False
U0001121,0,2026-03-29 10:53:51+00:00,0,0.0,0.02817545086145401,0.0,0.43583333333333335,0.21791666666666668,INCONCLUSIVE_UNCONFIRMED,False,False
U0001122,0,2026-04-22 14:31:02+00:00,2,0.0,0.05125420168042183,0.0,0.6008333333333333,0.30041666666666667,INCONCLUSIVE_UNCONFIRMED,False,False
U0001123,0,2026-06-03 12:15:40+00:00,4,0.0,0.07479871064424515,0.0,0.7,0.35,INCONCLUSIVE_UNCONFIRMED,False,False
U0001124,0,2026-06-15 21:12:03+00:00,1,0.0,0.08615344762802124,0.0,0.72875,0.364375,INCONCLUSIVE_UNCONFIRMED,False,False
U0001125,0,2026-05-04 08:08:26+00:00,3,0.0,0.013349626213312149,0.0,0.17666666666666667,0.08833333333333333,INCONCLUSIVE_UNCONFIRMED,False,False
U0001126,0,2026-04-24 05:30:14+00:00,1,0.0,0.034930355846881866,0.0,0.5066666666666667,0.25333333333333335,INCONCLUSIVE_UNCONFIRMED,False,False
U0001127,0,2026-04-24 15:41:20+00:00,1,0.0,0.055903080850839615,0.0,0.6275,0.31375,INCONCLUSIVE_UNCONFIRMED,False,False
U0001128,0,2026-06-14 17:01:17+00:00,2,0.0,0.10003199428319931,0.0,0.7683333333333333,0.38416666666666666,INCONCLUSIVE_UNCONFIRMED,False,False
U0001129,0,2026-05-08 04:03:24+00:00,0,0.0,0.07228467613458633,0.0,0.6908333333333333,0.34541666666666665,INCONCLUSIVE_UNCONFIRMED,False,False
U0001130,0,2026-04-18 09:12:06+00:00,4,0.0,0.1986088752746582,0.0,0.8833333333333333,0.44166666666666665,INCONCLUSIVE_UNCONFIRMED,False,False
U0001131,0,2026-04-04 10:01:24+00:00,1,0.0,0.021080009639263153,0.0,0.32,0.16,INCONCLUSIVE_UNCONFIRMED,False,False
U0001132,0,2026-06-12 04:55:15+00:00,0,0.0,0.032398879528045654,0.0,0.4816666666666667,0.24083333333333334,INCONCLUSIVE_UNCONFIRMED,False,False
U0001133,0,2026-02-24 00:12:43+00:00,1,0.0,0.03255433589220047,0.0,0.48333333333333334,0.24166666666666667,INCONCLUSIVE_UNCONFIRMED,False,False
U0001134,0,2026-02-28 17:30:15+00:00,1,0.0,0.011267751455307007,0.0,0.10916666666666666,0.05458333333333333,INCONCLUSIVE_UNCONFIRMED,False,False
U0001135,0,2026-03-07 22:38:11+00:00,2,0.0,0.013929415494203568,0.0,0.19833333333333333,0.09916666666666667,INCONCLUSIVE_UNCONFIRMED,False,False
U0001136,0,2026-03-09 04:09:10+00:00,4,0.0,0.06922850757837296,0.0,0.6808333333333333,0.34041666666666665,INCONCLUSIVE_UNCONFIRMED,False,False
U0001137,0,2026-06-04 09:10:33+00:00,4,0.0,0.009464451111853123,0.0,0.04083333333333333,0.020416666666666666,INCONCLUSIVE_UNCONFIRMED,False,False
U0001138,0,2026-04-24 11:36:26+00:00,2,0.0,0.011840013787150383,0.0,0.1375,0.06875,INCONCLUSIVE_UNCONFIRMED,False,False
U0001139,0,2026-05-29 00:49:18+00:00,3,0.0,0.03585086762905121,0.0,0.515,0.2575,INCONCLUSIVE_UNCONFIRMED,False,False
U0001140,0,2026-05-05 00:53:08+00:00,3,0.0,0.03828398138284683,0.0,0.5333333333333333,0.26666666666666666,INCONCLUSIVE_UNCONFIRMED,False,False
U0001141,0,2026-04-02 02:27:01+00:00,3,0.0,0.09088060259819031,0.0,0.7433333333333333,0.37166666666666665,INCONCLUSIVE_UNCONFIRMED,False,False
U0001142,0,2026-03-04 12:34:10+00:00,1,0.0,0.03784279152750969,0.0,0.53,0.265,INCONCLUSIVE_UNCONFIRMED,False,False
U0001143,0,2026-03-01 02:32:43+00:00,4,0.9623217922606926,0.5891860127449036,0.0,0.9716666666666667,0.48583333333333334,INCONCLUSIVE_UNCONFIRMED,False,False
U0001144,0,2026-03-21 08:21:58+00:00,1,0.0,0.29788774251937866,0.0,0.9258333333333333,0.46291666666666664,INCONCLUSIVE_UNCONFIRMED,False,False
U0001145,0,2026-03-09 22:26:09+00:00,1,0.0,0.14187002182006836,0.0,0.8458333333333333,0.42291666666666666,INCONCLUSIVE_UNCONFIRMED,False,False
U0001146,0,2026-03-17 04:41:27+00:00,1,0.0,0.10218414664268494,0.0,0.7725,0.38625,INCONCLUSIVE_UNCONFIRMED,False,False
U0001147,0,2026-06-16 03:41:29+00:00,3,0.0,0.34844762086868286,0.0,0.9416666666666667,0.4708333333333333,INCONCLUSIVE_UNCONFIRMED,False,False
U0001148,0,2026-03-31 19:34:03+00:00,1,0.0,0.011096067726612091,0.0,0.09916666666666667,0.04958333333333333,INCONCLUSIVE_UNCONFIRMED,False,False
U0001149,0,2026-03-03 19:51:28+00:00,4,0.0,0.02310449443757534,0.0,0.3566666666666667,0.17833333333333334,INCONCLUSIVE_UNCONFIRMED,False,False
U0001150,0,2026-02-24 08:14:54+00:00,3,0.0,0.6068428158760071,0.0,0.9741666666666666,0.4870833333333333,INCONCLUSIVE_UNCONFIRMED,False,False
U0001151,0,2026-05-04 03:14:57+00:00,3,0.0,0.025563592091202736,0.0,0.4033333333333333,0.20166666666666666,INCONCLUSIVE_UNCONFIRMED,False,False
U0001152,0,2026-06-19 17:23:43+00:00,4,0.0,0.04741639271378517,0.0,0.5866666666666667,0.29333333333333333,INCONCLUSIVE_UNCONFIRMED,False,False
U0001153,0,2026-05-16 02:40:03+00:00,3,0.0,0.04204513877630234,0.0,0.56,0.28,INCONCLUSIVE_UNCONFIRMED,False,False
U0001154,0,2026-05-30 01:19:48+00:00,2,0.0,0.039277855306863785,0.0,0.5441666666666667,0.27208333333333334,INCONCLUSIVE_UNCONFIRMED,False,False
U0001155,0,2026-05-14 01:49:30+00:00,3,0.9672466734902765,0.83697909116745,0.0,0.99,0.495,INCONCLUSIVE_UNCONFIRMED,False,False
U0001156,0,2026-05-05 05:13:27+00:00,1,0.0,0.011096067726612091,0.0,0.09916666666666667,0.04958333333333333,INCONCLUSIVE_UNCONFIRMED,False,False
U0001157,0,2026-04-25 14:58:35+00:00,0,0.0,0.04595364257693291,0.0,0.5825,0.29125,INCONCLUSIVE_UNCONFIRMED,False,False
U0001158,0,2026-04-24 20:05:09+00:00,4,0.0,0.22637006640434265,0.0,0.8983333333333333,0.44916666666666666,INCONCLUSIVE_UNCONFIRMED,False,False
U0001159,0,2026-04-25 07:01:21+00:00,0,0.0,0.3469580411911011,0.0,0.94,0.47,INCONCLUSIVE_UNCONFIRMED,False,False
U0001160,0,2026-04-30 20:59:26+00:00,2,0.0,0.10682842135429382,0.0,0.7825,0.39125,INCONCLUSIVE_UNCONFIRMED,False,False
U0001161,0,2026-05-18 16:41:25+00:00,4,0.0,0.06906720250844955,0.0,0.68,0.34,INCONCLUSIVE_UNCONFIRMED,False,False
U0001162,0,2026-04-04 23:16:59+00:00,3,0.0,0.016572369262576103,0.0,0.24458333333333335,0.12229166666666667,INCONCLUSIVE_UNCONFIRMED,False,False
U0001163,0,2026-02-25 17:41:26+00:00,2,0.0,0.02357364073395729,0.0,0.36583333333333334,0.18291666666666667,INCONCLUSIVE_UNCONFIRMED,False,False
U0001164,0,2026-03-30 09:21:41+00:00,3,0.0,0.1157011091709137,0.0,0.8041666666666667,0.40208333333333335,INCONCLUSIVE_UNCONFIRMED,False,False
U0001165,0,2026-04-10 20:00:06+00:00,3,0.0,0.01358872465789318,0.0,0.18666666666666668,0.09333333333333334,INCONCLUSIVE_UNCONFIRMED,False,False
U0001166,0,2026-03-15 06:17:34+00:00,1,0.0,0.1414552628993988,0.0,0.845,0.4225,INCONCLUSIVE_UNCONFIRMED,False,False
U0001167,0,2026-03-08 02:16:36+00:00,1,0.0,0.13561385869979858,0.0,0.8375,0.41875,INCONCLUSIVE_UNCONFIRMED,False,False
U0001168,0,2026-03-16 01:20:50+00:00,1,0.0,0.09675737470388412,0.0,0.7616666666666667,0.38083333333333336,INCONCLUSIVE_UNCONFIRMED,False,False
U0001169,0,2026-02-28 13:45:57+00:00,1,0.0,0.0889170691370964,0.0,0.7395833333333334,0.3697916666666667,INCONCLUSIVE_UNCONFIRMED,False,False
U0001170,0,2026-03-03 04:12:18+00:00,1,0.0,0.6460074186325073,0.0,0.9808333333333333,0.49041666666666667,INCONCLUSIVE_UNCONFIRMED,False,False
U0001171,0,2026-06-04 06:33:06+00:00,3,0.0,0.012645871378481388,0.0,0.1675,0.08375,INCONCLUSIVE_UNCONFIRMED,False,False
U0001172,0,2026-03-27 18:48:57+00:00,3,0.0,0.3060516119003296,0.0,0.9295833333333333,0.46479166666666666,INCONCLUSIVE_UNCONFIRMED,False,False
U0001173,0,2026-03-10 14:14:19+00:00,3,0.0,0.01358872465789318,0.0,0.18666666666666668,0.09333333333333334,INCONCLUSIVE_UNCONFIRMED,False,False
U0001174,0,2026-03-19 20:10:31+00:00,4,0.0,0.01351602841168642,0.0,0.18,0.09,INCONCLUSIVE_UNCONFIRMED,False,False
U0001175,0,2026-05-01 10:00:16+00:00,3,0.0,0.009005305357277393,0.0,0.010833333333333334,0.005416666666666667,INCONCLUSIVE_UNCONFIRMED,False,False
U0001176,0,2026-02-22 07:40:34+00:00,0,0.0,0.08346911519765854,0.0,0.7225,0.36125,INCONCLUSIVE_UNCONFIRMED,False,False
U0001177,0,2026-03-23 03:10:00+00:00,2,0.0,0.026881614699959755,0.0,0.41583333333333333,0.20791666666666667,INCONCLUSIVE_UNCONFIRMED,False,False
U0001178,0,2026-06-04 05:28:11+00:00,3,0.0,0.0194445438683033,0.0,0.2941666666666667,0.14708333333333334,INCONCLUSIVE_UNCONFIRMED,False,False
U0001179,0,2026-06-15 00:53:34+00:00,1,0.0,0.1659569889307022,0.0,0.8641666666666666,0.4320833333333333,INCONCLUSIVE_UNCONFIRMED,False,False
U0001180,0,2026-02-25 02:08:41+00:00,2,0.0,0.014701906591653824,0.0,0.20916666666666667,0.10458333333333333,INCONCLUSIVE_UNCONFIRMED,False,False
U0001181,0,2026-04-29 12:07:18+00:00,0,0.0,0.6456412076950073,0.0,0.98,0.49,INCONCLUSIVE_UNCONFIRMED,False,False
U0001182,0,2026-05-01 23:10:16+00:00,4,0.0,0.09156975150108337,0.0,0.7441666666666666,0.3720833333333333,INCONCLUSIVE_UNCONFIRMED,False,False
U0001183,0,2026-03-16 06:19:40+00:00,0,0.0,0.01726369373500347,0.0,0.265,0.1325,INCONCLUSIVE_UNCONFIRMED,False,False
U0001184,0,2026-02-27 21:19:04+00:00,0,0.0,0.19004778563976288,0.0,0.8783333333333333,0.43916666666666665,INCONCLUSIVE_UNCONFIRMED,False,False
U0001185,0,2026-05-11 19:15:18+00:00,0,0.9775147928994086,0.862486720085144,0.0,0.9933333333333333,0.49666666666666665,INCONCLUSIVE_UNCONFIRMED,False,False
U0001186,0,2026-05-04 09:29:18+00:00,2,0.0,0.20844949781894684,0.0,0.8891666666666667,0.44458333333333333,INCONCLUSIVE_UNCONFIRMED,False,False
U0001187,0,2026-04-20 06:24:39+00:00,4,0.0,0.09355653822422028,0.0,0.7525,0.37625,INCONCLUSIVE_UNCONFIRMED,False,False
U0001188,0,2026-05-10 14:20:22+00:00,3,0.0,0.06582155078649521,0.0,0.6683333333333333,0.33416666666666667,INCONCLUSIVE_UNCONFIRMED,False,False
U0001189,0,2026-04-19 14:06:23+00:00,3,0.0,0.10746363550424576,0.0,0.7858333333333334,0.3929166666666667,INCONCLUSIVE_UNCONFIRMED,False,False
U0001190,0,2026-05-30 10:54:51+00:00,1,0.0,0.012241829186677933,0.0,0.155,0.0775,INCONCLUSIVE_UNCONFIRMED,False,False
U0001191,0,2026-06-06 02:03:33+00:00,2,0.0,0.21603438258171082,0.0,0.8916666666666667,0.44583333333333336,INCONCLUSIVE_UNCONFIRMED,False,False
U0001192,0,2026-03-08 12:27:01+00:00,2,0.0,0.01187121868133545,0.0,0.13916666666666666,0.06958333333333333,INCONCLUSIVE_UNCONFIRMED,False,False
U0001193,0,2026-06-10 16:57:21+00:00,1,0.0,0.13631761074066162,0.6321205588285577,0.8383333333333334,0.7352269460809455,INCONCLUSIVE_UNCONFIRMED,False,False
U0001194,0,2026-06-12 09:55:44+00:00,0,0.0,0.03549334406852722,0.0,0.5125,0.25625,INCONCLUSIVE_UNCONFIRMED,False,False
U0001195,0,2026-06-10 08:50:10+00:00,0,0.0,0.009195183403789997,0.0,0.027083333333333334,0.013541666666666667,INCONCLUSIVE_UNCONFIRMED,False,False
U0001196,0,2026-06-08 05:39:54+00:00,0,0.0,0.036678384989500046,0.0,0.5208333333333334,0.2604166666666667,INCONCLUSIVE_UNCONFIRMED,False,False
U0001197,0,2026-05-14 00:54:49+00:00,4,0.0,0.3015456199645996,0.0,0.9266666666666666,0.4633333333333333,INCONCLUSIVE_UNCONFIRMED,False,False
U0001198,0,2026-05-07 06:26:34+00:00,2,0.0,0.51664137840271,0.0,0.9641666666666666,0.4820833333333333,INCONCLUSIVE_UNCONFIRMED,False,False
U0001199,0,2026-04-04 00:26:55+00:00,4,0.0,0.021474342793226242,0.0,0.3258333333333333,0.16291666666666665,INCONCLUSIVE_UNCONFIRMED,False,False
U0001200,0,2026-04-30 22:03:31+00:00,2,0.0,0.014873155392706394,0.0,0.21166666666666667,0.10583333333333333,INCONCLUSIVE_UNCONFIRMED,False,False
