user_id,customer_name,registration_time,registration_channel,kyc_level,fraud_label,label_observed_at,feature_cutoff,registration_to_kyc_minutes,kyc_to_first_deposit_minutes,deposit_count,trade_count,withdrawal_count,deposit_amount,trade_amount,withdrawal_amount,withdraw_deposit_ratio,trade_deposit_ratio,fund_loop_cv,amount_diff_ratio,small_fiat_deposit_count,withdraw_address_unique_count,withdraw_ip_unique_count,deposit_ip_unique_count,device_unique_count,api_event_ratio,night_event_ratio,total_event_count,bank_risk_max,bank_risk_mean,bank_name_match_ratio,asset_pair_unique_count,withdraw_deposit_ip_ratio
U0000001,Synthetic_User_00001,2026-03-18 06:36:32+00:00,ANDROID,L1,0,2026-05-09 06:36:32+00:00,2026-05-02 06:36:32+00:00,291.0,4010.0,4,14,1,8409.850512,6955.280269,4455.531172,0.5297990928188807,0.8270397029145194,0.24717126245649684,0.5985147240859158,0.0,1,1,1,3,0.13333333333333333,0.23333333333333334,30,0.8,0.45,1.0,6,1.0
U0000002,Synthetic_User_00002,2026-03-14 03:37:24+00:00,IOS,L2,0,2026-05-05 03:37:24+00:00,2026-04-28 03:37:24+00:00,593.0,2256.0,13,14,11,10074.89552,4295.795736,8961.15302,0.889453692319779,0.4263861324886474,0.32188874197822176,0.7430745356822815,9.0,3,2,1,3,0.08108108108108109,0.33783783783783783,74,0.8,0.3384615384615385,0.9230769230769231,6,2.0
U0000003,Synthetic_User_00003,2026-04-24 07:35:11+00:00,IOS,L2,0,2026-06-15 07:35:11+00:00,2026-06-08 07:35:11+00:00,79.0,2289.0,16,33,9,16397.755845,7722.322639,7885.684700000001,0.4809002386997061,0.4709377741683286,0.37977684180120086,0.8131754105776426,8.0,1,3,1,2,0.10077519379844961,0.27906976744186046,129,0.8,0.49374999999999997,0.9375,6,3.0
U0000004,Synthetic_User_00004,2026-01-01 13:07:37+00:00,WEB,L2,0,2026-02-22 13:07:37+00:00,2026-02-15 13:07:37+00:00,533.0,999.0,17,15,6,1549.578011,1429.4697879999999,207.457836,0.13388021417916207,0.9224897216226694,0.5708675845009983,1.2635661085218826,17.0,1,2,2,1,0.11267605633802817,0.22535211267605634,71,1.0,0.5882352941176471,0.9411764705882353,5,1.0
U0000005,Synthetic_User_00005,2026-04-24 22:06:51+00:00,IOS,L2,0,2026-06-15 22:06:51+00:00,2026-06-08 22:06:51+00:00,453.0,4427.0,5,21,5,4669.891741,1983.3436629999999,705.912738,0.15116254875939317,0.42470870268510574,0.6734552413730753,1.6159393423717818,3.0,2,3,2,2,0.11475409836065574,0.32786885245901637,61,1.0,0.82,1.0,5,1.5
U0000006,Synthetic_User_00006,2026-01-18 16:16:49+00:00,WEB,L2,1,2026-03-11 16:16:49+00:00,2026-03-04 16:16:49+00:00,90.0,1204.0,17,25,13,6832.252995,5893.492738,7191.074543,1.0525187735674593,0.8625987272884938,0.08240584474741966,0.19545014520670265,17.0,2,4,2,2,0.10416666666666667,0.17708333333333334,96,1.0,0.5117647058823529,1.0,6,2.0
U0000007,Synthetic_User_00007,2026-03-14 21:54:30+00:00,ANDROID,L2,0,2026-05-05 21:54:30+00:00,2026-04-28 21:54:30+00:00,610.0,3234.0,8,16,6,3727.253399,3474.705565,443.215751,0.11891215958617468,0.9322429126853149,0.5855263268670935,1.2886707382461697,8.0,2,2,2,1,0.18,0.26,50,0.7,0.3875,0.875,3,1.0
U0000008,Synthetic_User_00008,2026-04-24 18:28:57+00:00,ANDROID,L2,0,2026-06-15 18:28:57+00:00,2026-06-08 18:28:57+00:00,40.0,4592.0,7,8,2,1845.333887,1216.404221,788.187918,0.4271248274107048,0.6591783901923218,0.33831550422630113,0.8237659335743299,7.0,1,1,2,2,0.05,0.25,40,0.9,0.6857142857142857,0.8571428571428571,4,0.5
U0000009,Synthetic_User_00009,2026-02-28 13:05:06+00:00,WEB,L2,0,2026-04-21 13:05:06+00:00,2026-04-14 13:05:06+00:00,556.0,4777.0,4,6,2,1974.1534820000002,2172.737876,853.182803,0.4321765307404807,1.1005921757404675,0.34854821873598685,0.7917213008313218,4.0,2,1,2,3,0.11538461538461539,0.34615384615384615,26,0.8,0.575,1.0,4,0.5
U0000010,Synthetic_User_00010,2026-02-09 09:06:09+00:00,WEB,L2,0,2026-04-02 09:06:09+00:00,2026-03-26 09:06:09+00:00,513.0,4404.0,8,13,3,9518.40653,3803.332502,1148.283293,0.12063818553881413,0.39957659824811037,0.724057847448322,1.7353373164889017,6.0,2,1,1,2,0.11904761904761904,0.2857142857142857,42,0.8,0.425,1.0,4,1.0
U0000011,Synthetic_User_00011,2026-03-11 04:46:37+00:00,ANDROID,L2,0,2026-05-02 04:46:37+00:00,2026-04-25 04:46:37+00:00,504.0,71.0,11,29,6,1338.579457,1358.637261,327.590446,0.24472992192349174,1.0149843955060787,0.47743418159133005,1.0225909544956369,11.0,2,2,1,2,0.13157894736842105,0.35526315789473684,76,0.9,0.43636363636363634,1.0,6,2.0
U0000012,Synthetic_User_00012,2026-01-20 08:26:05+00:00,ANDROID,L1,0,2026-03-13 08:26:05+00:00,2026-03-06 08:26:05+00:00,269.0,705.0,4,9,3,2465.325039,2695.8455679999997,3193.709968,1.2954518846307796,1.0935051262423008,0.10914523844425843,0.2615423125901475,4.0,2,2,1,1,0.1111111111111111,0.2222222222222222,36,1.0,0.45,0.75,5,2.0
U0000013,Synthetic_User_00013,2026-03-23 21:49:47+00:00,IOS,L2,0,2026-05-14 21:49:47+00:00,2026-05-07 21:49:47+00:00,608.0,1846.0,4,10,3,4491.969369,4606.674899000001,4398.119693000001,0.9791072315301891,1.0255356883757059,0.01895656548786893,0.0463567133431326,2.0,1,2,1,3,0.11764705882352941,0.17647058823529413,34,0.4,0.35,1.0,5,2.0
U0000014,Synthetic_User_00014,2026-03-27 06:26:56+00:00,WEB,L2,0,2026-05-18 06:26:56+00:00,2026-05-11 06:26:56+00:00,97.0,1758.0,8,21,8,4545.361907,4378.304583,3643.470425,0.8015798300656634,0.9632466396696099,0.09352060064054672,0.2152976023337931,7.0,3,1,1,1,0.10256410256410256,0.2948717948717949,78,1.0,0.3625,1.0,5,1.0
U0000015,Synthetic_User_00015,2026-03-14 22:24:23+00:00,ANDROID,L2,0,2026-05-05 22:24:23+00:00,2026-04-28 22:24:23+00:00,639.0,3002.0,3,15,1,3272.6819189999997,1435.3290240000001,87.194205,0.026643042971509753,0.43857883519537977,0.8167984464285685,1.9929206044470993,2.0,1,1,2,3,0.3,0.15,40,0.8,0.7333333333333334,1.0,5,0.5
U0000016,Synthetic_User_00016,2026-02-08 20:54:47+00:00,WEB,L2,0,2026-04-01 20:54:47+00:00,2026-03-25 20:54:47+00:00,644.0,3015.0,11,17,5,4674.762829,6604.502655,3044.298671,0.6512199190330303,1.4127995144542551,0.3047756662684515,0.7456671982211679,11.0,1,2,1,3,0.06153846153846154,0.2923076923076923,65,0.9,0.4272727272727273,1.0,6,2.0
U0000017,Synthetic_User_00017,2026-03-11 13:31:54+00:00,WEB,L2,1,2026-05-02 13:31:54+00:00,2026-04-25 13:31:54+00:00,145.0,552.0,9,21,8,4808.53669,6940.5768530000005,6078.485933,1.2641030577225356,1.4433864812623485,0.14736046681710216,0.35877631745152416,9.0,2,2,2,2,0.08433734939759036,0.14457831325301204,83,0.9,0.4555555555555555,1.0,6,1.0
U0000018,Synthetic_User_00018,2026-01-24 16:50:47+00:00,ANDROID,L2,0,2026-03-17 16:50:47+00:00,2026-03-10 16:50:47+00:00,148.0,1897.0,2,10,4,4649.026664999999,4002.691176,4981.304126,1.071472479067831,0.8609740198166835,0.08941164003598256,0.21534762117353526,0.0,2,3,1,2,0.15625,0.25,32,0.9,0.9,0.5,3,3.0
U0000019,Synthetic_User_00019,2026-04-06 14:28:21+00:00,ANDROID,L2,0,2026-05-28 14:28:21+00:00,2026-05-21 14:28:21+00:00,272.0,1561.0,6,15,3,4621.648829,2839.117719,3722.053524,0.8053518693685241,0.614308404650967,0.19522603446877965,0.4781972074637526,5.0,1,2,2,1,0.12962962962962962,0.2962962962962963,54,0.9,0.39999999999999997,1.0,5,1.0
U0000020,Synthetic_User_00020,2026-01-02 02:50:32+00:00,H5,L2,0,2026-02-23 02:50:32+00:00,2026-02-16 02:50:32+00:00,262.0,1272.0,7,17,7,4673.876815,4868.960765,4101.445275,0.8775253258359571,1.0417392151572997,0.07161583315375039,0.16875540433084926,6.0,1,2,1,2,0.1,0.25,60,0.9,0.4714285714285714,0.8571428571428571,5,2.0
U0000021,Synthetic_User_00021,2026-01-24 16:51:58+00:00,IOS,L2,0,2026-03-17 16:51:58+00:00,2026-03-10 16:51:58+00:00,248.0,4496.0,4,16,3,2080.849478,2309.584073,1100.005053,0.5286326880583719,1.1099236621477528,0.28667907698119544,0.6609193402793581,4.0,2,1,2,2,0.12,0.24,50,1.0,0.5,1.0,4,0.5
U0000022,Synthetic_User_00022,2026-04-30 20:53:30+00:00,IOS,L1,0,2026-06-21 20:53:30+00:00,2026-06-14 20:53:30+00:00,102.0,1458.0,10,17,3,21399.119333000002,2819.691131,4103.28535,0.19175019710611377,0.13176669035401373,0.8974020402913855,1.9680141248038505,2.0,2,2,1,1,0.12857142857142856,0.2571428571428571,70,1.0,0.54,0.9,6,2.0
U0000023,Synthetic_User_00023,2026-03-08 07:47:01+00:00,ANDROID,L2,0,2026-04-29 07:47:01+00:00,2026-04-22 07:47:01+00:00,171.0,2087.0,11,19,12,3325.50187,3701.012897,1690.544914,0.5083578299115495,1.1129186034708198,0.30037773490162045,0.6919080710375601,11.0,3,3,1,3,0.09803921568627451,0.22549019607843138,102,1.0,0.4818181818181818,1.0,5,3.0
U0000024,Synthetic_User_00024,2026-04-20 02:27:04+00:00,WEB,L2,0,2026-06-11 02:27:04+00:00,2026-06-04 02:27:04+00:00,236.0,4843.0,5,8,7,6032.185495,3205.351914,502.369599,0.08328152365612888,0.5313748916801173,0.6954049816240728,1.7032449770181626,2.0,1,2,1,1,0.10869565217391304,0.34782608695652173,46,0.7,0.39999999999999997,0.8,4,2.0
U0000025,Synthetic_User_00025,2026-04-21 04:13:51+00:00,ANDROID,L2,0,2026-06-12 04:13:51+00:00,2026-06-05 04:13:51+00:00,349.0,4695.0,8,13,3,6168.5592719999995,6291.6889,834.5983309999999,0.13529874549286813,1.0199608405416325,0.5740506840658212,1.2313998287461088,5.0,2,2,1,3,0.10526315789473684,0.24561403508771928,57,0.8,0.35,1.0,5,2.0
U0000026,Synthetic_User_00026,2026-04-28 09:45:58+00:00,WEB,L2,0,2026-06-19 09:45:58+00:00,2026-06-12 09:45:58+00:00,331.0,2923.0,7,18,2,5039.450667,2668.497148,2661.739663,0.5281805178548442,0.5295214348409455,0.32381140630412975,0.6878831234917571,6.0,1,2,2,3,0.16326530612244897,0.1836734693877551,49,0.7,0.3142857142857142,0.8571428571428571,5,1.0
U0000027,Synthetic_User_00027,2026-04-10 16:42:00+00:00,ANDROID,L2,0,2026-06-01 16:42:00+00:00,2026-05-25 16:42:00+00:00,92.0,3110.0,4,9,4,954.8043829999999,730.850876,265.835504,0.27841881408707364,0.7654456651148406,0.44112723722463254,1.059142413681002,4.0,1,1,2,1,0.11764705882352941,0.2647058823529412,34,0.7,0.32499999999999996,0.75,3,0.5
U0000028,Synthetic_User_00028,2026-04-20 11:32:14+00:00,ANDROID,L2,0,2026-06-11 11:32:14+00:00,2026-06-04 11:32:14+00:00,618.0,4578.0,8,11,4,13525.070182,8649.220719,2233.87586,0.1651655651275644,0.6394954408821419,0.5683184813507721,1.3877970966719255,5.0,3,3,2,2,0.12,0.24,50,0.8,0.4375,1.0,4,1.5
U0000029,Synthetic_User_00029,2026-04-29 18:09:17+00:00,ANDROID,L2,0,2026-06-20 18:09:17+00:00,2026-06-13 18:09:17+00:00,482.0,854.0,4,7,2,2225.498739,3218.4554,2363.924082,1.062199695094952,1.4461726459778506,0.16871756301254773,0.3815210609955541,4.0,2,2,1,1,0.045454545454545456,0.2727272727272727,22,0.4,0.25,1.0,4,2.0
U0000030,Synthetic_User_00030,2026-01-18 15:50:30+00:00,ANDROID,L2,0,2026-03-11 15:50:30+00:00,2026-03-04 15:50:30+00:00,142.0,996.0,4,6,4,2409.127658,3196.526626,787.2698340000001,0.32678626696501945,1.3268398689398135,0.4706989141016578,1.1305891079872816,3.0,1,2,2,1,0.09375,0.25,32,0.8,0.575,1.0,3,1.0
U0000031,Synthetic_User_00031,2026-01-07 00:31:46+00:00,IOS,L2,0,2026-02-28 00:31:46+00:00,2026-02-21 00:31:46+00:00,179.0,1719.0,4,6,1,1554.016946,1781.383985,413.696819,0.2662112662701942,1.1463092404399045,0.47882413146612735,1.0944130485794883,4.0,1,1,1,3,0.09090909090909091,0.2727272727272727,22,0.6,0.25,1.0,4,1.0
U0000032,Synthetic_User_00032,2026-03-09 11:41:56+00:00,WEB,L2,0,2026-04-30 11:41:56+00:00,2026-04-23 11:41:56+00:00,486.0,793.0,3,10,4,7702.779266,12639.486314,10242.779601999999,1.3297511519266219,1.6408994568740378,0.197712821707785,0.48422753851990696,0.0,1,1,1,3,0.14705882352941177,0.14705882352941177,34,0.8,0.43333333333333335,1.0,4,1.0
U0000033,Synthetic_User_00033,2026-02-12 00:45:23+00:00,ANDROID,L2,0,2026-04-05 00:45:23+00:00,2026-03-29 00:45:23+00:00,220.0,4302.0,2,3,2,9083.319593,16788.562293,7890.497247,0.8686799100497091,1.848284883198208,0.3504153505435107,0.7906491137026708,0.0,1,1,1,3,0.047619047619047616,0.47619047619047616,21,1.0,0.85,1.0,3,1.0
U0000034,Synthetic_User_00034,2026-03-26 00:37:33+00:00,IOS,L2,0,2026-05-17 00:37:33+00:00,2026-05-10 00:37:33+00:00,504.0,3202.0,1,8,5,6591.775162,5565.887766,2882.288654,0.4372553042488011,0.8443685698028667,0.3119660802040019,0.7399265525108922,0.0,2,1,1,2,0.20833333333333334,0.2916666666666667,24,0.1,0.1,1.0,4,1.0
U0000035,Synthetic_User_00035,2026-01-11 14:26:53+00:00,ANDROID,L2,0,2026-03-04 14:26:53+00:00,2026-02-25 14:26:53+00:00,412.0,3756.0,5,25,6,5952.448182,5772.726798,6609.027835,1.1103041358655543,0.9698071485034558,0.058815222049804376,0.13684277065743808,3.0,1,2,2,2,0.20833333333333334,0.2361111111111111,72,0.9,0.48,1.0,6,1.0
U0000036,Synthetic_User_00036,2026-02-19 16:14:31+00:00,IOS,L2,0,2026-04-12 16:14:31+00:00,2026-04-05 16:14:31+00:00,544.0,1626.0,3,8,6,6543.4928469999995,3858.362778,4164.323747,0.6364068616517585,0.5896488111496824,0.24718581387737865,0.5530201160700081,0.0,2,2,1,3,0.0625,0.25,32,0.7,0.5,1.0,3,2.0
U0000037,Synthetic_User_00037,2026-02-08 08:47:48+00:00,H5,L2,0,2026-04-01 08:47:48+00:00,2026-03-25 08:47:48+00:00,601.0,4335.0,5,26,4,10156.261838,14364.449776,8689.5691,0.8555873448917672,1.4143441755562978,0.2172688606701408,0.5126316809729089,0.0,2,1,1,3,0.17142857142857143,0.2571428571428571,70,1.0,0.66,1.0,6,1.0
U0000038,Synthetic_User_00038,2026-03-26 14:59:34+00:00,WEB,L2,0,2026-05-17 14:59:34+00:00,2026-05-10 14:59:34+00:00,66.0,4066.0,8,13,3,3068.449687,2876.724196,2015.1809440000002,0.6567423779303442,0.9375171469122414,0.17262888883015726,0.39694288730478966,7.0,2,1,2,1,0.14285714285714285,0.24489795918367346,49,1.0,0.45,1.0,5,0.5
U0000039,Synthetic_User_00039,2026-01-27 22:33:55+00:00,ANDROID,L1,0,2026-03-20 22:33:55+00:00,2026-03-13 22:33:55+00:00,445.0,4783.0,4,10,2,3198.372821,2640.630292,3494.481702,1.0925811021954028,0.8256167869680631,0.1137826280801796,0.2744477845920191,3.0,2,1,1,2,0.06896551724137931,0.1724137931034483,29,1.0,0.825,1.0,4,1.0
U0000040,Synthetic_User_00040,2026-03-23 02:38:46+00:00,WEB,L2,0,2026-05-14 02:38:46+00:00,2026-05-07 02:38:46+00:00,454.0,377.0,3,9,5,6237.55914,1703.328229,3030.783389,0.4858925295897074,0.2730760848545638,0.5204367899258938,1.2398013969824595,0.0,2,1,1,2,0.09090909090909091,0.24242424242424243,33,0.9,0.43333333333333335,1.0,4,1.0
U0000041,Synthetic_User_00041,2026-04-11 14:29:55+00:00,ANDROID,L1,0,2026-06-02 14:29:55+00:00,2026-05-26 14:29:55+00:00,611.0,2830.0,3,9,4,1175.159518,1166.19045,827.572535,0.7042214459603263,0.9923677867875637,0.15315756761240915,0.3290585200530541,3.0,2,3,1,1,0.05555555555555555,0.25,36,0.2,0.06666666666666667,1.0,5,3.0
U0000042,Synthetic_User_00042,2026-03-31 04:10:27+00:00,ANDROID,L2,0,2026-05-22 04:10:27+00:00,2026-05-15 04:10:27+00:00,581.0,4870.0,6,10,3,3738.030531,5401.571841999999,1346.6990489999998,0.3602696761922194,1.4450314937783475,0.47612380330285625,1.1600485137189487,4.0,2,2,1,1,0.14285714285714285,0.2857142857142857,35,0.9,0.45,0.8333333333333334,4,2.0
U0000043,Synthetic_User_00043,2026-03-25 14:26:22+00:00,ANDROID,L2,0,2026-05-16 14:26:22+00:00,2026-05-09 14:26:22+00:00,325.0,495.0,4,11,5,1204.5681240000001,832.626736,994.894351,0.8259344832206434,0.6912242814753414,0.15064365496471502,0.3680050573551545,4.0,1,2,1,3,0.125,0.225,40,0.9,0.425,1.0,5,2.0
U0000044,Synthetic_User_00044,2026-02-06 11:33:11+00:00,IOS,L2,0,2026-03-30 11:33:11+00:00,2026-03-23 11:33:11+00:00,607.0,4416.0,7,13,6,868.580216,779.119884,420.51056400000004,0.48413555392332364,0.8970039492587292,0.28083975897958724,0.6499381225509432,7.0,3,2,1,3,0.16,0.16,50,1.0,0.4714285714285714,0.8571428571428571,5,2.0
U0000045,Synthetic_User_00045,2026-04-08 11:33:49+00:00,ANDROID,L2,0,2026-05-30 11:33:49+00:00,2026-05-23 11:33:49+00:00,126.0,4061.0,5,8,2,2723.5796840000003,718.912385,432.324472,0.15873391718250163,0.2639586384137531,0.789169540344149,1.7739589896109098,5.0,1,2,1,3,0.10526315789473684,0.18421052631578946,38,0.9,0.5,1.0,4,2.0
U0000046,Synthetic_User_00046,2026-04-24 15:13:57+00:00,WEB,L2,0,2026-06-15 15:13:57+00:00,2026-06-08 15:13:57+00:00,411.0,3838.0,5,13,3,3703.377086,1222.943763,1059.454698,0.2860779967573629,0.33022393739571787,0.6062697870274723,1.3251026707767732,4.0,2,2,2,1,0.16666666666666666,0.25,48,0.6,0.36,1.0,5,1.0
U0000047,Synthetic_User_00047,2026-04-04 18:53:44+00:00,IOS,L1,0,2026-05-26 18:53:44+00:00,2026-05-19 18:53:44+00:00,279.0,4856.0,6,16,6,4010.022215,3076.205948,1154.444131,0.287889709608504,0.7671294030474591,0.4327853027558695,1.0395673977033892,6.0,1,2,2,3,0.11290322580645161,0.22580645161290322,62,1.0,0.48333333333333334,0.6666666666666666,6,1.0
U0000048,Synthetic_User_00048,2026-02-28 20:34:59+00:00,ANDROID,L2,0,2026-04-21 20:34:59+00:00,2026-04-14 20:34:59+00:00,354.0,4213.0,6,25,5,3029.79354,3109.697309,1570.271989,0.5182768951972879,1.0263726778557987,0.27534343228654284,0.5990166049255587,6.0,1,1,1,3,0.19736842105263158,0.2894736842105263,76,0.9,0.5166666666666667,0.8333333333333334,5,1.0
U0000049,Synthetic_User_00049,2026-03-21 02:55:36+00:00,WEB,L2,0,2026-05-12 02:55:36+00:00,2026-05-05 02:55:36+00:00,505.0,4701.0,5,16,9,1597.478685,2498.920349,2752.454899,1.7229994521022356,1.564290260937034,0.21710080316014818,0.5059136427636234,5.0,3,1,2,2,0.16071428571428573,0.23214285714285715,56,1.0,0.45999999999999996,1.0,6,0.5
U0000050,Synthetic_User_00050,2026-01-07 13:40:39+00:00,ANDROID,L2,1,2026-02-28 13:40:39+00:00,2026-02-21 13:40:39+00:00,359.0,420.0,12,21,6,4912.519894999999,4219.545618,4465.855186,0.9090762544382531,0.8589371052307974,0.06327877961611701,0.15288534747469765,12.0,2,2,1,3,0.09210526315789473,0.15789473684210525,76,0.9,0.35833333333333334,0.9166666666666666,5,2.0
U0000051,Synthetic_User_00051,2026-01-26 06:40:49+00:00,IOS,L2,0,2026-03-19 06:40:49+00:00,2026-03-12 06:40:49+00:00,234.0,305.0,5,13,3,11146.866687,7350.381805,1060.0742989999999,0.09510065283514231,0.659412372229441,0.6380713917831745,1.547265824028092,0.0,2,2,1,2,0.12244897959183673,0.3877551020408163,49,0.6,0.31999999999999995,1.0,5,2.0
U0000052,Synthetic_User_00052,2026-01-17 04:40:57+00:00,H5,L2,0,2026-03-10 04:40:57+00:00,2026-03-03 04:40:57+00:00,143.0,3219.0,7,18,6,17566.193876,22600.753613,13597.619779,0.774078885556301,1.2866050421929203,0.20556801506207725,0.502364342809017,1.0,3,1,2,1,0.10344827586206896,0.3275862068965517,58,0.6,0.34285714285714286,1.0,5,0.5
U0000053,Synthetic_User_00053,2026-03-02 16:30:37+00:00,ANDROID,L2,0,2026-04-23 16:30:37+00:00,2026-04-16 16:30:37+00:00,644.0,1722.0,4,9,2,17840.192193,34862.706427,1983.3862100000001,0.11117515935608734,1.9541665274592257,0.7365139968499309,1.8037056449826492,0.0,1,1,1,3,0.0967741935483871,0.2903225806451613,31,0.8,0.325,1.0,3,1.0
U0000054,Synthetic_User_00054,2026-03-28 18:35:14+00:00,WEB,L2,0,2026-05-19 18:35:14+00:00,2026-05-12 18:35:14+00:00,279.0,1345.0,6,7,4,5594.716612,4782.422373,3172.595779,0.5670699695843683,0.8548104765024692,0.22285366665957052,0.536273412399617,3.0,2,2,1,3,0.08823529411764706,0.2647058823529412,34,0.8,0.2833333333333334,1.0,3,2.0
U0000055,Synthetic_User_00055,2026-02-26 16:20:18+00:00,WEB,L2,0,2026-04-19 16:20:18+00:00,2026-04-12 16:20:18+00:00,98.0,893.0,9,25,8,4947.128094,5034.268074,6075.776678,1.228142179170346,1.0176142558559753,0.09579766311841191,0.21086811386248944,8.0,2,3,1,1,0.16279069767441862,0.27906976744186046,86,1.0,0.4,1.0,5,3.0
U0000056,Synthetic_User_00056,2026-04-18 23:22:49+00:00,IOS,L2,0,2026-06-09 23:22:49+00:00,2026-06-02 23:22:49+00:00,479.0,1500.0,2,6,3,12582.616796,12038.11925,17081.983248,1.3575859079989103,0.9567262076857418,0.1626022074971628,0.36284425212955046,0.0,1,1,2,3,0.043478260869565216,0.34782608695652173,23,0.6,0.3,1.0,5,0.5
U0000057,Synthetic_User_00057,2026-01-14 08:09:58+00:00,ANDROID,L2,0,2026-03-07 08:09:58+00:00,2026-02-28 08:09:58+00:00,492.0,3302.0,8,22,5,1276.950997,1695.795493,696.9811119999999,0.5458166473399918,1.3280035780417658,0.3347896914826984,0.8165301264777637,8.0,2,2,1,2,0.17142857142857143,0.2571428571428571,70,0.9,0.525,0.75,6,2.0
U0000058,Synthetic_User_00058,2026-03-03 08:09:42+00:00,ANDROID,L2,0,2026-04-24 08:09:42+00:00,2026-04-17 08:09:42+00:00,537.0,1950.0,1,8,4,6222.738755,6770.776376,5428.394402,0.8723481116153654,1.0880701637297,0.08974502846709462,0.2186063238876508,0.0,3,3,1,3,0.14814814814814814,0.1111111111111111,27,0.5,0.5,1.0,6,3.0
U0000059,Synthetic_User_00059,2026-01-18 06:24:09+00:00,IOS,L2,0,2026-03-11 06:24:09+00:00,2026-03-04 06:24:09+00:00,303.0,1048.0,12,36,12,7614.730614,5110.806434,2512.132684,0.3299043408549922,0.6711736360841931,0.4101506253890679,1.0046020198123033,10.0,2,2,1,3,0.14285714285714285,0.23015873015873015,126,1.0,0.5166666666666667,0.9166666666666666,6,2.0
U0000060,Synthetic_User_00060,2026-03-15 22:28:04+00:00,WEB,L2,0,2026-05-06 22:28:04+00:00,2026-04-29 22:28:04+00:00,148.0,259.0,7,13,1,3502.722268,3761.165413,3166.117282,0.9039018910876436,1.073783510431607,0.07007425766530986,0.17115470216291595,7.0,1,1,1,3,0.11320754716981132,0.32075471698113206,53,0.8,0.4571428571428572,1.0,6,1.0
U0000061,Synthetic_User_00061,2026-03-17 19:30:27+00:00,IOS,L2,0,2026-05-08 19:30:27+00:00,2026-05-01 19:30:27+00:00,404.0,3575.0,10,31,16,550.752406,705.894309,313.40279,0.5690447950580537,1.2816908311427333,0.3084004200501359,0.7499601466388158,10.0,3,2,1,3,0.12962962962962962,0.1574074074074074,108,1.0,0.45,1.0,6,2.0
U0000062,Synthetic_User_00062,2026-04-19 02:03:02+00:00,WEB,L2,0,2026-06-10 02:03:02+00:00,2026-06-03 02:03:02+00:00,122.0,2734.0,5,19,6,685.521964,1841.986954,1235.957977,1.8029443867680366,2.6869845909123926,0.3764932729587003,0.9218614290481223,5.0,2,3,1,3,0.15,0.2833333333333333,60,1.0,0.5,1.0,5,3.0
U0000063,Synthetic_User_00063,2026-01-10 16:47:05+00:00,ANDROID,L1,0,2026-03-03 16:47:05+00:00,2026-02-24 16:47:05+00:00,188.0,2961.0,7,26,6,7554.982504,11533.29838,7953.4648609999995,1.0527443123513551,1.5265817457411284,0.1984581821167329,0.44135270483440464,3.0,1,1,1,2,0.1875,0.2125,80,1.0,0.35714285714285715,1.0,6,1.0
U0000064,Synthetic_User_00064,2026-01-19 00:40:25+00:00,IOS,L2,1,2026-03-12 00:40:25+00:00,2026-03-05 00:40:25+00:00,140.0,1252.0,18,32,11,13246.711878,10246.019186,11866.668861,0.8958199567024658,0.7734764128912988,0.10404642041223527,0.254587976467194,13.0,1,2,1,1,0.09278350515463918,0.26804123711340205,97,1.0,0.5888888888888889,0.8888888888888888,6,2.0
U0000065,Synthetic_User_00065,2026-04-17 03:15:10+00:00,ANDROID,L1,0,2026-06-08 03:15:10+00:00,2026-06-01 03:15:10+00:00,260.0,3590.0,10,22,3,13797.662392,11857.116518,5677.562068,0.41148724375890644,0.859356909970116,0.3315087658794789,0.7774810375357711,5.0,2,1,1,1,0.125,0.2777777777777778,72,0.8,0.44000000000000006,0.9,6,1.0
U0000066,Synthetic_User_00066,2026-03-03 16:51:36+00:00,IOS,L1,0,2026-04-24 16:51:36+00:00,2026-04-17 16:51:36+00:00,156.0,1210.0,7,21,5,4956.817707,4900.920615,4051.609159,0.8173811099162134,0.9887231898964002,0.08932988436494618,0.19523745795476832,5.0,1,1,2,2,0.19047619047619047,0.20634920634920634,63,0.7,0.37142857142857144,0.8571428571428571,5,0.5
U0000067,Synthetic_User_00067,2026-01-11 09:23:22+00:00,ANDROID,L2,0,2026-03-04 09:23:22+00:00,2026-02-25 09:23:22+00:00,240.0,2689.0,3,4,3,6516.229473,5867.0812399999995,1517.057559,0.23281217539774018,0.9003797770336747,0.4790171501229135,1.0789293814761747,0.0,1,2,1,1,0.1111111111111111,0.2777777777777778,18,0.8,0.5666666666666667,1.0,3,2.0
U0000068,Synthetic_User_00068,2026-04-18 18:39:02+00:00,WEB,L2,0,2026-06-09 18:39:02+00:00,2026-06-02 18:39:02+00:00,484.0,1082.0,3,6,4,3394.284229,3083.57771,512.985544,0.15113217084685102,0.9084618440773482,0.5541252262333434,1.2364589666731824,1.0,2,1,1,1,0.12121212121212122,0.15151515151515152,33,1.0,0.8666666666666667,1.0,4,1.0
U0000069,Synthetic_User_00069,2026-04-16 19:05:28+00:00,IOS,L2,0,2026-06-07 19:05:28+00:00,2026-05-31 19:05:28+00:00,407.0,3226.0,17,47,12,7990.5582939999995,2584.091973,607.57197,0.07603623522228946,0.3233931695286372,0.8372120002015457,1.9807296351804748,16.0,1,3,1,3,0.17142857142857143,0.2714285714285714,140,1.0,0.5882352941176471,0.8823529411764706,6,3.0
U0000070,Synthetic_User_00070,2026-03-21 14:24:33+00:00,IOS,L2,0,2026-05-12 14:24:33+00:00,2026-05-05 14:24:33+00:00,92.0,1363.0,4,11,3,1996.331631,1449.959098,1180.715312,0.5914424706122386,0.7263117387333528,0.2200043090268392,0.5288190539019008,4.0,1,1,2,1,0.1320754716981132,0.2641509433962264,53,1.0,0.75,1.0,5,0.5
U0000071,Synthetic_User_00071,2026-03-11 13:42:54+00:00,IOS,L2,0,2026-05-02 13:42:54+00:00,2026-04-25 13:42:54+00:00,14.0,3442.0,12,27,11,4523.569065,4659.420062,2730.1337439999998,0.6035353290223281,1.0300318167022393,0.22140414013883522,0.4858389371681317,12.0,2,2,1,3,0.13043478260869565,0.22826086956521738,92,0.9,0.44999999999999996,0.9166666666666666,4,2.0
U0000072,Synthetic_User_00072,2026-03-09 02:11:29+00:00,ANDROID,L2,0,2026-04-30 02:11:29+00:00,2026-04-23 02:11:29+00:00,264.0,3610.0,3,9,1,1752.14616,770.177902,221.155847,0.12621997642023197,0.43956258877398674,0.692514467264456,1.6741405409723376,3.0,1,1,1,3,0.16666666666666666,0.26666666666666666,30,0.7,0.39999999999999997,1.0,4,1.0
U0000073,Synthetic_User_00073,2026-03-25 21:35:10+00:00,IOS,L2,0,2026-05-16 21:35:10+00:00,2026-05-09 21:35:10+00:00,349.0,4941.0,3,6,1,4911.374637,3847.639481,4661.224092,0.9490671016795416,0.7834139656164048,0.10151541670829749,0.23779052339190926,0.0,1,1,1,1,0.08695652173913043,0.2608695652173913,23,0.9,0.6,1.0,3,1.0
U0000074,Synthetic_User_00074,2026-02-12 16:22:23+00:00,IOS,L2,0,2026-04-05 16:22:23+00:00,2026-03-29 16:22:23+00:00,41.0,3022.0,4,26,9,2412.886112,566.31619,1533.394792,0.6355023489811524,0.2347048984962619,0.5013576139431128,1.2276100991523617,3.0,3,2,2,3,0.21333333333333335,0.24,75,0.9,0.475,1.0,6,1.0
U0000075,Synthetic_User_00075,2026-04-13 19:31:24+00:00,ANDROID,L2,0,2026-06-04 19:31:24+00:00,2026-05-28 19:31:24+00:00,487.0,3628.0,6,13,2,2119.648432,549.034566,783.400265,0.36958971741404334,0.25902152343346724,0.6012042227375614,1.3649269843813727,6.0,1,1,2,3,0.2564102564102564,0.3076923076923077,39,0.9,0.4666666666666666,1.0,5,0.5
U0000076,Synthetic_User_00076,2026-01-25 02:59:45+00:00,IOS,L2,0,2026-03-18 02:59:45+00:00,2026-03-11 02:59:45+00:00,506.0,1869.0,9,28,7,12343.389356,7467.706735,3836.0338930000003,0.3107763825934359,0.604996449485734,0.4421849910875823,1.079288116835684,5.0,2,1,1,1,0.16483516483516483,0.25274725274725274,91,0.8,0.4,0.8888888888888888,6,1.0
U0000077,Synthetic_User_00077,2026-03-18 21:05:34+00:00,IOS,L1,0,2026-05-09 21:05:34+00:00,2026-05-02 21:05:34+00:00,230.0,2040.0,6,6,1,10404.340079,6219.107506,6433.281797,0.6183267509666338,0.597741659613047,0.25039677148239226,0.5445567543852087,2.0,1,1,2,2,0.07692307692307693,0.3076923076923077,26,0.5,0.25,1.0,3,0.5
U0000078,Synthetic_User_00078,2026-03-29 07:43:39+00:00,ANDROID,L2,0,2026-05-20 07:43:39+00:00,2026-05-13 07:43:39+00:00,556.0,1829.0,9,19,3,6460.164858,2110.129667,1323.896405,0.204932294159729,0.3266371235692079,0.6849063024846522,1.5573588045768592,7.0,1,1,2,2,0.18333333333333332,0.25,60,1.0,0.4888888888888888,1.0,5,0.5
U0000079,Synthetic_User_00079,2026-01-14 21:15:57+00:00,WEB,L2,0,2026-03-07 21:15:57+00:00,2026-02-28 21:15:57+00:00,604.0,656.0,4,11,5,14788.536452999999,12788.391355,4826.660097,0.32637848324881835,0.8647503014002275,0.398365606586689,0.9222938260916633,0.0,3,2,1,2,0.18421052631578946,0.21052631578947367,38,1.0,0.675,1.0,4,2.0
U0000080,Synthetic_User_00080,2026-03-03 20:10:27+00:00,H5,L2,0,2026-04-24 20:10:27+00:00,2026-04-17 20:10:27+00:00,145.0,2523.0,4,16,2,4709.39632,5756.15266,3015.9163399999998,0.6404040210402169,1.2222697494272472,0.2512414756804395,0.6097785934147996,2.0,1,1,1,3,0.19607843137254902,0.21568627450980393,51,0.7,0.525,1.0,6,1.0
U0000081,Synthetic_User_00081,2026-03-29 13:15:33+00:00,H5,L1,0,2026-05-20 13:15:33+00:00,2026-05-13 13:15:33+00:00,611.0,4284.0,10,13,6,5153.914675,4507.570813,3127.4802099999997,0.606816450642928,0.8745916642479147,0.19825818497652511,0.4753553601250734,10.0,1,3,1,1,0.1276595744680851,0.2127659574468085,47,1.0,0.5700000000000001,0.9,4,3.0
U0000082,Synthetic_User_00082,2026-04-22 04:30:41+00:00,WEB,L2,0,2026-06-13 04:30:41+00:00,2026-06-06 04:30:41+00:00,447.0,3722.0,3,10,3,3808.687738,4102.377005,1152.020888,0.3024718662299534,1.0771103559028499,0.43925953348259855,0.9766065015125972,0.0,2,1,1,3,0.12195121951219512,0.2926829268292683,41,0.9,0.5333333333333333,1.0,4,1.0
U0000083,Synthetic_User_00083,2026-01-22 16:24:34+00:00,WEB,L2,0,2026-03-15 16:24:34+00:00,2026-03-08 16:24:34+00:00,578.0,751.0,6,8,2,8530.827238,9184.015927,2424.579788,0.2842139127141001,1.0765680362263597,0.4534647447666467,1.0068961987800806,2.0,2,2,1,1,0.06666666666666667,0.26666666666666666,30,1.0,0.7000000000000001,1.0,4,2.0
U0000084,Synthetic_User_00084,2026-02-13 13:19:25+00:00,ANDROID,L2,0,2026-04-06 13:19:25+00:00,2026-03-30 13:19:25+00:00,44.0,4073.0,7,16,4,6540.207189,8068.802531,6561.662192,1.0032804775720385,1.2337227702160494,0.10140207735086755,0.2166103204027586,3.0,1,1,1,3,0.21153846153846154,0.2692307692307692,52,0.7,0.37142857142857144,0.8571428571428571,6,1.0
U0000085,Synthetic_User_00085,2026-02-13 20:29:34+00:00,WEB,L2,0,2026-04-06 20:29:34+00:00,2026-03-30 20:29:34+00:00,535.0,2090.0,4,10,4,9699.803531000001,7052.36731,4475.749007,0.4614267693872118,0.7270629026104548,0.3014110657784582,0.7382807022175829,0.0,1,1,2,1,0.14634146341463414,0.17073170731707318,41,0.8,0.525,1.0,4,0.5
U0000086,Synthetic_User_00086,2026-02-17 17:29:57+00:00,IOS,L1,0,2026-04-10 17:29:57+00:00,2026-04-03 17:29:57+00:00,473.0,3552.0,4,10,4,3319.290724,2536.211352,1230.728252,0.37078049328468526,0.7640823184489458,0.36472012157384903,0.8842060060117198,2.0,2,1,2,2,0.07142857142857142,0.23809523809523808,42,0.8,0.675,1.0,5,0.5
U0000087,Synthetic_User_00087,2026-02-27 14:31:53+00:00,ANDROID,L1,0,2026-04-20 14:31:53+00:00,2026-04-13 14:31:53+00:00,419.0,2533.0,6,8,2,4016.477505,1677.693467,1686.135445,0.41980452844587757,0.4177026922001895,0.4473509267588437,0.9506857463042918,5.0,1,1,2,2,0.06818181818181818,0.29545454545454547,44,0.8,0.5833333333333334,0.8333333333333334,4,0.5
U0000088,Synthetic_User_00088,2026-04-10 15:18:18+00:00,ANDROID,L2,0,2026-06-01 15:18:18+00:00,2026-05-25 15:18:18+00:00,494.0,4310.0,3,10,2,17812.978035,18513.154251,9060.45379,0.5086434043873788,1.0393070835558351,0.28425950829140184,0.6248123913861743,0.0,2,1,2,3,0.12903225806451613,0.3548387096774194,31,0.1,0.06666666666666667,1.0,5,0.5
U0000089,Synthetic_User_00089,2026-04-05 04:33:28+00:00,ANDROID,L2,0,2026-05-27 04:33:28+00:00,2026-05-20 04:33:28+00:00,597.0,3420.0,5,25,3,2588.479616,3105.327668,1336.632818,0.5163775715048938,1.1996724443203033,0.3168613190841291,0.7547300699554412,5.0,2,1,1,1,0.1774193548387097,0.24193548387096775,62,1.0,0.5599999999999999,1.0,5,1.0
U0000090,Synthetic_User_00090,2026-01-05 07:06:47+00:00,WEB,L2,0,2026-02-26 07:06:47+00:00,2026-02-19 07:06:47+00:00,448.0,1587.0,16,34,6,1939.988259,2060.292332,687.304766,0.35428295135883087,1.0620127840680915,0.3973190889323511,0.878696041630288,16.0,1,1,2,2,0.12727272727272726,0.2545454545454545,110,1.0,0.4375,0.875,5,0.5
U0000091,Synthetic_User_00091,2026-02-06 22:39:44+00:00,ANDROID,L1,0,2026-03-30 22:39:44+00:00,2026-03-23 22:39:44+00:00,288.0,4833.0,4,7,5,9077.863274,3721.40059,1991.120559,0.21933802029193242,0.4099423485104145,0.6119026445765681,1.4374358053830552,2.0,1,2,2,3,0.09090909090909091,0.21212121212121213,33,0.9,0.575,1.0,4,1.0
U0000092,Synthetic_User_00092,2026-03-24 12:24:44+00:00,ANDROID,L2,0,2026-05-15 12:24:44+00:00,2026-05-08 12:24:44+00:00,625.0,4746.0,8,13,7,2513.169694,2156.4525830000002,323.946048,0.1288993929750929,0.8580608735448169,0.57617237926623,1.3152260088480918,8.0,1,3,1,1,0.09615384615384616,0.28846153846153844,52,0.9,0.4625,1.0,3,3.0
U0000093,Synthetic_User_00093,2026-03-21 13:53:59+00:00,IOS,L2,0,2026-05-12 13:53:59+00:00,2026-05-05 13:53:59+00:00,98.0,1953.0,3,7,7,14539.035955,10582.137205,6562.649884,0.45138136423296304,0.727843114065674,0.30833205220242205,0.7552484490198379,0.0,3,3,1,3,0.09090909090909091,0.21212121212121213,33,0.8,0.4000000000000001,1.0,3,3.0
U0000094,Synthetic_User_00094,2026-02-03 09:21:04+00:00,H5,L2,0,2026-03-27 09:21:04+00:00,2026-03-20 09:21:04+00:00,625.0,1708.0,7,25,7,1625.646869,1628.139198,707.37132,0.43513221320638484,1.001533130624816,0.32828881401274695,0.6973476093289095,7.0,1,3,2,2,0.15789473684210525,0.3026315789473684,76,1.0,0.42857142857142855,1.0,5,1.5
U0000095,Synthetic_User_00095,2026-04-28 03:42:20+00:00,WEB,L2,0,2026-06-19 03:42:20+00:00,2026-06-12 03:42:20+00:00,435.0,3422.0,9,9,7,2077.730992,2039.841871,511.646102,0.2462523319765738,0.981764183551246,0.47275337142562984,1.0149130351193056,9.0,2,1,2,1,0.13725490196078433,0.23529411764705882,51,0.7,0.35555555555555557,1.0,5,0.5
U0000096,Synthetic_User_00096,2026-01-15 07:37:22+00:00,WEB,L1,0,2026-03-08 07:37:22+00:00,2026-03-01 07:37:22+00:00,553.0,3782.0,9,12,4,6241.58521,3941.1138539999997,2243.04151,0.35937048594743126,0.6314283505551949,0.39560508076051526,0.9653856064804722,8.0,2,3,2,3,0.10204081632653061,0.16326530612244897,49,1.0,0.7111111111111111,0.7777777777777778,4,1.5
U0000097,Synthetic_User_00097,2026-04-19 09:10:59+00:00,ANDROID,L1,0,2026-06-10 09:10:59+00:00,2026-06-03 09:10:59+00:00,194.0,793.0,4,14,4,16539.348824,16513.798531,10701.15066,0.6470116069183884,0.9984551814420333,0.18828896913240795,0.40029426334289697,1.0,2,2,2,2,0.15384615384615385,0.1794871794871795,39,0.9,0.425,1.0,5,1.0
U0000098,Synthetic_User_00098,2026-03-05 10:39:07+00:00,ANDROID,L2,0,2026-04-26 10:39:07+00:00,2026-04-19 10:39:07+00:00,79.0,505.0,6,12,6,2240.107952,2546.46152,492.407418,0.21981414670680122,1.1367583949364954,0.5141724187133418,1.1673023834737797,6.0,2,2,1,3,0.16326530612244897,0.22448979591836735,49,0.9,0.6166666666666667,1.0,4,2.0
U0000099,Synthetic_User_00099,2026-02-28 06:30:12+00:00,IOS,L1,0,2026-04-21 06:30:12+00:00,2026-04-14 06:30:12+00:00,634.0,3353.0,8,19,3,2911.859434,1468.713716,252.889119,0.08684798312966917,0.5043903214731896,0.7036908122067066,1.7215875476895999,8.0,2,1,1,3,0.17857142857142858,0.2857142857142857,56,1.0,0.45,1.0,6,1.0
U0000100,Synthetic_User_00100,2026-04-03 09:31:10+00:00,ANDROID,L2,0,2026-05-25 09:31:10+00:00,2026-05-18 09:31:10+00:00,155.0,4139.0,25,51,14,3756.420909,1480.279781,190.464931,0.050703831017356316,0.3940665374994057,0.8149232528690527,1.9711703458257146,25.0,1,3,1,2,0.12195121951219512,0.25609756097560976,164,1.0,0.5760000000000001,1.0,5,3.0
U0000101,Synthetic_User_00101,2026-01-11 23:27:18+00:00,ANDROID,L2,0,2026-03-04 23:27:18+00:00,2026-02-25 23:27:18+00:00,245.0,947.0,11,23,8,3732.906575,2721.018729,2257.574532,0.6047765961032657,0.7289276263229277,0.212139545708921,0.5080636184724138,11.0,2,2,2,1,0.13414634146341464,0.18292682926829268,82,0.9,0.21818181818181817,1.0,5,1.0
U0000102,Synthetic_User_00102,2026-04-08 01:24:45+00:00,IOS,L2,0,2026-05-30 01:24:45+00:00,2026-05-23 01:24:45+00:00,463.0,4296.0,11,25,11,2352.828161,1460.598598,1241.868823,0.5278196017817894,0.6207842213938888,0.2851619488946159,0.6592844987871966,11.0,2,1,1,1,0.14285714285714285,0.1978021978021978,91,1.0,0.5727272727272728,0.8181818181818182,5,1.0
U0000103,Synthetic_User_00103,2026-01-19 07:24:21+00:00,WEB,L2,0,2026-03-12 07:24:21+00:00,2026-03-05 07:24:21+00:00,141.0,828.0,3,7,1,7518.88781,14395.395836,11388.724184,1.5146820210368321,1.914564520680087,0.25355233331918325,0.6194492756722267,0.0,1,1,1,1,0.14285714285714285,0.23809523809523808,21,0.8,0.5,1.0,3,1.0
U0000104,Synthetic_User_00104,2026-04-09 13:10:46+00:00,WEB,L2,0,2026-05-31 13:10:46+00:00,2026-05-24 13:10:46+00:00,477.0,3673.0,6,17,5,2990.972276,4043.999446,2617.904771,0.875268818773899,1.352068515796567,0.18767168376262994,0.4432133808095953,6.0,2,1,2,3,0.17647058823529413,0.19607843137254902,51,0.9,0.3833333333333333,1.0,6,0.5
U0000105,Synthetic_User_00105,2026-03-25 12:01:15+00:00,ANDROID,L2,0,2026-05-16 12:01:15+00:00,2026-05-09 12:01:15+00:00,193.0,3550.0,2,7,4,1996.184622,3137.377512,1274.295048,0.6383653265113671,1.571687046089267,0.35908772248680154,0.8722490581875769,1.0,2,1,2,1,0.2,0.12,25,0.5,0.25,1.0,4,0.5
U0000106,Synthetic_User_00106,2026-01-01 13:10:22+00:00,WEB,L2,1,2026-02-22 13:10:22+00:00,2026-02-15 13:10:22+00:00,399.0,330.0,9,18,11,12370.297727000001,11063.973167,11644.877876,0.94135793115014,0.8943982926822566,0.04570163295368028,0.1117180381341392,5.0,3,1,1,3,0.1323529411764706,0.29411764705882354,68,0.9,0.4222222222222222,1.0,5,1.0
U0000107,Synthetic_User_00107,2026-01-23 11:06:00+00:00,WEB,L2,0,2026-03-16 11:06:00+00:00,2026-03-09 11:06:00+00:00,553.0,4733.0,6,16,2,7751.819878,10764.082521,7365.300036000001,0.950138180700385,1.3885878013689317,0.1761101791833923,0.3939673004222997,3.0,1,1,2,3,0.16216216216216217,0.2702702702702703,37,0.9,0.48333333333333334,1.0,5,0.5
U0000108,Synthetic_User_00108,2026-03-18 22:22:43+00:00,IOS,L1,0,2026-05-09 22:22:43+00:00,2026-05-02 22:22:43+00:00,538.0,421.0,8,20,5,4748.460017,5386.233501,4334.722282,0.912869070494692,1.1343116466636975,0.08967465659566913,0.2180138922402106,7.0,1,1,1,3,0.16417910447761194,0.26865671641791045,67,0.8,0.3625,0.875,5,1.0
U0000109,Synthetic_User_00109,2026-03-16 08:51:03+00:00,WEB,L1,0,2026-05-07 08:51:03+00:00,2026-04-30 08:51:03+00:00,347.0,3988.0,5,14,3,545.426428,1193.526702,515.196232,0.9445751169211771,2.188245088116632,0.41641368725487254,0.9027757629132649,5.0,2,3,2,3,0.11764705882352941,0.2549019607843137,51,0.9,0.3,1.0,5,1.5
U0000110,Synthetic_User_00110,2026-02-16 18:55:13+00:00,ANDROID,L2,0,2026-04-09 18:55:13+00:00,2026-04-02 18:55:13+00:00,563.0,1163.0,3,8,3,15993.100864,14853.523766,10981.793285,0.6866581645664284,0.9287457068087931,0.15382960969074347,0.35941887086312,0.0,1,1,1,1,0.1388888888888889,0.1111111111111111,36,1.0,0.9333333333333332,1.0,5,1.0
U0000111,Synthetic_User_00111,2026-01-25 23:22:25+00:00,ANDROID,L2,0,2026-03-18 23:22:25+00:00,2026-03-11 23:22:25+00:00,521.0,103.0,3,10,2,6752.784084000001,4635.519796,7208.571889999999,1.067496280101705,0.6864605381035901,0.18084784838215875,0.4150781226625358,1.0,1,2,2,3,0.06060606060606061,0.15151515151515152,33,0.9,0.5,1.0,5,1.0
U0000112,Synthetic_User_00112,2026-04-09 19:13:28+00:00,IOS,L2,0,2026-05-31 19:13:28+00:00,2026-05-24 19:13:28+00:00,565.0,4368.0,2,10,5,4891.025664,2930.97092,2920.579784,0.5971303331112515,0.5992548641838409,0.2587193878797791,0.5502718749674146,0.0,2,1,1,1,0.21428571428571427,0.35714285714285715,28,1.0,0.6,1.0,5,1.0
U0000113,Synthetic_User_00113,2026-03-22 01:11:59+00:00,WEB,L1,0,2026-05-13 01:11:59+00:00,2026-05-06 01:11:59+00:00,94.0,3234.0,10,27,10,1492.384168,1568.323833,623.9652140000001,0.41809959350895504,1.0508847967087251,0.3487954010917366,0.7688811711895596,10.0,2,1,1,2,0.1308411214953271,0.24299065420560748,107,0.9,0.49000000000000005,1.0,4,1.0
U0000114,Synthetic_User_00114,2026-04-26 02:33:39+00:00,IOS,L2,0,2026-06-17 02:33:39+00:00,2026-06-10 02:33:39+00:00,228.0,1099.0,8,16,7,3534.986372,2562.407424,1148.9283560000001,0.32501634662596096,0.7248705240553046,0.40557061431783714,0.9878354698906574,7.0,3,3,1,1,0.17543859649122806,0.3157894736842105,57,1.0,0.5,1.0,5,3.0
U0000115,Synthetic_User_00115,2026-03-04 03:58:27+00:00,IOS,L1,0,2026-04-25 03:58:27+00:00,2026-04-18 03:58:27+00:00,324.0,297.0,16,29,6,2316.535584,1920.1600290000001,2307.793901,0.9962263981350523,0.8288929564744385,0.0847249817665249,0.1816989182206214,16.0,2,1,1,3,0.1694915254237288,0.2711864406779661,118,0.9,0.4125,0.9375,6,1.0
U0000116,Synthetic_User_00116,2026-03-17 06:51:33+00:00,WEB,L2,0,2026-05-08 06:51:33+00:00,2026-05-01 06:51:33+00:00,298.0,591.0,7,12,6,3283.754362,1168.4762230000001,1583.672778,0.48227504356795126,0.3558354536264184,0.45484027674194283,1.0513479151935852,6.0,3,1,1,3,0.125,0.2857142857142857,56,1.0,0.37142857142857144,1.0,5,1.0
U0000117,Synthetic_User_00117,2026-01-25 05:41:42+00:00,IOS,L2,0,2026-03-18 05:41:42+00:00,2026-03-11 05:41:42+00:00,402.0,2520.0,6,13,7,10579.304848,9040.304117,10495.573935,0.9920854050239578,0.8545272347179838,0.07038811686721906,0.15331144454048792,1.0,2,3,1,1,0.10416666666666667,0.2916666666666667,48,1.0,0.6166666666666667,0.8333333333333334,5,3.0
U0000118,Synthetic_User_00118,2026-03-06 02:29:52+00:00,ANDROID,L2,0,2026-04-27 02:29:52+00:00,2026-04-20 02:29:52+00:00,197.0,2665.0,5,8,5,3046.894053,2849.766062,3125.350469,1.0257496370517876,0.9353019870166126,0.038549652188131674,0.09163735880183928,5.0,3,1,1,2,0.11538461538461539,0.2692307692307692,26,0.8,0.48,1.0,4,1.0
U0000119,Synthetic_User_00119,2026-03-10 12:59:43+00:00,IOS,L2,0,2026-05-01 12:59:43+00:00,2026-04-24 12:59:43+00:00,153.0,2270.0,7,12,6,7431.216213,1886.8139330000001,2176.512201,0.29288775062047845,0.2539037862603501,0.6650425496657646,1.4470525522350315,3.0,3,2,2,2,0.09523809523809523,0.19047619047619047,42,0.9,0.4428571428571428,1.0,4,1.0
U0000120,Synthetic_User_00120,2026-02-14 07:19:49+00:00,ANDROID,L2,0,2026-04-07 07:19:49+00:00,2026-03-31 07:19:49+00:00,401.0,4077.0,6,13,4,2416.022738,1898.800756,2551.516907,1.0560814957859888,0.7859200686049173,0.12288218687595123,0.28518080063651075,6.0,2,3,2,3,0.08888888888888889,0.15555555555555556,45,0.7,0.3666666666666667,1.0,5,1.5
U0000121,Synthetic_User_00121,2026-03-15 04:00:02+00:00,IOS,L1,0,2026-05-06 04:00:02+00:00,2026-04-29 04:00:02+00:00,347.0,316.0,3,16,1,3419.624608,3090.331361,444.214774,0.12990161930663002,0.9037048551382982,0.5745366877052025,1.283579283839853,1.0,1,1,2,3,0.2972972972972973,0.3783783783783784,37,0.8,0.3333333333333333,1.0,5,0.5
U0000122,Synthetic_User_00122,2026-04-23 22:01:17+00:00,IOS,L2,0,2026-06-14 22:01:17+00:00,2026-06-07 22:01:17+00:00,273.0,4940.0,4,16,3,2898.807185,500.212383,946.86615,0.3266399210335888,0.17255800440552585,0.7189680164863144,1.6557693581762059,4.0,2,2,1,2,0.1111111111111111,0.18518518518518517,54,0.5,0.35,0.5,5,2.0
U0000123,Synthetic_User_00123,2026-03-02 10:44:03+00:00,ANDROID,L2,0,2026-04-23 10:44:03+00:00,2026-04-16 10:44:03+00:00,622.0,4522.0,13,34,8,7164.316823,2079.469921,2698.59324,0.3766713989164407,0.2902537635304127,0.5690414807014369,1.2773451126523794,13.0,2,2,1,2,0.10377358490566038,0.3113207547169811,106,0.8,0.3076923076923077,0.9230769230769231,6,2.0
U0000124,Synthetic_User_00124,2026-04-19 11:54:41+00:00,ANDROID,L2,0,2026-06-10 11:54:41+00:00,2026-06-03 11:54:41+00:00,29.0,479.0,13,25,12,4916.495272,5982.422525,312.457946,0.06355298413068422,1.2168063211756912,0.6583654788758446,1.5171995058340983,13.0,3,1,1,2,0.1951219512195122,0.2073170731707317,82,0.7,0.43846153846153846,1.0,6,1.0
U0000125,Synthetic_User_00125,2026-02-08 01:54:50+00:00,IOS,L1,0,2026-04-01 01:54:50+00:00,2026-03-25 01:54:50+00:00,189.0,4716.0,5,17,6,5801.38792,11258.695129,2435.778306,0.4198613055339351,1.9406899321774709,0.559430301700528,1.3576599662374855,2.0,1,1,2,3,0.08064516129032258,0.27419354838709675,62,0.8,0.4,1.0,5,0.5
U0000126,Synthetic_User_00126,2026-04-25 17:03:07+00:00,WEB,L1,0,2026-06-16 17:03:07+00:00,2026-06-09 17:03:07+00:00,142.0,4857.0,5,14,7,7343.020529,6290.440689,1379.518973,0.18786805341913812,0.8566557405303421,0.5193301565069351,1.1916691050271966,1.0,2,2,2,3,0.13333333333333333,0.28888888888888886,45,0.6,0.36,0.8,5,1.0
U0000127,Synthetic_User_00127,2026-04-13 01:44:08+00:00,ANDROID,L2,0,2026-06-04 01:44:08+00:00,2026-05-28 01:44:08+00:00,67.0,251.0,4,6,1,6261.185797,7884.636887,3976.188888,0.6350536490875516,1.2592881193172487,0.2654039714386304,0.6470222111057814,2.0,1,1,1,2,0.16666666666666666,0.3333333333333333,18,0.7,0.5,1.0,4,1.0
U0000128,Synthetic_User_00128,2026-02-28 11:18:39+00:00,WEB,L2,0,2026-04-21 11:18:39+00:00,2026-04-14 11:18:39+00:00,243.0,4694.0,5,21,6,1373.3640329999998,1608.54412,1055.1310349999999,0.7682821230545507,1.1712438081593477,0.16852184700735598,0.41125170643253134,5.0,3,2,2,1,0.1774193548387097,0.20967741935483872,62,0.9,0.52,1.0,6,1.0
U0000129,Synthetic_User_00129,2026-01-23 15:56:23+00:00,ANDROID,L2,0,2026-03-16 15:56:23+00:00,2026-03-09 15:56:23+00:00,74.0,772.0,6,8,6,3161.8457740000003,1877.7972359999999,713.389345,0.22562433337711554,0.5938927355158214,0.5214515335372375,1.2767821965430266,5.0,1,1,2,3,0.07692307692307693,0.25,52,0.8,0.39999999999999997,1.0,4,0.5
U0000130,Synthetic_User_00130,2026-01-03 03:50:33+00:00,IOS,L2,0,2026-02-24 03:50:33+00:00,2026-02-17 03:50:33+00:00,349.0,3385.0,4,7,2,12457.555493,3830.003388,8030.557606,0.6446335005701909,0.30744421649593373,0.43456339698908686,1.064336390066902,0.0,1,2,1,1,0.13043478260869565,0.30434782608695654,23,0.6,0.5,1.0,4,2.0
U0000131,Synthetic_User_00131,2026-02-27 00:47:35+00:00,ANDROID,L2,0,2026-04-20 00:47:35+00:00,2026-04-13 00:47:35+00:00,487.0,1073.0,4,14,5,1219.359852,2664.376991,2111.487436,1.7316360158461244,2.1850620935484106,0.29789710741901176,0.7230841108288086,4.0,1,3,2,1,0.09090909090909091,0.29545454545454547,44,0.7,0.525,1.0,5,1.5
U0000132,Synthetic_User_00132,2026-04-10 19:14:40+00:00,ANDROID,L2,0,2026-06-01 19:14:40+00:00,2026-05-25 19:14:40+00:00,651.0,1958.0,5,10,1,15216.290839000001,11662.671159,7530.526633,0.4948989679994115,0.7664595322473777,0.2738193865718484,0.6700853030761799,0.0,1,1,1,1,0.14705882352941177,0.17647058823529413,34,0.7,0.45999999999999996,1.0,3,1.0
U0000133,Synthetic_User_00133,2026-03-04 17:18:24+00:00,ANDROID,L2,0,2026-04-25 17:18:24+00:00,2026-04-18 17:18:24+00:00,127.0,2967.0,3,13,4,2731.6274590000003,3930.178842,2389.8038509999997,0.8748644853185302,1.438768243836137,0.2189052413027147,0.5105307117075671,2.0,3,2,1,2,0.14634146341463414,0.14634146341463414,41,0.8,0.5333333333333333,0.6666666666666666,5,2.0
U0000134,Synthetic_User_00134,2026-02-03 11:20:05+00:00,ANDROID,L2,0,2026-03-27 11:20:05+00:00,2026-03-20 11:20:05+00:00,218.0,124.0,6,18,3,854.1029599999999,840.554736,539.624347,0.6318024550576431,0.9841374815045719,0.19490651225360042,0.42225458596679055,6.0,2,2,1,2,0.1702127659574468,0.2765957446808511,47,0.9,0.6,1.0,5,2.0
U0000135,Synthetic_User_00135,2026-02-06 23:11:17+00:00,WEB,L2,0,2026-03-30 23:11:17+00:00,2026-03-23 23:11:17+00:00,615.0,342.0,2,8,2,4971.552654,2326.712946,1550.232751,0.3118206441508202,0.468005290887944,0.4965337527329547,1.159966279232005,0.0,1,1,1,3,0.16,0.12,25,0.8,0.7,1.0,5,1.0
U0000136,Synthetic_User_00136,2026-04-12 05:51:50+00:00,WEB,L2,0,2026-06-03 05:51:50+00:00,2026-05-27 05:51:50+00:00,96.0,1406.0,11,22,12,3446.667759,1473.049656,2415.369647,0.7007840081751262,0.4273837105864198,0.3296480775405006,0.8071961871691278,11.0,2,1,2,3,0.1511627906976744,0.36046511627906974,86,0.8,0.4090909090909091,1.0,5,0.5
U0000137,Synthetic_User_00137,2026-04-15 07:58:05+00:00,ANDROID,L2,0,2026-06-06 07:58:05+00:00,2026-05-30 07:58:05+00:00,198.0,4819.0,8,24,8,7004.45886,9771.999451,7144.9203449999995,1.0200531529711918,1.3951112635987415,0.15962496748093036,0.34707956813005525,6.0,1,2,1,1,0.10588235294117647,0.24705882352941178,85,0.8,0.3125,0.875,6,2.0
U0000138,Synthetic_User_00138,2026-02-12 07:38:31+00:00,IOS,L2,0,2026-04-05 07:38:31+00:00,2026-03-29 07:38:31+00:00,418.0,2822.0,7,13,7,779.961503,614.036075,739.1873009999999,0.9477228019034677,0.7872645927243924,0.09928525154365507,0.2333488713989708,7.0,2,3,1,2,0.109375,0.1875,64,1.0,0.41428571428571426,1.0,4,3.0
U0000139,Synthetic_User_00139,2026-03-15 10:46:56+00:00,IOS,L2,0,2026-05-06 10:46:56+00:00,2026-04-29 10:46:56+00:00,48.0,3784.0,7,11,3,5453.628461,5368.826399,2569.1254950000002,0.471085537522832,0.9844503411615886,0.30023945415015385,0.6461902679596027,5.0,1,1,1,2,0.17142857142857143,0.11428571428571428,35,1.0,0.35714285714285715,0.8571428571428571,4,1.0
U0000140,Synthetic_User_00140,2026-01-11 09:50:49+00:00,IOS,L2,0,2026-03-04 09:50:49+00:00,2026-02-25 09:50:49+00:00,237.0,3717.0,4,7,4,15811.047121,12475.225974,16376.560682,1.0357669897934143,0.7890195936125312,0.11562408359073341,0.2620524300459234,0.0,2,3,2,1,0.07142857142857142,0.2857142857142857,42,0.9,0.6000000000000001,1.0,4,1.5
U0000141,Synthetic_User_00141,2026-02-23 22:23:42+00:00,ANDROID,L2,0,2026-04-16 22:23:42+00:00,2026-04-09 22:23:42+00:00,524.0,4808.0,7,8,4,1226.5444499999999,705.006537,945.8333230000001,0.7711366049554912,0.5747908581706925,0.22220639240669052,0.5437625184659465,7.0,2,3,1,2,0.09090909090909091,0.20454545454545456,44,0.7,0.34285714285714286,0.8571428571428571,4,3.0
U0000142,Synthetic_User_00142,2026-03-24 20:44:15+00:00,ANDROID,L1,0,2026-05-15 20:44:15+00:00,2026-05-08 20:44:15+00:00,552.0,192.0,7,21,5,5268.606188,2722.245274,2463.447393,0.46757098653736007,0.5166917353208712,0.36323308712151187,0.8049775983757258,5.0,2,2,2,1,0.1746031746031746,0.1746031746031746,63,1.0,0.6285714285714287,1.0,6,1.0
U0000143,Synthetic_User_00143,2026-03-14 09:00:46+00:00,WEB,L2,0,2026-05-05 09:00:46+00:00,2026-04-28 09:00:46+00:00,136.0,980.0,6,41,6,4230.081634,2967.267729,1371.985311,0.324340149838347,0.7014681951171063,0.4094045167752806,1.000578142316583,6.0,2,1,2,1,0.21428571428571427,0.29591836734693877,98,0.8,0.4666666666666666,0.8333333333333334,6,0.5
U0000144,Synthetic_User_00144,2026-02-03 01:09:19+00:00,ANDROID,L1,0,2026-03-27 01:09:19+00:00,2026-03-20 01:09:19+00:00,86.0,212.0,4,10,5,4977.305651000001,4953.282254,5026.2677220000005,1.0098370633497589,0.9951734133516245,0.0060916143467067314,0.014639200207612078,2.0,2,2,1,2,0.0625,0.2916666666666667,48,0.6,0.44999999999999996,0.75,3,2.0
U0000145,Synthetic_User_00145,2026-03-04 01:11:31+00:00,IOS,L2,0,2026-04-25 01:11:31+00:00,2026-04-18 01:11:31+00:00,447.0,1648.0,5,22,5,1807.676904,5232.983112,609.5017929999999,0.3371740777631797,2.894866389242754,0.7682835077524022,1.8130915794071412,5.0,1,1,1,2,0.1527777777777778,0.25,72,0.7,0.36,1.0,5,1.0
U0000146,Synthetic_User_00146,2026-01-26 10:21:05+00:00,H5,L2,0,2026-03-19 10:21:05+00:00,2026-03-12 10:21:05+00:00,214.0,2072.0,5,23,4,6604.459025,1820.742944,4039.31607,0.6116043804208475,0.27568388828031226,0.470451779555489,1.1513600604609788,2.0,2,1,2,2,0.09210526315789473,0.35526315789473684,76,0.9,0.48,1.0,5,0.5
U0000147,Synthetic_User_00147,2026-03-18 23:18:58+00:00,ANDROID,L2,0,2026-05-09 23:18:58+00:00,2026-05-02 23:18:58+00:00,46.0,3973.0,5,11,2,5012.139395,8251.730011,1024.975309,0.2044985640308593,1.646348866360689,0.6205331782205615,1.517286004461978,2.0,2,1,1,3,0.1388888888888889,0.08333333333333333,36,1.0,0.4800000000000001,1.0,5,1.0
U0000148,Synthetic_User_00148,2026-01-24 06:31:04+00:00,ANDROID,L2,0,2026-03-17 06:31:04+00:00,2026-03-10 06:31:04+00:00,304.0,1490.0,12,18,7,1781.483292,1681.9464,779.556657,0.4375885311418346,0.9441269573242791,0.3186581223944798,0.7084114012547816,12.0,2,1,2,1,0.14754098360655737,0.19672131147540983,61,0.8,0.4083333333333334,1.0,5,0.5
U0000149,Synthetic_User_00149,2026-03-03 03:08:25+00:00,WEB,L1,0,2026-04-24 03:08:25+00:00,2026-04-17 03:08:25+00:00,565.0,4469.0,3,6,5,4212.774359,2824.3932489999997,1527.821367,0.362663944660607,0.6704354442734586,0.38400786803723874,0.9404400869062415,1.0,1,2,1,1,0.07142857142857142,0.2857142857142857,28,1.0,0.5666666666666667,0.6666666666666666,3,2.0
U0000150,Synthetic_User_00150,2026-04-13 23:31:48+00:00,ANDROID,L2,0,2026-06-04 23:31:48+00:00,2026-05-28 23:31:48+00:00,612.0,1206.0,5,20,8,2924.699496,1596.103525,869.8451,0.29741349536581585,0.545732485399929,0.473497544144164,1.1435662372368751,5.0,1,2,1,2,0.14084507042253522,0.23943661971830985,71,0.6,0.42000000000000004,1.0,5,2.0
U0000151,Synthetic_User_00151,2026-01-20 08:14:15+00:00,ANDROID,L2,0,2026-03-13 08:14:15+00:00,2026-03-06 08:14:15+00:00,306.0,825.0,4,10,3,1873.489062,2789.300242,617.471574,0.3295837624698126,1.4888265421855982,0.5058068234950259,1.2339325943433053,4.0,1,1,2,1,0.125,0.35,40,0.4,0.15,1.0,5,0.5
U0000152,Synthetic_User_00152,2026-02-11 19:34:42+00:00,ANDROID,L2,0,2026-04-04 19:34:42+00:00,2026-03-28 19:34:42+00:00,550.0,1171.0,11,21,6,1866.777247,2282.197596,1371.766627,0.7348314477286962,1.222533432774371,0.202230990349636,0.4947329850242019,11.0,3,2,1,2,0.13513513513513514,0.25675675675675674,74,1.0,0.3727272727272727,1.0,6,2.0
U0000153,Synthetic_User_00153,2026-04-27 08:06:56+00:00,IOS,L2,0,2026-06-18 08:06:56+00:00,2026-06-11 08:06:56+00:00,439.0,782.0,5,16,4,3124.107737,2796.482124,3174.9486190000002,1.0162737287827408,0.8951298608816193,0.055318363186920336,0.12483037562829377,3.0,2,1,2,1,0.14285714285714285,0.30612244897959184,49,0.7,0.33999999999999997,1.0,5,0.5
U0000154,Synthetic_User_00154,2026-01-10 18:23:12+00:00,WEB,L2,0,2026-03-03 18:23:12+00:00,2026-02-24 18:23:12+00:00,245.0,1296.0,7,27,5,1393.971619,360.174611,730.206315,0.5238315508344651,0.25838016075132164,0.5164566692798939,1.248369934549688,7.0,1,3,1,3,0.18571428571428572,0.21428571428571427,70,0.8,0.4714285714285714,1.0,6,3.0
U0000155,Synthetic_User_00155,2026-04-21 01:28:32+00:00,WEB,L2,0,2026-06-12 01:28:32+00:00,2026-06-05 01:28:32+00:00,539.0,2056.0,12,19,4,5646.484802,3866.927713,3800.350853,0.673047211896135,0.6848380627236124,0.19266130834979706,0.4159907078048047,11.0,3,2,1,1,0.17857142857142858,0.26785714285714285,56,0.8,0.44166666666666665,1.0,4,2.0
U0000156,Synthetic_User_00156,2026-04-05 23:26:16+00:00,ANDROID,L2,0,2026-05-27 23:26:16+00:00,2026-05-20 23:26:16+00:00,157.0,3339.0,4,20,6,5305.3387920000005,3867.450132,954.332798,0.17988159388408007,0.7289732632780749,0.5361851154817431,1.2889168650598748,1.0,1,2,1,1,0.21153846153846154,0.23076923076923078,52,1.0,0.625,0.75,5,2.0
U0000157,Synthetic_User_00157,2026-04-14 08:31:55+00:00,WEB,L2,0,2026-06-05 08:31:55+00:00,2026-05-29 08:31:55+00:00,42.0,2964.0,8,17,6,5065.051762,6749.574963,389.010623,0.07680289191090008,1.332577687288006,0.6614552039138665,1.5636070194373002,7.0,1,1,2,2,0.15151515151515152,0.19696969696969696,66,0.9,0.425,0.875,5,0.5
U0000158,Synthetic_User_00158,2026-03-30 00:49:12+00:00,WEB,L2,0,2026-05-21 00:49:12+00:00,2026-05-14 00:49:12+00:00,36.0,4787.0,6,19,8,9650.811918,9959.398255,7333.402551,0.7598741549736624,1.0319751684751464,0.1304905755666065,0.2923879285491173,1.0,2,1,1,2,0.19696969696969696,0.2878787878787879,66,0.8,0.48333333333333334,1.0,5,1.0
U0000159,Synthetic_User_00159,2026-02-05 05:13:42+00:00,ANDROID,L2,0,2026-03-29 05:13:42+00:00,2026-03-22 05:13:42+00:00,234.0,2396.0,3,12,5,2196.849267,2449.820555,3435.299993,1.5637395084876344,1.1151518639899474,0.19831631200055444,0.4597087421811906,3.0,1,2,1,2,0.1590909090909091,0.38636363636363635,44,1.0,0.5666666666666667,1.0,5,2.0
U0000160,Synthetic_User_00160,2026-01-11 22:40:37+00:00,IOS,L2,0,2026-03-04 22:40:37+00:00,2026-02-25 22:40:37+00:00,336.0,3409.0,8,10,4,21166.939226,24216.433031,30471.345231,1.4395725761602374,1.1440687183177725,0.15317106970899486,0.36798262440850554,0.0,3,2,1,1,0.10869565217391304,0.13043478260869565,46,1.0,0.46249999999999997,1.0,5,2.0
U0000161,Synthetic_User_00161,2026-04-03 18:49:49+00:00,ANDROID,L1,0,2026-05-25 18:49:49+00:00,2026-05-18 18:49:49+00:00,270.0,4846.0,4,13,3,2546.9564,2049.158025,268.243153,0.10531909890565853,0.8045516699853991,0.6032903711808013,1.4053530463956365,4.0,1,1,2,1,0.1111111111111111,0.24444444444444444,45,1.0,0.4,0.75,4,0.5
U0000162,Synthetic_User_00162,2026-04-13 03:16:51+00:00,IOS,L2,0,2026-06-04 03:16:51+00:00,2026-05-28 03:16:51+00:00,48.0,4461.0,13,31,7,6308.140398,7814.6482510000005,5941.930945,0.9419465278363007,1.2388196454025722,0.12116802553677276,0.2800015166760671,13.0,2,1,1,2,0.14018691588785046,0.32710280373831774,107,0.9,0.5769230769230769,0.9230769230769231,5,1.0
U0000163,Synthetic_User_00163,2026-03-16 03:31:59+00:00,IOS,L1,0,2026-05-07 03:31:59+00:00,2026-04-30 03:31:59+00:00,355.0,4767.0,11,41,7,4537.848805,6424.222552,3975.115006,0.8759910646692426,1.4156977960397252,0.21035858173220953,0.4918812994259487,11.0,3,2,1,1,0.1450381679389313,0.3053435114503817,131,0.9,0.45454545454545453,1.0,6,2.0
U0000164,Synthetic_User_00164,2026-03-30 03:21:59+00:00,IOS,L1,0,2026-05-21 03:21:59+00:00,2026-05-14 03:21:59+00:00,392.0,1308.0,10,16,7,11006.457157,13201.952244,14521.125812999999,1.3193278823390233,1.199473368740066,0.11229011425690642,0.2722471599449645,7.0,3,3,2,3,0.1076923076923077,0.3384615384615385,65,1.0,0.44000000000000006,1.0,5,1.5
U0000165,Synthetic_User_00165,2026-04-07 13:46:36+00:00,ANDROID,L2,0,2026-05-29 13:46:36+00:00,2026-05-22 13:46:36+00:00,89.0,3647.0,10,27,9,2147.868422,863.982711,1391.907001,0.6480410935526105,0.4022512283110422,0.3589385167793318,0.874629581325685,10.0,1,3,2,2,0.10588235294117647,0.3411764705882353,85,1.0,0.55,1.0,6,1.5
U0000166,Synthetic_User_00166,2026-02-24 06:55:45+00:00,IOS,L2,0,2026-04-17 06:55:45+00:00,2026-04-10 06:55:45+00:00,88.0,2732.0,4,6,8,2635.565829,1753.898913,2599.422733,0.9862863998302354,0.6654733847666682,0.17486477358673674,0.37845805322541703,3.0,1,1,2,2,0.07692307692307693,0.3333333333333333,39,0.7,0.525,1.0,4,0.5
U0000167,Synthetic_User_00167,2026-02-05 01:50:59+00:00,IOS,L2,0,2026-03-29 01:50:59+00:00,2026-03-22 01:50:59+00:00,67.0,3442.0,4,11,4,4139.476331,3013.426687,3404.494743,0.8224457566055353,0.7279729236359778,0.13264631685285722,0.31997931767610316,2.0,1,1,2,3,0.11904761904761904,0.3333333333333333,42,0.9,0.325,1.0,5,0.5
U0000168,Synthetic_User_00168,2026-04-02 12:56:39+00:00,WEB,L2,0,2026-05-24 12:56:39+00:00,2026-05-17 12:56:39+00:00,108.0,2341.0,12,52,5,3042.048731,3625.525456,1338.98261,0.44015817246946004,1.1918038718624326,0.36347480783964076,0.8567513741450323,12.0,1,1,2,3,0.20394736842105263,0.24342105263157895,152,1.0,0.525,0.9166666666666666,6,0.5
U0000169,Synthetic_User_00169,2026-04-10 06:53:44+00:00,ANDROID,L2,0,2026-06-01 06:53:44+00:00,2026-05-25 06:53:44+00:00,258.0,4519.0,10,25,9,4650.247066,3369.042102,1177.564652,0.25322625557031,0.7244866894562544,0.46772289530077693,1.132783824327437,9.0,2,2,2,2,0.14705882352941177,0.2647058823529412,102,0.8,0.39,1.0,6,1.0
U0000170,Synthetic_User_00170,2026-02-08 21:57:13+00:00,WEB,L2,0,2026-04-01 21:57:13+00:00,2026-03-25 21:57:13+00:00,301.0,1633.0,5,7,5,4141.9039219999995,674.117275,2460.35925,0.5940164949098982,0.16275541096435892,0.5837791358796209,1.429743815180696,3.0,2,1,2,3,0.15,0.175,40,1.0,0.58,0.8,3,0.5
U0000171,Synthetic_User_00171,2026-01-08 03:23:39+00:00,WEB,L2,0,2026-03-01 03:23:39+00:00,2026-02-22 03:23:39+00:00,353.0,233.0,9,19,3,4695.253978,1636.043933,917.37811,0.19538412922888748,0.34844631209851884,0.6779196647628978,1.5635445109100705,8.0,2,2,1,2,0.15,0.26666666666666666,60,1.0,0.6000000000000001,1.0,4,2.0
U0000172,Synthetic_User_00172,2026-03-31 01:06:39+00:00,ANDROID,L2,0,2026-05-22 01:06:39+00:00,2026-05-15 01:06:39+00:00,136.0,2980.0,8,18,12,1690.022853,783.951992,415.644327,0.2459400630365322,0.46387064565925135,0.5559355061986249,1.3230586282945662,8.0,1,1,2,1,0.136986301369863,0.273972602739726,73,0.9,0.45,1.0,4,0.5
U0000173,Synthetic_User_00173,2026-01-07 10:21:54+00:00,IOS,L2,0,2026-02-28 10:21:54+00:00,2026-02-21 10:21:54+00:00,621.0,3454.0,10,21,10,1900.293112,3025.673897,296.775693,0.15617364033259726,1.5922143157249944,0.6431986669549761,1.5675086978466284,10.0,2,1,2,1,0.1506849315068493,0.2328767123287671,73,0.9,0.32,1.0,5,0.5
U0000174,Synthetic_User_00174,2026-01-10 17:32:16+00:00,ANDROID,L1,0,2026-03-03 17:32:16+00:00,2026-02-24 17:32:16+00:00,585.0,3769.0,7,12,1,2943.32229,2400.179691,4723.463624,1.604806799461978,0.8154661482891837,0.2957034495504375,0.6923488241122286,6.0,1,1,2,2,0.075,0.35,40,1.0,0.38571428571428573,1.0,5,0.5
U0000175,Synthetic_User_00175,2026-04-27 00:13:23+00:00,WEB,L2,0,2026-06-18 00:13:23+00:00,2026-06-11 00:13:23+00:00,412.0,4041.0,7,13,2,8500.060941,13094.00962,3776.600741,0.44430278408753354,1.5404606756218786,0.44980347829591183,1.1017535288786975,2.0,1,2,2,1,0.16216216216216217,0.43243243243243246,37,1.0,0.39999999999999997,1.0,5,1.0
U0000176,Synthetic_User_00176,2026-03-12 03:25:12+00:00,WEB,L2,0,2026-05-03 03:25:12+00:00,2026-04-26 03:25:12+00:00,529.0,3496.0,13,27,4,1074.2435070000001,1022.446831,97.379471,0.09064934567018983,0.951783114663964,0.6136376952317907,1.3356877233253064,13.0,2,2,2,3,0.14444444444444443,0.25555555555555554,90,0.7,0.4230769230769231,1.0,6,1.0
U0000177,Synthetic_User_00177,2026-03-12 01:19:37+00:00,WEB,L2,0,2026-05-03 01:19:37+00:00,2026-04-26 01:19:37+00:00,500.0,2565.0,6,10,1,11909.42115,19921.007696,7670.854539,0.6440996957270253,1.6727099869165345,0.385776708416588,0.930361150872263,0.0,1,1,2,1,0.08333333333333333,0.2222222222222222,36,0.9,0.5,1.0,5,0.5
U0000178,Synthetic_User_00178,2026-04-08 05:40:18+00:00,IOS,L2,0,2026-05-30 05:40:18+00:00,2026-05-23 05:40:18+00:00,145.0,93.0,10,22,5,2632.700842,1431.3758639999999,1506.428736,0.5721989798338052,0.543691041976732,0.2959201038347895,0.6469744929835402,10.0,2,1,2,2,0.13636363636363635,0.25757575757575757,66,0.7,0.36,0.8,6,0.5
U0000179,Synthetic_User_00179,2026-02-12 18:07:04+00:00,IOS,L2,0,2026-04-05 18:07:04+00:00,2026-03-29 18:07:04+00:00,37.0,4822.0,1,6,2,2347.369657,4363.5173,1745.490905,0.7435943886361652,1.858896525729437,0.3971848926105816,0.9287758084100618,0.0,2,2,1,2,0.1,0.2,20,0.7,0.7,1.0,4,2.0
U0000180,Synthetic_User_00180,2026-02-22 05:26:19+00:00,IOS,L2,0,2026-04-15 05:26:19+00:00,2026-04-08 05:26:19+00:00,479.0,2799.0,15,24,3,21633.693561,20464.705962,9290.471215,0.4294445231372019,0.9459644930393493,0.324795452390797,0.7205775590359111,8.0,1,3,2,3,0.18292682926829268,0.2926829268292683,82,0.9,0.4266666666666667,1.0,6,1.5
U0000181,Synthetic_User_00181,2026-02-06 17:47:59+00:00,ANDROID,L2,0,2026-03-30 17:47:59+00:00,2026-03-23 17:47:59+00:00,373.0,298.0,6,16,2,3243.153478,3432.54219,928.980628,0.28644362171009163,1.0583964691417542,0.4490053271247326,0.9876402878516422,6.0,1,1,2,3,0.13953488372093023,0.3023255813953488,43,0.8,0.5333333333333333,1.0,6,0.5
U0000182,Synthetic_User_00182,2026-03-08 10:57:30+00:00,ANDROID,L2,0,2026-04-29 10:57:30+00:00,2026-04-22 10:57:30+00:00,448.0,2450.0,7,10,3,8665.458956,3341.156703,1200.491029,0.1385375010251217,0.38557181102180044,0.7129307317592085,1.6956706953346599,3.0,2,1,1,3,0.11904761904761904,0.23809523809523808,42,1.0,0.48571428571428577,1.0,3,1.0
U0000183,Synthetic_User_00183,2026-01-28 16:20:32+00:00,ANDROID,L2,0,2026-03-21 16:20:32+00:00,2026-03-14 16:20:32+00:00,113.0,4096.0,4,12,4,5089.150385,5634.046537,5121.834603,1.0064223329097004,1.1070701611817275,0.047242529947408324,0.10316725804052958,2.0,2,1,1,1,0.10204081632653061,0.10204081632653061,49,0.8,0.275,1.0,4,1.0
U0000184,Synthetic_User_00184,2026-04-20 01:38:55+00:00,ANDROID,L2,0,2026-06-11 01:38:55+00:00,2026-06-04 01:38:55+00:00,334.0,1044.0,8,18,2,3388.098228,2969.260162,1540.2670010000002,0.45461108189570476,0.8763795976932934,0.30049135316383435,0.70191904611192,8.0,1,1,1,1,0.13432835820895522,0.31343283582089554,67,0.8,0.41250000000000003,1.0,4,1.0
U0000185,Synthetic_User_00185,2026-04-15 11:05:33+00:00,IOS,L2,0,2026-06-06 11:05:33+00:00,2026-05-30 11:05:33+00:00,177.0,2422.0,8,19,6,6829.669385,8563.155032,2140.064199,0.3133481400578807,1.253816919865441,0.464248837442939,1.0990358132666986,7.0,3,3,1,1,0.1,0.23333333333333334,60,1.0,0.575,1.0,6,3.0
U0000186,Synthetic_User_00186,2026-02-10 03:51:34+00:00,ANDROID,L2,0,2026-04-03 03:51:34+00:00,2026-03-27 03:51:34+00:00,229.0,4447.0,14,29,12,6379.210936,6752.135222,650.472224,0.10196750515477859,1.0584593125609727,0.6078890589350305,1.328198390562712,13.0,3,2,1,2,0.10416666666666667,0.2708333333333333,96,0.9,0.42142857142857143,1.0,6,2.0
U0000187,Synthetic_User_00187,2026-01-17 00:25:17+00:00,IOS,L2,0,2026-03-10 00:25:17+00:00,2026-03-03 00:25:17+00:00,190.0,1952.0,6,5,3,5428.782719,1441.074269,2165.6979069999998,0.398928824213272,0.26545071770075385,0.5758725278550445,1.3240056077374982,5.0,2,2,2,3,0.05555555555555555,0.2777777777777778,36,0.2,0.11666666666666668,1.0,3,1.0
U0000188,Synthetic_User_00188,2026-01-31 23:23:58+00:00,IOS,L2,0,2026-03-24 23:23:58+00:00,2026-03-17 23:23:58+00:00,97.0,1992.0,4,7,4,4473.305192,2942.390869,2255.762549,0.5042719984842922,0.6577666272943177,0.28752278667280884,0.6878619034900673,1.0,1,1,2,2,0.0975609756097561,0.2682926829268293,41,0.9,0.475,1.0,4,0.5
U0000189,Synthetic_User_00189,2026-01-10 14:24:29+00:00,WEB,L2,0,2026-03-03 14:24:29+00:00,2026-02-24 14:24:29+00:00,182.0,4937.0,4,6,2,3387.450455,2364.343794,1169.747529,0.3453179742521134,0.6979714760138093,0.39280638471358564,0.9612177447439224,3.0,2,1,1,3,0.125,0.16666666666666666,24,0.9,0.5,1.0,2,1.0
U0000190,Synthetic_User_00190,2026-03-31 12:48:13+00:00,ANDROID,L1,0,2026-05-22 12:48:13+00:00,2026-05-15 12:48:13+00:00,357.0,3012.0,2,6,2,4432.415127,2721.589236,1051.269119,0.23717749553650957,0.6140194810322421,0.5046925361926395,1.23620962131875,0.0,2,2,1,1,0.2222222222222222,0.1111111111111111,18,0.8,0.65,1.0,4,2.0
U0000191,Synthetic_User_00191,2026-01-28 04:14:03+00:00,ANDROID,L2,0,2026-03-21 04:14:03+00:00,2026-03-14 04:14:03+00:00,120.0,4970.0,6,28,8,3683.727349,5213.939983,2053.630992,0.5574872398082032,1.4153979078868033,0.3534938469130562,0.8657354308595858,6.0,2,1,2,1,0.13978494623655913,0.27956989247311825,93,0.9,0.55,0.8333333333333334,5,0.5
U0000192,Synthetic_User_00192,2026-02-19 12:20:51+00:00,IOS,L2,0,2026-04-12 12:20:51+00:00,2026-04-05 12:20:51+00:00,293.0,2419.0,8,25,6,3328.7050010000003,3086.747201,1342.405321,0.4032815526148212,0.9273117323621913,0.3421762133596972,0.7681114305506949,8.0,1,1,1,3,0.17105263157894737,0.15789473684210525,76,0.8,0.3875,0.875,6,1.0
U0000193,Synthetic_User_00193,2026-04-23 22:48:31+00:00,IOS,L2,0,2026-06-14 22:48:31+00:00,2026-06-07 22:48:31+00:00,540.0,1018.0,25,52,12,7102.0109680000005,3093.063683,2285.494138,0.32180943514420096,0.4355194179418507,0.5062620386986828,1.1577637793828277,25.0,2,3,1,3,0.14367816091954022,0.27586206896551724,174,1.0,0.392,0.92,6,3.0
U0000194,Synthetic_User_00194,2026-01-22 03:59:36+00:00,ANDROID,L1,0,2026-03-15 03:59:36+00:00,2026-03-08 03:59:36+00:00,270.0,4077.0,3,13,3,3080.834892,3038.2443869999997,3215.871983,1.0438313300562294,0.9861756613083698,0.024334085297357238,0.057084688826305824,1.0,2,1,2,2,0.175,0.3,40,0.9,0.5333333333333333,1.0,5,0.5
U0000195,Synthetic_User_00195,2026-02-14 12:50:55+00:00,WEB,L2,0,2026-04-07 12:50:55+00:00,2026-03-31 12:50:55+00:00,210.0,3112.0,12,28,10,2427.115671,3054.29961,3003.265641,1.2373805158460451,1.258407107042242,0.10055512433940611,0.22175870068623427,12.0,2,3,2,1,0.11650485436893204,0.22330097087378642,103,1.0,0.55,1.0,5,1.5
U0000196,Synthetic_User_00196,2026-03-02 20:10:18+00:00,ANDROID,L2,0,2026-04-23 20:10:18+00:00,2026-04-16 20:10:18+00:00,588.0,827.0,3,8,5,2239.110714,886.2678040000001,2377.800585,1.0619397112134046,0.39581240822913594,0.36677658375490607,0.8130933519064861,2.0,3,1,1,3,0.18518518518518517,0.25925925925925924,27,0.5,0.3,0.6666666666666666,4,1.0
U0000197,Synthetic_User_00197,2026-03-22 11:51:39+00:00,ANDROID,L2,0,2026-05-13 11:51:39+00:00,2026-05-06 11:51:39+00:00,486.0,2900.0,13,30,7,2462.0758690000002,1458.921228,545.370503,0.22150840673383,0.5925573806921544,0.5257807181484344,1.287425624796311,13.0,1,2,2,1,0.13592233009708737,0.2912621359223301,103,0.8,0.34615384615384615,1.0,6,1.0
U0000198,Synthetic_User_00198,2026-01-14 07:52:36+00:00,ANDROID,L2,0,2026-03-07 07:52:36+00:00,2026-02-28 07:52:36+00:00,635.0,1482.0,6,13,1,3373.391938,2664.3791929999998,1052.344146,0.3119543075163417,0.7898220076317736,0.41092751533035565,0.9820917014689607,5.0,1,1,1,2,0.16,0.28,50,0.8,0.43333333333333335,1.0,5,1.0
U0000199,Synthetic_User_00199,2026-03-15 04:36:37+00:00,ANDROID,L2,0,2026-05-06 04:36:37+00:00,2026-04-29 04:36:37+00:00,61.0,2444.0,7,25,6,3012.62401,2983.125043,1136.14701,0.377128711126484,0.9902082148644895,0.36920450741979643,0.7893316097531581,7.0,2,2,1,3,0.22727272727272727,0.2878787878787879,66,0.7,0.2714285714285714,1.0,5,2.0
U0000200,Synthetic_User_00200,2026-03-28 20:32:53+00:00,WEB,L1,0,2026-05-19 20:32:53+00:00,2026-05-12 20:32:53+00:00,424.0,4899.0,5,21,7,901.615198,714.924552,1159.29159,1.2857941975374734,0.7929375564940289,0.1968945454695098,0.48025292271539827,5.0,1,2,2,2,0.15714285714285714,0.3142857142857143,70,0.6,0.36,1.0,6,1.0
U0000201,Synthetic_User_00201,2026-02-12 00:46:07+00:00,WEB,L2,0,2026-04-05 00:46:07+00:00,2026-03-29 00:46:07+00:00,560.0,1934.0,10,18,4,6514.121363,7756.02689,4316.281542,0.6626037958881669,1.1906482022355285,0.22955963025551265,0.5552027020690125,8.0,1,2,2,3,0.12307692307692308,0.26153846153846155,65,1.0,0.51,1.0,5,1.0
U0000202,Synthetic_User_00202,2026-02-21 04:26:16+00:00,WEB,L1,0,2026-04-14 04:26:16+00:00,2026-04-07 04:26:16+00:00,549.0,2574.0,3,17,1,2443.235996,2634.372655,1032.380993,0.4225465713055089,1.0782309442530005,0.3507742585517826,0.7865766173138214,2.0,1,1,1,2,0.24324324324324326,0.43243243243243246,37,0.7,0.43333333333333335,0.6666666666666666,6,1.0
U0000203,Synthetic_User_00203,2026-02-01 01:29:37+00:00,ANDROID,L2,0,2026-03-25 01:29:37+00:00,2026-03-18 01:29:37+00:00,184.0,4903.0,6,4,1,6014.240954,4866.3226700000005,2040.954129,0.33935356840709646,0.8091333066333944,0.3876274956259335,0.9224814532513068,4.0,1,1,1,2,0.041666666666666664,0.2916666666666667,24,1.0,0.7000000000000001,1.0,3,1.0
U0000204,Synthetic_User_00204,2026-02-06 01:23:09+00:00,H5,L2,0,2026-03-30 01:23:09+00:00,2026-03-23 01:23:09+00:00,506.0,3663.0,4,6,6,4899.685411,3463.142313,2781.0456729999996,0.5675967821845123,0.7068091157903933,0.23771493704999844,0.5703509890655305,2.0,1,3,2,2,0.10714285714285714,0.21428571428571427,28,0.7,0.375,1.0,3,1.5
U0000205,Synthetic_User_00205,2026-03-22 06:15:21+00:00,ANDROID,L1,0,2026-05-13 06:15:21+00:00,2026-05-06 06:15:21+00:00,656.0,1516.0,6,12,4,6240.90954,4938.125443,6270.068053,1.0046721576098987,0.7912509244606035,0.106789177521665,0.2289990391916441,3.0,2,1,1,3,0.10416666666666667,0.22916666666666666,48,0.8,0.5333333333333333,1.0,5,1.0
U0000206,Synthetic_User_00206,2026-04-04 13:31:54+00:00,IOS,L2,0,2026-05-26 13:31:54+00:00,2026-05-19 13:31:54+00:00,112.0,4883.0,7,24,9,1458.6878210000002,1635.898759,1489.237159,1.0209430267122246,1.1214865411562243,0.050623392732440826,0.11598020436012212,7.0,1,2,2,1,0.12345679012345678,0.24691358024691357,81,1.0,0.5285714285714286,1.0,6,1.0
U0000207,Synthetic_User_00207,2026-03-08 07:48:16+00:00,ANDROID,L2,0,2026-04-29 07:48:16+00:00,2026-04-22 07:48:16+00:00,653.0,2529.0,11,21,7,18795.129552,16638.578252,9748.05629,0.5186479967073547,0.885260099217006,0.2561863930745864,0.6007118210243647,5.0,2,1,1,2,0.13846153846153847,0.16923076923076924,65,0.8,0.36363636363636365,1.0,6,1.0
U0000208,Synthetic_User_00208,2026-02-05 02:36:14+00:00,IOS,L2,0,2026-03-29 02:36:14+00:00,2026-03-22 02:36:14+00:00,551.0,2416.0,6,21,4,1523.566341,1297.000921,114.53259,0.07517400911129737,0.8512927111192988,0.6314466396123851,1.4401899308875712,6.0,1,2,2,3,0.1875,0.296875,64,0.9,0.6,1.0,6,1.0
U0000209,Synthetic_User_00209,2026-04-28 22:55:22+00:00,WEB,L2,0,2026-06-19 22:55:22+00:00,2026-06-12 22:55:22+00:00,401.0,4106.0,11,19,8,12056.553443,1813.99991,5624.477562,0.4665079111199524,0.15045758463030767,0.6504602661119715,1.5761791162566101,5.0,1,2,1,1,0.16666666666666666,0.2878787878787879,66,0.9,0.6,0.9090909090909091,5,2.0
U0000210,Synthetic_User_00210,2026-03-15 06:20:42+00:00,ANDROID,L2,0,2026-05-06 06:20:42+00:00,2026-04-29 06:20:42+00:00,177.0,4859.0,3,7,3,3521.119011,3864.554099,3057.083805,0.8682137114507206,1.0975357796561567,0.09505296763205762,0.23197043670723033,2.0,2,2,1,3,0.06060606060606061,0.24242424242424243,33,0.8,0.5666666666666668,1.0,4,2.0
U0000211,Synthetic_User_00211,2026-03-21 16:49:39+00:00,ANDROID,L2,0,2026-05-12 16:49:39+00:00,2026-05-05 16:49:39+00:00,621.0,4733.0,12,24,6,1516.685078,2163.553844,1293.4616839999999,0.8528215268694032,1.4265017012318757,0.2225597291590483,0.5248157633073262,12.0,3,3,2,3,0.07368421052631578,0.2736842105263158,95,0.8,0.3416666666666666,1.0,6,1.5
U0000212,Synthetic_User_00212,2026-04-02 09:16:03+00:00,IOS,L2,0,2026-05-24 09:16:03+00:00,2026-05-17 09:16:03+00:00,208.0,4937.0,4,13,1,2580.034212,1052.033756,426.413318,0.16527428823102752,0.4077596146232808,0.6686537467789005,1.5919409815408474,4.0,1,1,1,1,0.22857142857142856,0.22857142857142856,35,0.8,0.425,1.0,5,1.0
U0000213,Synthetic_User_00213,2026-04-08 03:08:36+00:00,ANDROID,L2,0,2026-05-30 03:08:36+00:00,2026-05-23 03:08:36+00:00,125.0,2609.0,1,10,5,3630.669891,4658.561914,679.0793090000001,0.1870396729494348,1.2831135999304213,0.5642212531903671,1.3311812740710411,0.0,1,2,1,3,0.18518518518518517,0.3333333333333333,27,0.2,0.2,1.0,4,2.0
U0000214,Synthetic_User_00214,2026-04-20 16:43:38+00:00,IOS,L2,0,2026-06-11 16:43:38+00:00,2026-06-04 16:43:38+00:00,274.0,4182.0,7,19,6,26236.170173,18516.487293000002,7967.039712,0.3036662614804576,0.7057618231206463,0.4261085858349477,1.0395998899225694,0.0,1,3,1,1,0.1016949152542373,0.1864406779661017,59,0.7,0.42857142857142855,1.0,5,3.0
U0000215,Synthetic_User_00215,2026-04-06 23:55:16+00:00,WEB,L2,0,2026-05-28 23:55:16+00:00,2026-05-21 23:55:16+00:00,504.0,3574.0,13,16,12,2292.252141,711.871676,1244.350003,0.5428504049546441,0.3105555725163133,0.46359641501240795,1.1159634249552703,13.0,2,1,1,1,0.10975609756097561,0.1951219512195122,82,1.0,0.5307692307692308,1.0,5,1.0
U0000216,Synthetic_User_00216,2026-01-13 14:14:46+00:00,WEB,L2,0,2026-03-06 14:14:46+00:00,2026-02-27 14:14:46+00:00,366.0,3775.0,2,4,1,8814.626376,2906.896785,758.129414,0.08600811669842238,0.32978105491966686,0.8188437198171321,1.9367118387909128,0.0,1,1,1,2,0.11764705882352941,0.11764705882352941,17,0.9,0.55,1.0,1,1.0
U0000217,Synthetic_User_00217,2026-01-04 22:08:38+00:00,WEB,L2,0,2026-02-25 22:08:38+00:00,2026-02-18 22:08:38+00:00,266.0,2904.0,5,16,7,1587.823271,3992.429089,1947.356839,1.2264317286227757,2.5144039402354874,0.4220544016790296,0.9583145542356681,5.0,1,1,2,2,0.22641509433962265,0.18867924528301888,53,0.7,0.42000000000000004,1.0,4,0.5
U0000218,Synthetic_User_00218,2026-02-15 10:59:23+00:00,ANDROID,L2,0,2026-04-08 10:59:23+00:00,2026-04-01 10:59:23+00:00,85.0,675.0,7,15,4,3062.480386,1487.737742,1792.479158,0.5853030655132496,0.4857950270640525,0.322555231670995,0.7448294816824402,7.0,3,1,1,1,0.0967741935483871,0.25806451612903225,62,0.9,0.5857142857142856,0.8571428571428571,6,1.0
U0000219,Synthetic_User_00219,2026-03-22 18:12:52+00:00,WEB,L2,0,2026-05-13 18:12:52+00:00,2026-05-06 18:12:52+00:00,501.0,26.0,9,33,10,2890.747898,1805.584825,1811.013061,0.6264859907890868,0.6246081943877625,0.2352462094063295,0.5002791194843936,9.0,1,3,2,1,0.1958762886597938,0.26804123711340205,97,0.9,0.5222222222222223,1.0,6,1.5
U0000220,Synthetic_User_00220,2026-03-19 06:00:04+00:00,ANDROID,L2,0,2026-05-10 06:00:04+00:00,2026-05-03 06:00:04+00:00,193.0,471.0,10,16,4,2735.916327,2312.246894,1482.9397250000002,0.5420267097956466,0.845145325235672,0.23903348678423897,0.5755428810538303,10.0,2,2,2,1,0.07792207792207792,0.2727272727272727,77,0.8,0.41,1.0,6,1.0
U0000221,Synthetic_User_00221,2026-02-25 08:11:21+00:00,ANDROID,L2,0,2026-04-18 08:11:21+00:00,2026-04-11 08:11:21+00:00,83.0,3151.0,2,7,4,9899.270806,8761.027487,6902.048105999999,0.6972279313559774,0.885017458224286,0.14498050297247556,0.3517544109468667,0.0,3,2,1,3,0.14285714285714285,0.11428571428571428,35,0.3,0.15,1.0,4,2.0
U0000222,Synthetic_User_00222,2026-03-18 04:09:49+00:00,IOS,L2,0,2026-05-09 04:09:49+00:00,2026-05-02 04:09:49+00:00,556.0,4206.0,6,11,4,1152.90695,459.81304800000004,1006.2430909999999,0.8727877744166603,0.39882927932735596,0.3416210104487181,0.7939331847528762,6.0,2,2,1,3,0.175,0.175,40,0.8,0.39999999999999997,0.6666666666666666,5,2.0
U0000223,Synthetic_User_00223,2026-04-02 18:51:45+00:00,ANDROID,L2,0,2026-05-24 18:51:45+00:00,2026-05-17 18:51:45+00:00,274.0,497.0,3,11,1,682.311061,1037.116432,182.892878,0.26804911784949065,1.5200053044428075,0.5525837631790221,1.3471288543542594,3.0,1,1,1,1,0.22857142857142856,0.11428571428571428,35,0.8,0.43333333333333335,1.0,3,1.0
U0000224,Synthetic_User_00224,2026-04-27 03:26:09+00:00,IOS,L2,0,2026-06-18 03:26:09+00:00,2026-06-11 03:26:09+00:00,165.0,807.0,14,44,10,2467.6878260000003,1375.371394,1288.897349,0.522309724682331,0.5573522629194994,0.31360429009073837,0.6890883395938577,14.0,3,2,1,3,0.1297709923664122,0.24427480916030533,131,0.8,0.4642857142857143,1.0,5,2.0
U0000225,Synthetic_User_00225,2026-01-25 07:35:28+00:00,WEB,L2,0,2026-03-18 07:35:28+00:00,2026-03-11 07:35:28+00:00,47.0,4859.0,3,12,7,7860.421754999999,9099.759328,5953.376768,0.7573864295784216,1.1576680757888926,0.16943383394199013,0.4119459641047431,0.0,2,1,1,1,0.061224489795918366,0.22448979591836735,49,0.9,0.6333333333333333,1.0,5,1.0
U0000226,Synthetic_User_00226,2026-01-01 17:24:55+00:00,ANDROID,L1,0,2026-02-22 17:24:55+00:00,2026-02-15 17:24:55+00:00,334.0,4367.0,11,39,11,2221.732505,3870.564543,1992.177062,0.896677281138307,1.7421379640840247,0.3104613560793036,0.6970351276194513,11.0,3,2,2,1,0.12403100775193798,0.21705426356589147,129,0.9,0.49090909090909096,1.0,6,1.0
U0000227,Synthetic_User_00227,2026-03-15 20:16:45+00:00,ANDROID,L2,0,2026-05-06 20:16:45+00:00,2026-04-29 20:16:45+00:00,66.0,3027.0,7,10,5,442.204841,524.469415,496.183428,1.1220669291587426,1.1860327304738847,0.06998490221858603,0.1687065834901819,7.0,2,3,2,3,0.15789473684210525,0.2631578947368421,38,1.0,0.6,1.0,4,1.5
U0000228,Synthetic_User_00228,2026-02-17 10:05:06+00:00,ANDROID,L2,0,2026-04-10 10:05:06+00:00,2026-04-03 10:05:06+00:00,536.0,1607.0,6,27,8,5731.110582,8709.285415,7132.428812,1.2445107645281166,1.519650561682357,0.16917653329535112,0.4141564481287862,5.0,1,3,1,3,0.14925373134328357,0.2537313432835821,67,0.5,0.3333333333333333,1.0,6,3.0
U0000229,Synthetic_User_00229,2026-02-25 00:18:30+00:00,IOS,L2,0,2026-04-18 00:18:30+00:00,2026-04-11 00:18:30+00:00,42.0,4120.0,5,4,1,9042.154982,3700.510441,1435.792758,0.1587887799820063,0.409250941657881,0.6747242070191041,1.6094194714753238,1.0,1,1,1,3,0.034482758620689655,0.5172413793103449,29,0.9,0.36,0.8,3,1.0
U0000230,Synthetic_User_00230,2026-02-22 13:00:24+00:00,H5,L1,0,2026-04-15 13:00:24+00:00,2026-04-08 13:00:24+00:00,279.0,1864.0,6,19,4,1977.420002,1736.580675,1495.189937,0.7561316945756271,0.8782052741671417,0.11337825228663119,0.27771880551115496,6.0,2,2,2,2,0.2,0.18,50,0.9,0.35000000000000003,1.0,6,1.0
U0000231,Synthetic_User_00231,2026-01-24 05:25:12+00:00,WEB,L2,0,2026-03-17 05:25:12+00:00,2026-03-10 05:25:12+00:00,576.0,2031.0,1,6,1,951.384473,340.781078,111.263171,0.11694869335964032,0.3581949124368356,0.7578829509272262,1.795861711030309,1.0,1,1,1,3,0.14285714285714285,0.2857142857142857,21,0.3,0.3,1.0,2,1.0
U0000232,Synthetic_User_00232,2026-04-01 22:12:21+00:00,IOS,L2,0,2026-05-23 22:12:21+00:00,2026-05-16 22:12:21+00:00,63.0,4814.0,6,11,5,1112.548658,1281.524069,1621.37789,1.4573545870027018,1.1518813669720862,0.15808728730988994,0.38015352238112216,6.0,2,2,2,3,0.12,0.24,50,0.9,0.5,0.8333333333333334,5,1.0
U0000233,Synthetic_User_00233,2026-01-03 09:00:17+00:00,IOS,L1,0,2026-02-24 09:00:17+00:00,2026-02-17 09:00:17+00:00,517.0,2080.0,3,9,5,1695.962207,1601.135928,337.450439,0.19897285305485585,0.9440870329488421,0.511152093110112,1.1213319126217296,3.0,2,2,2,2,0.15625,0.25,32,0.7,0.6,0.6666666666666666,4,1.0
U0000234,Synthetic_User_00234,2026-04-03 15:08:15+00:00,IOS,L1,0,2026-05-25 15:08:15+00:00,2026-05-18 15:08:15+00:00,67.0,2101.0,5,23,5,5463.908819,5636.70869,854.655458,0.15641832364186822,1.0316256871635765,0.5557403936288267,1.1999859589655157,2.0,1,3,1,1,0.16666666666666666,0.2962962962962963,54,0.8,0.32,0.8,6,3.0
U0000235,Synthetic_User_00235,2026-04-25 15:41:18+00:00,WEB,L2,0,2026-06-16 15:41:18+00:00,2026-06-09 15:41:18+00:00,608.0,740.0,3,9,5,796.4335040000001,1654.938794,243.14931,0.3052976912432855,2.0779371858268783,0.6466823013705276,1.5718443078820543,3.0,1,3,1,2,0.11764705882352941,0.14705882352941177,34,0.7,0.4333333333333333,1.0,4,3.0
U0000236,Synthetic_User_00236,2026-02-27 13:13:10+00:00,ANDROID,L2,0,2026-04-20 13:13:10+00:00,2026-04-13 13:13:10+00:00,34.0,4786.0,6,16,4,2639.47982,975.045703,1454.2268330000002,0.5509520557728682,0.36940828098469797,0.41405787026743757,0.9851146791753026,5.0,2,2,1,1,0.08620689655172414,0.29310344827586204,58,0.9,0.5499999999999999,0.6666666666666666,5,2.0
U0000237,Synthetic_User_00237,2026-03-03 16:22:00+00:00,WEB,L2,0,2026-04-24 16:22:00+00:00,2026-04-17 16:22:00+00:00,288.0,2005.0,4,12,3,3189.936796,2807.240574,871.73983,0.27327808848536195,0.880030155305936,0.44317296157971947,1.0124726642504878,3.0,1,1,1,2,0.16129032258064516,0.16129032258064516,31,0.8,0.42500000000000004,1.0,4,1.0
U0000238,Synthetic_User_00238,2026-01-10 09:28:26+00:00,IOS,L1,0,2026-03-03 09:28:26+00:00,2026-02-24 09:28:26+00:00,629.0,2269.0,5,8,1,4421.628704,6618.108778,1015.142428,0.22958563370136834,1.4967581452537992,0.5736546913661703,1.3943647033809397,4.0,1,1,1,3,0.14285714285714285,0.10714285714285714,28,0.9,0.7,0.8,5,1.0
U0000239,Synthetic_User_00239,2026-03-29 05:06:48+00:00,ANDROID,L2,0,2026-05-20 05:06:48+00:00,2026-05-13 05:06:48+00:00,54.0,4674.0,7,24,3,4045.4314130000002,914.806313,1376.851099,0.3403471616341058,0.22613319065557966,0.6532209639330091,1.48204886492182,6.0,1,1,2,2,0.22807017543859648,0.22807017543859648,57,0.8,0.4428571428571429,1.0,6,0.5
U0000240,Synthetic_User_00240,2026-01-05 18:13:46+00:00,ANDROID,L2,0,2026-02-26 18:13:46+00:00,2026-02-19 18:13:46+00:00,169.0,3011.0,6,15,2,12758.783762000001,7294.069372,9169.632953,0.718691775332872,0.5716900221888093,0.23275499554741566,0.5610112404944612,2.0,2,1,2,3,0.10204081632653061,0.30612244897959184,49,0.9,0.5666666666666667,1.0,5,0.5
U0000241,Synthetic_User_00241,2026-03-12 10:38:45+00:00,ANDROID,L2,0,2026-05-03 10:38:45+00:00,2026-04-26 10:38:45+00:00,584.0,1414.0,5,11,5,5550.442720999999,3702.280345,2901.491886,0.5227496313081942,0.6670243314091846,0.27379374381627325,0.6538351128710563,2.0,3,2,2,3,0.12962962962962962,0.2777777777777778,54,0.9,0.42000000000000004,1.0,4,1.0
U0000242,Synthetic_User_00242,2026-02-25 20:23:45+00:00,ANDROID,L2,0,2026-04-18 20:23:45+00:00,2026-04-11 20:23:45+00:00,408.0,3268.0,7,13,3,4087.905819,6424.453799,1870.511122,0.4575719707890853,1.571575785611317,0.4504653567408054,1.1032843932440175,6.0,2,2,2,1,0.041666666666666664,0.25,48,0.9,0.6142857142857142,1.0,6,1.0
U0000243,Synthetic_User_00243,2026-03-29 21:45:31+00:00,ANDROID,L1,0,2026-05-20 21:45:31+00:00,2026-05-13 21:45:31+00:00,196.0,4879.0,5,12,5,1359.7369489999999,2107.022977,181.217729,0.1332741080054301,1.549581320526431,0.65193637179304,1.58373112183989,5.0,1,3,2,2,0.14285714285714285,0.19047619047619047,42,0.7,0.44000000000000006,1.0,6,1.5
U0000244,Synthetic_User_00244,2026-04-30 08:22:22+00:00,ANDROID,L2,0,2026-06-21 08:22:22+00:00,2026-06-14 08:22:22+00:00,295.0,2369.0,7,22,5,2531.101327,4312.693845,227.575965,0.08991183504681557,1.703880361878535,0.7094551421783787,1.733094388989924,7.0,2,2,2,3,0.14666666666666667,0.2,75,0.6,0.37142857142857144,1.0,5,1.0
U0000245,Synthetic_User_00245,2026-04-09 13:03:08+00:00,ANDROID,L1,0,2026-05-31 13:03:08+00:00,2026-05-24 13:03:08+00:00,591.0,3928.0,18,27,9,5158.360858999999,2619.626534,1770.530221,0.34323504489044904,0.507840883103289,0.4521974966605761,1.0644052118727125,18.0,1,1,2,1,0.12264150943396226,0.32075471698113206,106,0.9,0.38333333333333336,0.9444444444444444,6,0.5
U0000246,Synthetic_User_00246,2026-04-21 01:12:26+00:00,ANDROID,L2,0,2026-06-12 01:12:26+00:00,2026-06-05 01:12:26+00:00,330.0,1268.0,6,6,4,414.488767,783.2849120000001,887.998688,2.1423950627834505,1.8897614950322648,0.2920986811592934,0.6810569482436719,6.0,1,2,1,1,0.0967741935483871,0.3225806451612903,31,1.0,0.43333333333333335,1.0,3,2.0
U0000247,Synthetic_User_00247,2026-04-01 18:06:26+00:00,H5,L2,0,2026-05-23 18:06:26+00:00,2026-05-16 18:06:26+00:00,356.0,4967.0,3,14,4,1875.708196,2509.118489,456.813316,0.2435417816983298,1.3376912754077446,0.5316762255609939,1.2716590902521336,3.0,1,3,1,3,0.12244897959183673,0.22448979591836735,49,0.6,0.26666666666666666,1.0,4,3.0
U0000248,Synthetic_User_00248,2026-04-06 05:15:25+00:00,ANDROID,L2,0,2026-05-28 05:15:25+00:00,2026-05-21 05:15:25+00:00,273.0,3115.0,14,24,7,1548.327442,1438.109117,1207.78012,0.7800547140338031,0.9288145892075457,0.10148332355067838,0.24358349703658708,14.0,1,1,2,3,0.12371134020618557,0.18556701030927836,97,1.0,0.5857142857142856,1.0,6,0.5
U0000249,Synthetic_User_00249,2026-02-25 11:53:37+00:00,ANDROID,L2,0,2026-04-18 11:53:37+00:00,2026-04-11 11:53:37+00:00,536.0,3833.0,5,7,5,52659.52408,48439.752164000005,19473.744424999997,0.3698047934389914,0.9198668808781988,0.36700404145771764,0.8257016239006506,0.0,3,3,1,3,0.1,0.26666666666666666,30,0.6,0.34,1.0,5,3.0
U0000250,Synthetic_User_00250,2026-02-03 06:47:24+00:00,ANDROID,L2,0,2026-03-27 06:47:24+00:00,2026-03-20 06:47:24+00:00,247.0,2233.0,7,9,2,2590.520059,1446.341876,1436.201603,0.5544066713594207,0.5583210486925629,0.2969689639995227,0.6327270538623152,7.0,2,1,1,1,0.02702702702702703,0.32432432432432434,37,0.8,0.5142857142857143,1.0,4,1.0
U0000251,Synthetic_User_00251,2026-02-17 03:37:31+00:00,ANDROID,L2,0,2026-04-10 03:37:31+00:00,2026-04-03 03:37:31+00:00,634.0,3948.0,6,17,8,7652.097811,5707.401261,7104.704246,0.9284649022372514,0.745860991582665,0.12003437965140076,0.2850875530966027,2.0,1,1,1,2,0.18032786885245902,0.2459016393442623,61,0.7,0.3666666666666667,1.0,6,1.0
U0000252,Synthetic_User_00252,2026-03-19 04:53:27+00:00,IOS,L2,0,2026-05-10 04:53:27+00:00,2026-05-03 04:53:27+00:00,141.0,303.0,5,13,1,1613.1373939999999,1705.920597,1352.902738,0.8386779347078976,1.0575172352616111,0.0959505400463276,0.22668289363525604,5.0,1,1,1,3,0.12121212121212122,0.3333333333333333,33,0.8,0.62,1.0,4,1.0
U0000253,Synthetic_User_00253,2026-04-08 14:05:41+00:00,ANDROID,L2,0,2026-05-30 14:05:41+00:00,2026-05-23 14:05:41+00:00,234.0,2157.0,3,13,6,3958.0854040000004,3143.436532,4455.902696,1.125772246222103,0.7941810777562495,0.1404268972709408,0.34068130378269545,1.0,3,2,1,1,0.15789473684210525,0.21052631578947367,38,1.0,0.43333333333333335,1.0,5,2.0
U0000254,Synthetic_User_00254,2026-04-23 10:12:59+00:00,IOS,L2,0,2026-06-14 10:12:59+00:00,2026-06-07 10:12:59+00:00,166.0,393.0,8,11,4,1593.105485,547.7714,158.606983,0.09955836854080005,0.3438387508909995,0.7902334723875268,1.8715049780901527,8.0,1,1,1,1,0.1,0.24,50,0.8,0.45,1.0,3,1.0
U0000255,Synthetic_User_00255,2026-02-18 00:50:42+00:00,IOS,L2,0,2026-04-11 00:50:42+00:00,2026-04-04 00:50:42+00:00,464.0,1815.0,9,8,2,1063.439387,918.497714,1062.904609,0.9994971241365165,0.8637048102864748,0.06719606547176685,0.14280710145684383,9.0,1,2,1,2,0.1111111111111111,0.2222222222222222,36,1.0,0.4666666666666667,0.8888888888888888,4,2.0
U0000256,Synthetic_User_00256,2026-04-09 06:49:41+00:00,H5,L2,0,2026-05-31 06:49:41+00:00,2026-05-24 06:49:41+00:00,88.0,2320.0,7,25,5,6389.780092,9248.249485,5284.737113,0.8270608748517789,1.4473501985739388,0.23945826914173576,0.5683061562638875,4.0,2,2,2,1,0.15714285714285714,0.21428571428571427,70,0.7,0.4428571428571429,1.0,6,1.0
U0000257,Synthetic_User_00257,2026-03-28 00:47:18+00:00,IOS,L2,0,2026-05-19 00:47:18+00:00,2026-05-12 00:47:18+00:00,348.0,3237.0,2,7,1,424.52740900000003,682.477983,600.064476,1.4134881830445016,1.6076181856140175,0.18904504657303758,0.4533216457664051,2.0,1,1,2,1,0.17857142857142858,0.35714285714285715,28,1.0,0.8,1.0,5,0.5
U0000258,Synthetic_User_00258,2026-04-21 09:58:35+00:00,ANDROID,L2,0,2026-06-12 09:58:35+00:00,2026-06-05 09:58:35+00:00,587.0,309.0,9,28,8,6269.991494,6781.758753,945.606373,0.1508146181545681,1.081621683137805,0.5655741636552984,1.2508402561511647,7.0,1,2,2,3,0.16666666666666666,0.2857142857142857,84,1.0,0.3888888888888889,1.0,6,1.0
U0000259,Synthetic_User_00259,2026-04-25 22:59:17+00:00,ANDROID,L2,0,2026-06-16 22:59:17+00:00,2026-06-09 22:59:17+00:00,297.0,3471.0,6,15,2,2035.840428,2157.906771,778.8828000000001,0.38258538797422886,1.0599586987865828,0.37603971282709203,0.8319685787665618,6.0,1,1,2,2,0.18604651162790697,0.20930232558139536,43,0.9,0.5166666666666667,1.0,4,0.5
U0000260,Synthetic_User_00260,2026-02-27 18:12:06+00:00,WEB,L2,0,2026-04-20 18:12:06+00:00,2026-04-13 18:12:06+00:00,158.0,33.0,6,17,5,10298.452138,11737.589856,2862.351944,0.27794001522212053,1.1397431088396053,0.46861484100123413,1.0693747477167095,1.0,3,1,2,2,0.1509433962264151,0.18867924528301888,53,0.7,0.4333333333333333,1.0,5,0.5
U0000261,Synthetic_User_00261,2026-01-01 23:53:15+00:00,ANDROID,L1,0,2026-02-22 23:53:15+00:00,2026-02-15 23:53:15+00:00,581.0,3598.0,5,11,5,2823.74977,3767.302408,1219.135711,0.4317435361845111,1.3341488144680753,0.40404489556942896,0.9787856834746118,5.0,2,1,2,2,0.10526315789473684,0.2807017543859649,57,1.0,0.42000000000000004,1.0,5,0.5
U0000262,Synthetic_User_00262,2026-04-20 12:09:24+00:00,IOS,L2,0,2026-06-11 12:09:24+00:00,2026-06-04 12:09:24+00:00,82.0,3722.0,3,6,2,6704.768016,5518.619429,1890.119835,0.28190682071169215,0.8230887952917356,0.4353568221626234,1.0234128382438472,1.0,1,1,2,3,0.17391304347826086,0.30434782608695654,23,1.0,0.5666666666666667,1.0,4,0.5
U0000263,Synthetic_User_00263,2026-02-11 02:39:52+00:00,IOS,L2,0,2026-04-04 02:39:52+00:00,2026-03-28 02:39:52+00:00,651.0,2327.0,9,15,6,5113.745175,5282.776662,2108.043173,0.41223078210970887,1.0330543429943202,0.34988249808874916,0.7616578792931558,9.0,3,3,1,3,0.16363636363636364,0.2727272727272727,55,1.0,0.5111111111111111,0.8888888888888888,5,3.0
U0000264,Synthetic_User_00264,2026-02-18 08:04:43+00:00,IOS,L2,0,2026-04-11 08:04:43+00:00,2026-04-04 08:04:43+00:00,345.0,2427.0,6,14,5,21188.025847,16759.891105,3980.5174,0.18786636512261945,0.7910076769786941,0.5219967234793031,1.2312056516972616,0.0,3,2,1,3,0.10714285714285714,0.21428571428571427,56,0.9,0.6333333333333333,0.8333333333333334,4,2.0
U0000265,Synthetic_User_00265,2026-01-18 01:01:41+00:00,ANDROID,L2,0,2026-03-11 01:01:41+00:00,2026-03-04 01:01:41+00:00,161.0,512.0,9,19,11,30673.519151,32724.123682,28154.694352,0.9178827578733207,1.0668526008021857,0.061234591498012296,0.14973170987759318,0.0,3,2,2,1,0.12162162162162163,0.33783783783783783,74,0.8,0.43333333333333335,0.8888888888888888,6,1.0
U0000266,Synthetic_User_00266,2026-02-28 01:10:20+00:00,ANDROID,L2,0,2026-04-21 01:10:20+00:00,2026-04-14 01:10:20+00:00,417.0,2959.0,5,7,5,17070.310245,13150.477191,14241.734691,0.834298526892415,0.7703713056329399,0.11145294799301167,0.2644811540022605,0.0,2,2,1,2,0.08333333333333333,0.3055555555555556,36,0.9,0.64,1.0,4,2.0
U0000267,Synthetic_User_00267,2026-03-10 00:02:40+00:00,WEB,L1,0,2026-05-01 00:02:40+00:00,2026-04-24 00:02:40+00:00,276.0,2738.0,5,17,7,322.05503899999997,439.844935,453.11857100000003,1.4069600413859698,1.3657446142303646,0.14544247415966435,0.32360871989818085,5.0,2,1,1,2,0.16071428571428573,0.30357142857142855,56,0.9,0.6799999999999999,1.0,4,1.0
U0000268,Synthetic_User_00268,2026-04-10 08:51:56+00:00,IOS,L2,0,2026-06-01 08:51:56+00:00,2026-05-25 08:51:56+00:00,242.0,2125.0,4,13,5,4005.1229439999997,4673.1387349999995,3854.545326,0.9624037463754821,1.1667903333656067,0.08515617725258133,0.19594814043017325,1.0,3,2,2,1,0.13636363636363635,0.29545454545454547,44,0.9,0.625,1.0,4,1.0
U0000269,Synthetic_User_00269,2026-04-07 10:18:51+00:00,IOS,L1,0,2026-05-29 10:18:51+00:00,2026-05-22 10:18:51+00:00,380.0,4122.0,7,24,5,3277.0412100000003,1227.536221,921.046208,0.28106030683697136,0.3745867513823544,0.578310165607324,1.3027046246249963,7.0,2,2,1,3,0.19736842105263158,0.2631578947368421,76,0.7,0.38571428571428573,1.0,6,2.0
U0000270,Synthetic_User_00270,2026-03-31 08:23:22+00:00,IOS,L2,0,2026-05-22 08:23:22+00:00,2026-05-15 08:23:22+00:00,441.0,1288.0,6,17,2,885.126803,1269.159619,465.88718800000004,0.526350785470452,1.4338732198577429,0.3755929443795745,0.9197166492337886,6.0,2,1,1,1,0.15789473684210525,0.19298245614035087,57,1.0,0.6333333333333333,1.0,5,1.0
U0000271,Synthetic_User_00271,2026-01-16 18:22:27+00:00,IOS,L2,0,2026-03-09 18:22:27+00:00,2026-03-02 18:22:27+00:00,488.0,4263.0,10,22,9,3390.862907,1175.972764,2182.09103,0.6435208647024195,0.3468063428846845,0.4025021601497162,0.984552170053269,10.0,3,2,1,3,0.13636363636363635,0.17045454545454544,88,1.0,0.52,0.9,5,2.0
U0000272,Synthetic_User_00272,2026-02-18 07:10:43+00:00,ANDROID,L2,0,2026-04-11 07:10:43+00:00,2026-04-04 07:10:43+00:00,277.0,1117.0,11,33,8,3331.212033,4216.330989,919.215205,0.27594016709052877,1.2657047786906814,0.49369172940747064,1.1682567385067248,11.0,3,1,1,2,0.14035087719298245,0.23684210526315788,114,1.0,0.7000000000000001,1.0,6,1.0
U0000273,Synthetic_User_00273,2026-01-16 00:58:57+00:00,ANDROID,L2,0,2026-03-09 00:58:57+00:00,2026-03-02 00:58:57+00:00,278.0,4749.0,5,13,7,6627.243017000001,8631.804222,5000.974781,0.7546086310961666,1.3024728684096782,0.219885142273065,0.5376345747426785,4.0,3,1,1,1,0.16393442622950818,0.2459016393442623,61,0.8,0.4,1.0,4,1.0
U0000274,Synthetic_User_00274,2026-02-13 09:01:25+00:00,ANDROID,L1,0,2026-04-06 09:01:25+00:00,2026-03-30 09:01:25+00:00,363.0,594.0,9,16,6,7935.688622,9508.78198,4004.4932559999997,0.5046182438280653,1.1982302271335263,0.3237686669348055,0.7698677792233333,5.0,2,1,2,1,0.15,0.3,60,0.8,0.4222222222222222,1.0,6,0.5
U0000275,Synthetic_User_00275,2026-03-29 05:34:47+00:00,IOS,L2,0,2026-05-20 05:34:47+00:00,2026-05-13 05:34:47+00:00,457.0,523.0,8,13,7,2839.914169,1631.334762,326.921831,0.11511679985565085,0.5744310091506853,0.6416029230577832,1.5712189890585642,8.0,1,3,2,3,0.16981132075471697,0.3018867924528302,53,0.8,0.4125,0.875,6,1.5
U0000276,Synthetic_User_00276,2026-03-08 17:05:22+00:00,ANDROID,L2,0,2026-04-29 17:05:22+00:00,2026-04-22 17:05:22+00:00,511.0,517.0,6,16,9,1827.960382,3315.4611729999997,2678.046262,1.4650461182697558,1.8137489223768088,0.2337163648624548,0.570545385777939,6.0,3,3,2,3,0.15,0.35,60,1.0,0.48333333333333334,1.0,6,1.5
U0000277,Synthetic_User_00277,2026-04-07 17:57:51+00:00,WEB,L2,0,2026-05-29 17:57:51+00:00,2026-05-22 17:57:51+00:00,441.0,4562.0,4,15,7,827.812153,576.106044,581.647862,0.7026326684044225,0.6959381327178945,0.17733630993633778,0.3803038048405721,4.0,2,3,1,1,0.17073170731707318,0.3902439024390244,41,0.9,0.525,1.0,5,3.0
U0000278,Synthetic_User_00278,2026-03-20 02:33:48+00:00,IOS,L2,0,2026-05-11 02:33:48+00:00,2026-05-04 02:33:48+00:00,315.0,2626.0,18,34,10,2232.654809,1713.160717,1573.3442929999999,0.7046966179714528,0.767320012970263,0.15418077778865438,0.3583754797588696,18.0,1,2,2,2,0.1206896551724138,0.23275862068965517,116,1.0,0.40555555555555556,0.9444444444444444,6,1.0
U0000279,Synthetic_User_00279,2026-01-15 18:17:27+00:00,ANDROID,L2,0,2026-03-08 18:17:27+00:00,2026-03-01 18:17:27+00:00,271.0,1265.0,5,7,2,6692.096184,7201.353808,2259.7158360000003,0.33766936007326226,1.0760983718700239,0.4121614143057652,0.9177714185477126,0.0,1,2,1,1,0.10344827586206896,0.20689655172413793,29,1.0,0.3,0.8,4,2.0
U0000280,Synthetic_User_00280,2026-04-11 16:28:25+00:00,WEB,L2,0,2026-06-02 16:28:25+00:00,2026-05-26 16:28:25+00:00,537.0,1717.0,11,30,7,6694.980216,9489.196797,2141.195709,0.3198210659208317,1.4173599459371429,0.4957622068570884,1.2029225052288135,10.0,2,2,1,2,0.1111111111111111,0.2727272727272727,99,1.0,0.3909090909090909,1.0,6,2.0
U0000281,Synthetic_User_00281,2026-01-07 18:24:54+00:00,ANDROID,L2,0,2026-02-28 18:24:54+00:00,2026-02-21 18:24:54+00:00,101.0,1241.0,8,15,7,2306.580057,2190.301265,1763.422088,0.7645180502833073,0.9495882262368837,0.11190316464103262,0.2602867305755713,8.0,1,3,1,3,0.14893617021276595,0.23404255319148937,47,0.8,0.5625,1.0,5,3.0
U0000282,Synthetic_User_00282,2026-01-21 09:16:24+00:00,ANDROID,L1,0,2026-03-14 09:16:24+00:00,2026-03-07 09:16:24+00:00,629.0,2273.0,4,11,2,3554.8522789999997,1789.498835,260.75138000000004,0.07335083416556226,0.5033961173496065,0.7203973046330215,1.7630904533108078,3.0,1,1,1,3,0.16216216216216217,0.2702702702702703,37,0.6,0.275,1.0,5,1.0
U0000283,Synthetic_User_00283,2026-04-14 04:23:48+00:00,ANDROID,L2,0,2026-06-05 04:23:48+00:00,2026-05-29 04:23:48+00:00,145.0,4530.0,10,13,6,4590.841686,4849.3948869999995,2847.558995,0.6202694821047244,1.056319345924838,0.2170498480287802,0.4887375968102532,10.0,2,2,1,3,0.08571428571428572,0.2714285714285714,70,0.9,0.42000000000000004,1.0,5,2.0
U0000284,Synthetic_User_00284,2026-01-06 13:25:32+00:00,IOS,L2,0,2026-02-27 13:25:32+00:00,2026-02-20 13:25:32+00:00,51.0,660.0,9,20,6,5757.8760010000005,3928.401326,3641.2828799999997,0.6324003641911703,0.682265704457292,0.21101853120621403,0.4764397432370949,8.0,3,2,1,3,0.08450704225352113,0.2535211267605634,71,1.0,0.5333333333333333,1.0,6,2.0
U0000285,Synthetic_User_00285,2026-01-24 22:43:43+00:00,WEB,L2,0,2026-03-17 22:43:43+00:00,2026-03-10 22:43:43+00:00,321.0,3212.0,8,17,5,768.2403370000001,581.212354,796.261257,1.0364741587371245,0.756550165368367,0.13346375919338901,0.3006676214233194,8.0,3,1,1,2,0.1,0.2571428571428571,70,0.8,0.425,1.0,6,1.0
U0000286,Synthetic_User_00286,2026-01-23 22:31:34+00:00,ANDROID,L1,0,2026-03-16 22:31:34+00:00,2026-03-09 22:31:34+00:00,20.0,2816.0,6,17,7,12161.57076,14203.566368,4044.0111580000003,0.33252375353527114,1.1679055813017363,0.43288378591347226,1.00228606678971,0.0,1,2,1,1,0.2127659574468085,0.2553191489361702,47,1.0,0.4166666666666667,1.0,5,2.0
U0000287,Synthetic_User_00287,2026-04-17 03:28:24+00:00,WEB,L2,0,2026-06-08 03:28:24+00:00,2026-06-01 03:28:24+00:00,319.0,3393.0,11,15,5,86770.605601,59192.432722,46858.801225999996,0.5400308192093564,0.6821714832115661,0.2595983454741492,0.6209639603327857,0.0,1,1,1,1,0.16666666666666666,0.19696969696969696,66,1.0,0.7000000000000001,0.9090909090909091,5,1.0
U0000288,Synthetic_User_00288,2026-04-15 23:45:12+00:00,IOS,L2,0,2026-06-06 23:45:12+00:00,2026-05-30 23:45:12+00:00,143.0,3223.0,6,14,5,1671.122007,1520.809984,423.247343,0.2532713597374103,0.9100532322772529,0.4615706652287833,1.0355292631798385,6.0,1,1,1,2,0.11363636363636363,0.3181818181818182,44,1.0,0.5499999999999999,1.0,4,1.0
U0000289,Synthetic_User_00289,2026-01-13 10:50:50+00:00,ANDROID,L2,0,2026-03-06 10:50:50+00:00,2026-02-27 10:50:50+00:00,204.0,1802.0,9,10,2,2165.302647,3685.726715,292.558601,0.13511210610920202,1.7021762385533166,0.6776538193459665,1.656931487480356,9.0,1,1,1,1,0.20512820512820512,0.20512820512820512,39,0.8,0.4666666666666667,0.8888888888888888,5,1.0
U0000290,Synthetic_User_00290,2026-04-15 05:19:19+00:00,IOS,L2,0,2026-06-06 05:19:19+00:00,2026-05-30 05:19:19+00:00,435.0,2499.0,5,15,6,4273.592321,8632.88017,615.669252,0.1440636368084676,2.0200523404113446,0.7270708015862251,1.7786851529234113,3.0,2,2,1,2,0.1724137931034483,0.27586206896551724,58,0.6,0.31999999999999995,1.0,5,2.0
U0000291,Synthetic_User_00291,2026-02-17 13:16:52+00:00,IOS,L2,0,2026-04-10 13:16:52+00:00,2026-04-03 13:16:52+00:00,592.0,3617.0,4,14,4,1077.5469,2229.010597,398.30463599999996,0.36964018549911837,2.0685972898256213,0.6118649179827808,1.4824081668466234,4.0,3,3,1,1,0.17777777777777778,0.24444444444444444,45,1.0,0.55,1.0,5,3.0
U0000292,Synthetic_User_00292,2026-03-13 05:19:30+00:00,WEB,L2,0,2026-05-04 05:19:30+00:00,2026-04-27 05:19:30+00:00,41.0,3216.0,7,12,3,6384.065045,5443.7460790000005,370.954531,0.05810632071966929,0.8527084296021612,0.6494970271714259,1.4787833500683805,5.0,2,3,1,2,0.07894736842105263,0.34210526315789475,38,1.0,0.6142857142857142,1.0,6,3.0
U0000293,Synthetic_User_00293,2026-01-09 22:49:30+00:00,IOS,L1,0,2026-03-02 22:49:30+00:00,2026-02-23 22:49:30+00:00,79.0,1923.0,6,8,7,999.627378,283.158241,79.98060100000001,0.08001041464072427,0.2832637913204494,0.8683571634994317,2.024514763067726,6.0,2,2,1,1,0.023809523809523808,0.19047619047619047,42,0.5,0.3666666666666667,1.0,2,2.0
U0000294,Synthetic_User_00294,2026-03-15 03:04:52+00:00,IOS,L2,0,2026-05-06 03:04:52+00:00,2026-04-29 03:04:52+00:00,41.0,4143.0,5,23,1,7136.595558,14974.152861,12265.742386,1.7187105933515197,2.098220746755676,0.28363665194889387,0.6839753377497195,1.0,1,1,2,1,0.19148936170212766,0.3617021276595745,47,0.8,0.38,1.0,6,0.5
U0000295,Synthetic_User_00295,2026-03-30 21:36:48+00:00,IOS,L1,0,2026-05-21 21:36:48+00:00,2026-05-14 21:36:48+00:00,561.0,1531.0,5,16,10,2725.293442,1773.068127,1345.351951,0.4936539787850119,0.6505971429259396,0.29609471034502094,0.7084235835366549,5.0,1,2,2,1,0.16071428571428573,0.19642857142857142,56,1.0,0.6599999999999999,0.8,4,1.0
U0000296,Synthetic_User_00296,2026-03-27 07:02:51+00:00,IOS,L2,0,2026-05-18 07:02:51+00:00,2026-05-11 07:02:51+00:00,96.0,1713.0,14,28,5,1958.995263,1829.717198,1392.699274,0.7109252892563018,0.9340079746788035,0.14029061788099556,0.327881290638255,14.0,1,3,2,2,0.1875,0.20833333333333334,96,1.0,0.5285714285714286,1.0,6,1.5
U0000297,Synthetic_User_00297,2026-04-08 11:43:40+00:00,ANDROID,L1,0,2026-05-30 11:43:40+00:00,2026-05-23 11:43:40+00:00,202.0,3380.0,10,15,5,2094.841936,2126.284933,2308.957645,1.1022109140171423,1.015009722910187,0.04336885025260638,0.09836735276899672,10.0,3,1,2,2,0.12280701754385964,0.2631578947368421,57,1.0,0.62,1.0,5,0.5
U0000298,Synthetic_User_00298,2026-02-17 03:49:28+00:00,H5,L2,0,2026-04-10 03:49:28+00:00,2026-04-03 03:49:28+00:00,587.0,728.0,11,21,4,9638.486532,12049.84992,1949.9079219999999,0.20230436755047174,1.2501807083502392,0.5465904637729622,1.2818137216369232,7.0,2,1,1,1,0.13953488372093023,0.29069767441860467,86,0.8,0.2818181818181818,0.9090909090909091,4,1.0
U0000299,Synthetic_User_00299,2026-04-04 06:45:43+00:00,ANDROID,L2,0,2026-05-26 06:45:43+00:00,2026-05-19 06:45:43+00:00,468.0,3728.0,5,18,2,2629.974226,3053.007511,2394.3601230000004,0.9104120106308603,1.1608507341318712,0.10120762191727523,0.24462777461297125,5.0,2,2,2,3,0.14583333333333334,0.14583333333333334,48,1.0,0.38,1.0,6,1.0
U0000300,Synthetic_User_00300,2026-01-25 14:27:57+00:00,WEB,L2,0,2026-03-18 14:27:57+00:00,2026-03-11 14:27:57+00:00,314.0,1829.0,6,17,4,723.981934,1273.961602,243.740778,0.33666693401219594,1.7596593812242836,0.5632911480951522,1.378723334368659,6.0,2,2,1,2,0.13793103448275862,0.27586206896551724,58,0.8,0.4666666666666666,1.0,6,2.0
U0000301,Synthetic_User_00301,2026-01-31 20:18:26+00:00,ANDROID,L2,0,2026-03-24 20:18:26+00:00,2026-03-17 20:18:26+00:00,557.0,1131.0,3,16,4,9393.235698,6327.165488000001,7169.4577389999995,0.7632575152486075,0.673587429446402,0.1695131846123296,0.40184654086940813,0.0,2,1,1,3,0.14893617021276595,0.2978723404255319,47,0.8,0.6,1.0,6,1.0
U0000302,Synthetic_User_00302,2026-04-08 15:36:36+00:00,IOS,L1,0,2026-05-30 15:36:36+00:00,2026-05-23 15:36:36+00:00,338.0,1210.0,4,8,8,1675.408454,1227.340061,1049.478537,0.6264016004541422,0.7325616974593588,0.1999014361142439,0.475121931582791,4.0,2,2,2,2,0.09090909090909091,0.2727272727272727,44,0.9,0.625,1.0,5,1.0
U0000303,Synthetic_User_00303,2026-02-09 11:38:47+00:00,WEB,L2,0,2026-04-02 11:38:47+00:00,2026-03-26 11:38:47+00:00,16.0,220.0,3,8,4,6037.414930999999,5308.341348,578.2593469999999,0.09577929521306244,0.8792407692145751,0.6088553121389635,1.3734858512168808,0.0,3,3,2,1,0.06451612903225806,0.22580645161290322,31,0.6,0.3333333333333333,0.6666666666666666,4,1.5
U0000304,Synthetic_User_00304,2026-03-01 15:20:14+00:00,WEB,L2,0,2026-04-22 15:20:14+00:00,2026-04-15 15:20:14+00:00,139.0,864.0,10,18,8,17002.34016,13803.089789,6625.796656,0.389699099867909,0.8118347038764339,0.34773633086872946,0.8316486884199985,2.0,3,2,2,1,0.10256410256410256,0.2564102564102564,78,1.0,0.45,1.0,5,1.0
U0000305,Synthetic_User_00305,2026-02-12 16:40:24+00:00,WEB,L2,0,2026-04-05 16:40:24+00:00,2026-03-29 16:40:24+00:00,77.0,912.0,5,14,5,29718.320713,24032.226407,16843.927525,0.5667859798562501,0.808667038729659,0.2238643379372107,0.5471133507009612,0.0,1,1,2,1,0.10714285714285714,0.23214285714285715,56,0.8,0.45999999999999996,1.0,3,0.5
U0000306,Synthetic_User_00306,2026-01-18 08:25:10+00:00,IOS,L2,0,2026-03-11 08:25:10+00:00,2026-03-04 08:25:10+00:00,239.0,4647.0,3,8,2,13970.903638,15774.33848,8199.593658,0.5869050328067261,1.1290850533887278,0.25542654233042805,0.5988755518708296,0.0,1,2,1,1,0.16,0.12,25,0.4,0.20000000000000004,1.0,4,2.0
U0000307,Synthetic_User_00307,2026-04-07 09:23:16+00:00,IOS,L2,0,2026-05-29 09:23:16+00:00,2026-05-22 09:23:16+00:00,202.0,4520.0,9,24,5,4177.79573,1520.982365,481.916804,0.11535193081352496,0.36406336338516965,0.7553867798802134,1.7939142700271316,9.0,3,1,2,3,0.11538461538461539,0.2948717948717949,78,1.0,0.4222222222222222,1.0,6,0.5
U0000308,Synthetic_User_00308,2026-02-12 15:19:53+00:00,WEB,L2,0,2026-04-05 15:19:53+00:00,2026-03-29 15:19:53+00:00,489.0,943.0,4,14,4,3614.21737,6149.843299,5328.629724,1.4743523088098047,1.7015698474715704,0.20997378399297734,0.5040107223380184,3.0,2,1,2,3,0.125,0.10416666666666667,48,1.0,0.675,1.0,5,0.5
U0000309,Synthetic_User_00309,2026-02-04 09:54:37+00:00,ANDROID,L2,0,2026-03-28 09:54:37+00:00,2026-03-21 09:54:37+00:00,296.0,2232.0,3,12,5,899.953487,1397.664117,468.528821,0.5206144848239251,1.5530403928531031,0.41173473715968223,1.0076855884445814,3.0,2,2,1,1,0.16666666666666666,0.25,36,0.7,0.5,1.0,6,2.0
U0000310,Synthetic_User_00310,2026-02-03 09:24:44+00:00,ANDROID,L2,0,2026-03-27 09:24:44+00:00,2026-03-20 09:24:44+00:00,625.0,852.0,8,15,4,5107.715542,2271.238137,890.047445,0.17425548421427733,0.44466809443946903,0.6369655696787099,1.5301732459892696,7.0,2,2,2,3,0.16279069767441862,0.16279069767441862,43,0.7,0.35,1.0,5,1.0
U0000311,Synthetic_User_00311,2026-01-05 06:37:18+00:00,ANDROID,L2,0,2026-02-26 06:37:18+00:00,2026-02-19 06:37:18+00:00,216.0,4911.0,6,15,6,6138.954962,1345.2661130000001,842.517288,0.13724115801714853,0.2191360127785867,0.8600386717285929,1.9082277272700705,3.0,3,2,2,1,0.1836734693877551,0.20408163265306123,49,0.8,0.39999999999999997,1.0,5,1.0
U0000312,Synthetic_User_00312,2026-01-16 17:04:57+00:00,H5,L2,0,2026-03-09 17:04:57+00:00,2026-03-02 17:04:57+00:00,342.0,1198.0,11,19,5,6939.419659,7062.42827,333.892651,0.04811535652941263,1.0177260660177059,0.6577832224393707,1.4080616724580826,9.0,2,2,2,2,0.13333333333333333,0.11666666666666667,60,1.0,0.4,0.9090909090909091,5,1.0
U0000313,Synthetic_User_00313,2026-04-12 17:53:49+00:00,ANDROID,L2,0,2026-06-03 17:53:49+00:00,2026-05-27 17:53:49+00:00,483.0,158.0,2,6,3,3168.700632,3826.616466,4942.414731,1.5597607047783741,1.207629533492642,0.1839832397790553,0.44574148366053057,1.0,2,3,1,2,0.07142857142857142,0.32142857142857145,28,0.4,0.30000000000000004,1.0,3,3.0
U0000314,Synthetic_User_00314,2026-01-17 09:21:59+00:00,H5,L1,0,2026-03-10 09:21:59+00:00,2026-03-03 09:21:59+00:00,576.0,787.0,7,12,5,4668.943977,2597.918402,2984.0809050000003,0.6391340139654883,0.5564252676403446,0.2631560210205258,0.606098049015408,6.0,1,2,2,3,0.1016949152542373,0.22033898305084745,59,0.9,0.4714285714285714,1.0,4,1.0
U0000315,Synthetic_User_00315,2026-02-21 14:17:26+00:00,ANDROID,L1,0,2026-04-14 14:17:26+00:00,2026-04-07 14:17:26+00:00,472.0,1910.0,12,21,7,7825.332658,5192.950736,1356.627683,0.1733635798361992,0.6636076653803513,0.5543075025561337,1.3499989545013587,10.0,3,2,2,3,0.14666666666666667,0.24,75,1.0,0.425,1.0,4,1.0
U0000316,Synthetic_User_00316,2026-04-12 07:44:53+00:00,ANDROID,L2,0,2026-06-03 07:44:53+00:00,2026-05-27 07:44:53+00:00,517.0,789.0,4,14,6,5414.601092,7283.412447000001,5871.473544,1.0843778598344065,1.345142942803514,0.12851025834630053,0.30191647404911803,2.0,2,1,2,3,0.1702127659574468,0.23404255319148937,47,0.9,0.725,1.0,6,0.5
U0000317,Synthetic_User_00317,2026-03-16 06:39:42+00:00,ANDROID,L2,0,2026-05-07 06:39:42+00:00,2026-04-30 06:39:42+00:00,583.0,695.0,6,7,1,10263.902765,5676.433053,2646.617187,0.2578568062847388,0.5530482101171775,0.5054096175281363,1.229456852226006,2.0,1,1,1,3,0.034482758620689655,0.20689655172413793,29,0.7,0.44999999999999996,1.0,3,1.0
U0000318,Synthetic_User_00318,2026-02-14 08:58:27+00:00,ANDROID,L1,0,2026-04-07 08:58:27+00:00,2026-03-31 08:58:27+00:00,228.0,2603.0,9,16,6,5489.284952,5843.509688,3262.373606,0.5943166795907301,1.064530214608542,0.23482916128191317,0.5305460077942016,8.0,1,1,2,2,0.14035087719298245,0.22807017543859648,57,1.0,0.48888888888888893,1.0,5,0.5
U0000319,Synthetic_User_00319,2026-04-10 02:11:22+00:00,ANDROID,L2,0,2026-06-01 02:11:22+00:00,2026-05-25 02:11:22+00:00,657.0,533.0,4,11,2,8167.436871,5912.589952,2083.622859,0.25511343300347866,0.7239223327202868,0.4660951227368746,1.1291658997240572,0.0,2,1,1,3,0.16129032258064516,0.2903225806451613,31,0.8,0.325,0.75,4,1.0
U0000320,Synthetic_User_00320,2026-03-18 04:14:33+00:00,IOS,L2,0,2026-05-09 04:14:33+00:00,2026-05-02 04:14:33+00:00,573.0,2466.0,11,16,6,952.0856739999999,986.720265,493.81496200000004,0.5186665186603785,1.0363775991445074,0.2770342518179583,0.6078694417170101,11.0,1,2,1,3,0.10606060606060606,0.2878787878787879,66,1.0,0.4636363636363636,1.0,5,2.0
U0000321,Synthetic_User_00321,2026-04-11 22:25:45+00:00,ANDROID,L1,0,2026-06-02 22:25:45+00:00,2026-05-26 22:25:45+00:00,505.0,2323.0,7,18,3,896.7513769999999,600.749658,131.884152,0.1470688034416032,0.6699177424290702,0.5797943279683772,1.408262265612459,7.0,1,3,2,2,0.11864406779661017,0.3050847457627119,59,1.0,0.5142857142857143,1.0,5,1.5
U0000322,Synthetic_User_00322,2026-04-07 06:55:46+00:00,H5,L2,0,2026-05-29 06:55:46+00:00,2026-05-22 06:55:46+00:00,269.0,1678.0,8,17,2,1290.560349,484.22195,300.291392,0.23268295220187332,0.3752028724384744,0.6217663985333732,1.431663310987446,8.0,2,1,1,1,0.15384615384615385,0.25,52,1.0,0.4625,0.875,3,1.0
U0000323,Synthetic_User_00323,2026-02-19 04:41:37+00:00,ANDROID,L2,0,2026-04-12 04:41:37+00:00,2026-04-05 04:41:37+00:00,65.0,219.0,10,17,4,21091.658327999998,17159.261932,15014.829096000001,0.7118847111261627,0.8135567941199016,0.1417268061484668,0.34225535013423136,2.0,1,2,1,3,0.09090909090909091,0.4,55,1.0,0.47000000000000003,1.0,5,2.0
U0000324,Synthetic_User_00324,2026-01-19 11:05:18+00:00,ANDROID,L2,0,2026-03-12 11:05:18+00:00,2026-03-05 11:05:18+00:00,29.0,3583.0,6,19,4,4357.799097,6504.00988,272.071941,0.06243333732096553,1.4924987901524638,0.6965018538757217,1.6791821247858614,5.0,3,3,1,3,0.1724137931034483,0.27586206896551724,58,1.0,0.5166666666666667,0.8333333333333334,5,3.0
U0000325,Synthetic_User_00325,2026-03-11 01:02:05+00:00,ANDROID,L2,0,2026-05-02 01:02:05+00:00,2026-04-25 01:02:05+00:00,51.0,3868.0,13,19,3,9096.075021999999,5151.361932,936.602003,0.10296770868036054,0.5663279952661763,0.6582633879407408,1.6121151378971663,9.0,2,2,2,3,0.16393442622950818,0.29508196721311475,61,0.9,0.4461538461538461,1.0,6,1.0
U0000326,Synthetic_User_00326,2026-01-29 20:39:04+00:00,ANDROID,L2,0,2026-03-22 20:39:04+00:00,2026-03-15 20:39:04+00:00,520.0,1240.0,8,13,3,4055.749584,3917.82867,3491.2451880000003,0.8608137942670379,0.9659937303466416,0.06287711871269619,0.14771384806468257,8.0,2,2,1,3,0.11538461538461539,0.3076923076923077,52,0.8,0.375,1.0,5,2.0
U0000327,Synthetic_User_00327,2026-01-04 22:12:34+00:00,WEB,L2,0,2026-02-25 22:12:34+00:00,2026-02-18 22:12:34+00:00,145.0,4552.0,2,5,2,11707.613379,6185.359912,14897.372653,1.2724517090495562,0.528319454338551,0.32926499494376926,0.7970650345572944,0.0,1,1,1,3,0.1,0.3,30,0.8,0.55,1.0,3,1.0
U0000328,Synthetic_User_00328,2026-04-28 02:45:23+00:00,WEB,L2,0,2026-06-19 02:45:23+00:00,2026-06-12 02:45:23+00:00,633.0,4090.0,3,14,5,7060.9454129999995,10479.573118,1339.848132,0.1897547783804118,1.4841600529450236,0.599120300615472,1.452258605323252,0.0,1,2,1,1,0.08333333333333333,0.375,48,0.5,0.4000000000000001,1.0,6,2.0
U0000329,Synthetic_User_00329,2026-01-26 13:52:26+00:00,IOS,L2,0,2026-03-19 13:52:26+00:00,2026-03-12 13:52:26+00:00,245.0,822.0,14,38,8,4819.701387,3462.619338,2279.243497,0.4729013924281114,0.718430263613342,0.2948271876681699,0.7216141008852165,14.0,1,2,2,3,0.13953488372093023,0.20930232558139536,129,1.0,0.43571428571428567,1.0,5,1.0
U0000330,Synthetic_User_00330,2026-01-02 10:32:21+00:00,ANDROID,L2,0,2026-02-23 10:32:21+00:00,2026-02-16 10:32:21+00:00,501.0,3303.0,4,10,2,980.816552,766.049519,295.411109,0.3011889515910209,0.7810324136944214,0.42047352192183474,1.006825297337945,4.0,1,1,2,3,0.1282051282051282,0.28205128205128205,39,0.7,0.44999999999999996,1.0,5,0.5
U0000331,Synthetic_User_00331,2026-02-16 15:53:25+00:00,H5,L2,0,2026-04-09 15:53:25+00:00,2026-04-02 15:53:25+00:00,240.0,3435.0,10,22,3,1612.730237,1480.901554,1530.52482,0.949027174468485,0.9182574494013162,0.035269566900680824,0.08552609313863047,10.0,2,1,2,1,0.1864406779661017,0.2711864406779661,59,1.0,0.51,1.0,5,0.5
U0000332,Synthetic_User_00332,2026-03-27 18:44:34+00:00,WEB,L2,1,2026-05-18 18:44:34+00:00,2026-05-11 18:44:34+00:00,200.0,1730.0,8,19,15,2998.747984,2282.447328,2424.366787,0.8084596638114822,0.7611334264093331,0.12056928343455461,0.2788767309108931,8.0,2,1,1,3,0.09090909090909091,0.22077922077922077,77,0.6,0.3125,1.0,6,1.0
U0000333,Synthetic_User_00333,2026-03-09 12:03:48+00:00,ANDROID,L1,0,2026-04-30 12:03:48+00:00,2026-04-23 12:03:48+00:00,142.0,973.0,7,19,7,2452.277618,2479.901146,867.859547,0.353899387504013,1.0112644375160627,0.3897373386177376,0.8338091125757049,7.0,1,3,2,1,0.09090909090909091,0.19318181818181818,88,0.9,0.34285714285714286,1.0,4,1.5
U0000334,Synthetic_User_00334,2026-02-28 15:47:25+00:00,IOS,L2,0,2026-04-21 15:47:25+00:00,2026-04-14 15:47:25+00:00,243.0,3509.0,7,16,6,5178.155619,2348.751581,3390.844963,0.6548364345324246,0.45358844998435727,0.32104906476550216,0.7774688404052941,6.0,2,1,1,2,0.1836734693877551,0.2857142857142857,49,0.8,0.5428571428571429,1.0,5,1.0
U0000335,Synthetic_User_00335,2026-02-09 20:21:08+00:00,H5,L2,0,2026-04-02 20:21:08+00:00,2026-03-26 20:21:08+00:00,70.0,3789.0,6,13,3,4776.734478,2168.274345,2159.500253,0.45208714508748965,0.45392398404942275,0.4058581864951742,0.8623971495286364,5.0,1,2,1,2,0.08695652173913043,0.21739130434782608,46,1.0,0.5833333333333334,1.0,5,2.0
U0000336,Synthetic_User_00336,2026-03-23 15:00:10+00:00,WEB,L2,0,2026-05-14 15:00:10+00:00,2026-05-07 15:00:10+00:00,60.0,3202.0,6,14,7,9910.344131,13919.127727000001,1893.2776720000002,0.19104055792348754,1.4045049841872137,0.5830957380987827,1.4025541912976052,2.0,3,1,2,1,0.14814814814814814,0.25925925925925924,54,1.0,0.65,1.0,6,0.5
U0000337,Synthetic_User_00337,2026-01-22 04:06:13+00:00,ANDROID,L2,0,2026-03-15 04:06:13+00:00,2026-03-08 04:06:13+00:00,33.0,460.0,8,12,10,11091.756444999999,12323.721028,8864.91583,0.7992346274422726,1.1110702880205554,0.13302716530573627,0.32144638067453973,1.0,1,3,2,3,0.13559322033898305,0.3559322033898305,59,0.8,0.41250000000000003,0.875,6,1.5
U0000338,Synthetic_User_00338,2026-04-20 15:00:56+00:00,IOS,L2,0,2026-06-11 15:00:56+00:00,2026-06-04 15:00:56+00:00,499.0,484.0,10,13,4,4744.224006,4851.162717,2663.021363,0.561318639177258,1.0225408224537362,0.24650197845755425,0.5355037959208631,8.0,2,1,2,1,0.20833333333333334,0.1875,48,1.0,0.6,1.0,5,0.5
U0000339,Synthetic_User_00339,2026-03-30 23:34:04+00:00,IOS,L2,0,2026-05-21 23:34:04+00:00,2026-05-14 23:34:04+00:00,269.0,2790.0,7,13,4,4813.676347,4948.616271,2975.610455,0.6181575661717417,1.0280326125548715,0.2119577741408285,0.46467753868737577,5.0,2,1,2,2,0.2,0.175,40,1.0,0.6571428571428571,1.0,5,0.5
U0000340,Synthetic_User_00340,2026-04-11 07:15:07+00:00,ANDROID,L2,0,2026-06-02 07:15:07+00:00,2026-05-26 07:15:07+00:00,397.0,240.0,2,6,6,5432.436855,8612.690088,7286.92553,1.3413732592755558,1.5854192727657577,0.18342822529852512,0.4472499639252129,0.0,2,1,1,1,0.13333333333333333,0.16666666666666666,30,0.8,0.4,1.0,4,1.0
U0000341,Synthetic_User_00341,2026-01-16 11:19:03+00:00,IOS,L2,0,2026-03-09 11:19:03+00:00,2026-03-02 11:19:03+00:00,149.0,2183.0,2,13,3,749.2633840000001,907.470023,523.816597,0.699108762266701,1.211149566865795,0.21658617273620884,0.527830261121588,2.0,2,1,1,1,0.19047619047619047,0.19047619047619047,42,0.8,0.65,1.0,4,1.0
U0000342,Synthetic_User_00342,2026-01-06 20:21:52+00:00,WEB,L1,0,2026-02-27 20:21:52+00:00,2026-02-20 20:21:52+00:00,94.0,2077.0,4,11,4,6512.134034,5505.906238,641.3609240000001,0.09848705825946458,0.8454841698978458,0.6074853934053965,1.3912442664006082,2.0,1,2,2,2,0.17647058823529413,0.3235294117647059,34,0.5,0.35,1.0,3,1.0
U0000343,Synthetic_User_00343,2026-03-21 13:53:09+00:00,ANDROID,L1,0,2026-05-12 13:53:09+00:00,2026-05-05 13:53:09+00:00,66.0,2462.0,18,28,10,6315.248662,6328.372024,1861.448689,0.2947546151588101,1.0020780435897902,0.4348772320950165,0.9238680394108766,17.0,1,2,1,1,0.11206896551724138,0.25862068965517243,116,0.8,0.4666666666666667,1.0,5,2.0
U0000344,Synthetic_User_00344,2026-04-06 16:58:16+00:00,ANDROID,L1,0,2026-05-28 16:58:16+00:00,2026-05-21 16:58:16+00:00,305.0,2346.0,9,18,3,2856.370015,1674.668633,207.650021,0.07269717155324501,0.5862926106231373,0.6859015151358786,1.6768689688315963,9.0,3,1,2,2,0.125,0.32142857142857145,56,0.7,0.3111111111111111,1.0,6,0.5
U0000345,Synthetic_User_00345,2026-03-28 13:07:19+00:00,WEB,L1,0,2026-05-19 13:07:19+00:00,2026-05-12 13:07:19+00:00,484.0,2408.0,13,32,5,2353.571626,2974.187073,1512.8536980000001,0.6427905916639395,1.263690911355336,0.2626248482507114,0.6408783118486051,13.0,1,2,1,3,0.17117117117117117,0.2702702702702703,111,1.0,0.5461538461538461,1.0,5,2.0
U0000346,Synthetic_User_00346,2026-03-19 05:10:01+00:00,WEB,L2,0,2026-05-10 05:10:01+00:00,2026-05-03 05:10:01+00:00,269.0,1354.0,11,25,6,9691.486691,11740.27429,2561.097585,0.26426261178053967,1.211400754530531,0.4919141325396367,1.147738608938541,6.0,2,2,2,3,0.14634146341463414,0.2682926829268293,82,0.8,0.3727272727272727,0.9090909090909091,6,1.0
U0000347,Synthetic_User_00347,2026-03-04 22:59:06+00:00,WEB,L2,0,2026-04-25 22:59:06+00:00,2026-04-18 22:59:06+00:00,338.0,4373.0,10,23,5,10462.330257,11426.311392,1402.376264,0.13404052725841992,1.0921382819429766,0.5815931343583873,1.291133152545268,7.0,1,2,2,2,0.11842105263157894,0.23684210526315788,76,1.0,0.5,1.0,6,1.0
U0000348,Synthetic_User_00348,2026-03-14 20:51:59+00:00,WEB,L2,0,2026-05-05 20:51:59+00:00,2026-04-28 20:51:59+00:00,491.0,778.0,23,35,11,3827.0234960000003,1557.866657,652.229597,0.1704273824505414,0.4070700529088155,0.6635724499467354,1.577636702833334,23.0,1,2,1,3,0.1232876712328767,0.2876712328767123,146,1.0,0.4739130434782609,1.0,6,2.0
U0000349,Synthetic_User_00349,2026-01-01 07:30:45+00:00,ANDROID,L2,0,2026-02-22 07:30:45+00:00,2026-02-15 07:30:45+00:00,125.0,1625.0,13,29,5,2784.064017,3304.666725,1070.150589,0.38438433256759413,1.186993799288057,0.40004038059571984,0.9363960789476594,13.0,2,2,1,1,0.15217391304347827,0.2391304347826087,92,0.8,0.31538461538461543,0.8461538461538461,5,2.0
U0000350,Synthetic_User_00350,2026-02-27 10:56:55+00:00,ANDROID,L2,0,2026-04-20 10:56:55+00:00,2026-04-13 10:56:55+00:00,136.0,3443.0,6,13,4,35869.611837,32441.816597,25776.070302,0.7186046623290088,0.9044373478147266,0.13362298642628018,0.3218347284368177,0.0,1,3,1,3,0.1590909090909091,0.2727272727272727,44,0.6,0.35000000000000003,1.0,5,3.0
U0000351,Synthetic_User_00351,2026-01-06 04:51:17+00:00,WEB,L2,0,2026-02-27 04:51:17+00:00,2026-02-20 04:51:17+00:00,207.0,2706.0,3,6,3,4231.940615,3436.348013,332.849589,0.07865176269728916,0.8120028907825304,0.6307279465414081,1.4619511325459709,1.0,2,2,2,3,0.06666666666666667,0.26666666666666666,30,0.7,0.5666666666666667,0.6666666666666666,3,1.0
U0000352,Synthetic_User_00352,2026-01-15 23:52:11+00:00,WEB,L2,0,2026-03-08 23:52:11+00:00,2026-03-01 23:52:11+00:00,619.0,445.0,11,20,8,9676.746931,2995.494628,6403.816328,0.6617736697737766,0.30955595401629915,0.4289874542678333,1.0507284590837538,7.0,3,1,1,3,0.06818181818181818,0.25,88,0.9,0.2545454545454545,1.0,5,1.0
U0000353,Synthetic_User_00353,2026-02-09 16:57:04+00:00,IOS,L2,0,2026-04-02 16:57:04+00:00,2026-03-26 16:57:04+00:00,281.0,2239.0,20,28,15,3159.6594999999998,1898.007312,1644.683529,0.5205255594787983,0.6006999526373016,0.29657286423070056,0.6781095707870577,20.0,1,2,1,1,0.09774436090225563,0.2781954887218045,133,1.0,0.5700000000000001,0.95,6,2.0
U0000354,Synthetic_User_00354,2026-03-05 06:46:47+00:00,IOS,L2,0,2026-04-26 06:46:47+00:00,2026-04-19 06:46:47+00:00,536.0,3261.0,5,17,2,10702.059405,10988.310473,9940.006446,0.9287938021868978,1.0267472882711026,0.0419614026339721,0.09942695745335643,2.0,2,2,1,3,0.1568627450980392,0.2549019607843137,51,0.7,0.48,1.0,5,2.0
U0000355,Synthetic_User_00355,2026-01-31 04:52:27+00:00,ANDROID,L2,0,2026-03-24 04:52:27+00:00,2026-03-17 04:52:27+00:00,474.0,3305.0,12,14,5,2922.898834,1060.492338,977.841216,0.33454500875140447,0.3628221153821843,0.5430477364655643,1.1761539064595818,12.0,1,2,2,2,0.16129032258064516,0.24193548387096775,62,1.0,0.5666666666666667,1.0,5,1.0
U0000356,Synthetic_User_00356,2026-01-10 13:16:21+00:00,ANDROID,L2,0,2026-03-03 13:16:21+00:00,2026-02-24 13:16:21+00:00,108.0,664.0,6,10,4,11283.566549,6544.401951,801.447932,0.07102789074000967,0.5799940934083465,0.6901733888087057,1.687994681195927,0.0,2,3,1,2,0.09523809523809523,0.2857142857142857,42,1.0,0.3833333333333333,1.0,5,3.0
U0000357,Synthetic_User_00357,2026-01-13 13:58:28+00:00,ANDROID,L2,0,2026-03-06 13:58:28+00:00,2026-02-27 13:58:28+00:00,64.0,4054.0,7,15,2,2974.721198,2425.077689,92.146226,0.03097642429883945,0.8152285634803211,0.6826097439861972,1.5746196908505046,7.0,1,1,1,1,0.23404255319148937,0.2127659574468085,47,1.0,0.6571428571428573,1.0,5,1.0
U0000358,Synthetic_User_00358,2026-04-13 04:21:52+00:00,WEB,L1,0,2026-06-04 04:21:52+00:00,2026-05-28 04:21:52+00:00,564.0,537.0,10,14,3,3757.181264,1641.956342,2487.555894,0.6620803520540499,0.43701813317676547,0.33067141164302855,0.8046052209332085,10.0,2,2,1,3,0.10909090909090909,0.23636363636363636,55,1.0,0.53,1.0,4,2.0
U0000359,Synthetic_User_00359,2026-04-13 19:16:05+00:00,ANDROID,L2,0,2026-06-04 19:16:05+00:00,2026-05-28 19:16:05+00:00,335.0,1882.0,6,8,4,9199.765419,8942.549884,7570.997641,0.8229555098615716,0.9720410767791122,0.08341234192734938,0.19003009626342918,0.0,3,2,2,3,0.13513513513513514,0.1891891891891892,37,1.0,0.7166666666666667,1.0,3,1.0
U0000360,Synthetic_User_00360,2026-04-08 12:22:56+00:00,WEB,L2,0,2026-05-30 12:22:56+00:00,2026-05-23 12:22:56+00:00,564.0,2707.0,6,25,5,15616.672281,13495.076479,9005.466507000001,0.576657199751607,0.8641454617331481,0.21691935849524605,0.5203322746184703,0.0,1,1,2,1,0.19444444444444445,0.25,72,0.8,0.46666666666666673,1.0,6,0.5
U0000361,Synthetic_User_00361,2026-01-27 01:23:06+00:00,WEB,L2,0,2026-03-20 01:23:06+00:00,2026-03-13 01:23:06+00:00,393.0,2380.0,3,8,2,1396.619806,1015.0308650000001,1011.7471380000001,0.7244255978996191,0.7267767939702268,0.15831789147293013,0.3372725194146432,3.0,2,2,1,1,0.18518518518518517,0.18518518518518517,27,1.0,0.6,1.0,2,2.0
U0000362,Synthetic_User_00362,2026-03-30 19:49:58+00:00,WEB,L1,0,2026-05-21 19:49:58+00:00,2026-05-14 19:49:58+00:00,102.0,118.0,10,11,2,2236.245867,927.361916,346.27829099999997,0.15484804068728994,0.41469586581912277,0.6755909027148744,1.615409334793127,10.0,1,2,1,1,0.21052631578947367,0.18421052631578946,38,0.9,0.65,1.0,4,2.0
U0000363,Synthetic_User_00363,2026-02-26 22:31:11+00:00,IOS,L2,0,2026-04-19 22:31:11+00:00,2026-04-12 22:31:11+00:00,224.0,4613.0,7,11,4,1389.9220500000001,438.54142,63.997313000000005,0.04604381447146622,0.3155151182758774,0.8847533472358823,2.101905755053102,7.0,3,1,1,3,0.09302325581395349,0.2558139534883721,43,0.6,0.21428571428571427,0.8571428571428571,4,1.0
U0000364,Synthetic_User_00364,2026-03-15 07:23:54+00:00,ANDROID,L2,0,2026-05-06 07:23:54+00:00,2026-04-29 07:23:54+00:00,195.0,281.0,8,17,4,10326.538564,14204.389842999999,11480.196234000001,1.1117177515824943,1.375522858406671,0.13544391804355935,0.32305444367474057,2.0,2,2,2,1,0.16393442622950818,0.26229508196721313,61,1.0,0.5125,0.875,5,1.0
U0000365,Synthetic_User_00365,2026-02-14 09:33:50+00:00,H5,L2,0,2026-04-07 09:33:50+00:00,2026-03-31 09:33:50+00:00,284.0,2074.0,13,36,18,12767.424082,4527.874433,4177.573482,0.3272056646014995,0.3546427536141429,0.5545561991836868,1.2000980494644728,8.0,1,1,2,3,0.15833333333333333,0.26666666666666666,120,0.9,0.4461538461538461,1.0,6,0.5
U0000366,Synthetic_User_00366,2026-04-14 22:08:12+00:00,IOS,L2,0,2026-06-05 22:08:12+00:00,2026-05-29 22:08:12+00:00,463.0,1493.0,5,20,6,2092.0664589999997,5072.852416,1544.1549340000001,0.738100325330057,2.424804620415742,0.5341048603597957,1.215524483793016,5.0,2,2,2,3,0.15492957746478872,0.3380281690140845,71,0.5,0.38,1.0,6,1.0
U0000367,Synthetic_User_00367,2026-03-14 21:17:57+00:00,ANDROID,L2,0,2026-05-05 21:17:57+00:00,2026-04-28 21:17:57+00:00,487.0,1994.0,8,15,4,1555.5617490000002,1102.103159,1336.871971,0.8594142738849256,0.7084920670674063,0.13906179030777216,0.34055907135361324,8.0,2,3,1,2,0.125,0.3541666666666667,48,1.0,0.5,1.0,5,3.0
U0000368,Synthetic_User_00368,2026-01-19 04:27:21+00:00,ANDROID,L2,0,2026-03-12 04:27:21+00:00,2026-03-05 04:27:21+00:00,24.0,99.0,5,19,5,1966.711239,3948.32885,1086.223398,0.5523044646616778,2.007579339409063,0.5128762728126991,1.226395260218836,5.0,1,1,2,3,0.09333333333333334,0.24,75,1.0,0.54,0.6,6,0.5
U0000369,Synthetic_User_00369,2026-03-12 05:20:16+00:00,ANDROID,L2,0,2026-05-03 05:20:16+00:00,2026-04-26 05:20:16+00:00,225.0,2194.0,1,5,2,1029.95708,5464.10338,2014.558391,1.9559634378162634,5.305175804024766,0.6703258864201985,1.5634075439207846,0.0,2,1,1,3,0.18181818181818182,0.13636363636363635,22,0.9,0.9,1.0,4,1.0
U0000370,Synthetic_User_00370,2026-02-05 02:17:58+00:00,ANDROID,L2,0,2026-03-29 02:17:58+00:00,2026-03-22 02:17:58+00:00,41.0,2406.0,19,36,13,1907.712272,419.567557,1078.70037,0.5654418571565387,0.21993230486489213,0.5362778692136896,1.3107633879700071,19.0,2,2,1,3,0.12878787878787878,0.23484848484848486,132,0.9,0.5105263157894736,1.0,6,2.0
U0000371,Synthetic_User_00371,2026-04-11 22:51:07+00:00,ANDROID,L2,0,2026-06-02 22:51:07+00:00,2026-05-26 22:51:07+00:00,570.0,780.0,7,16,4,5489.56134,4030.706258,2137.035544,0.3892907669012402,0.7342492429458853,0.3532106997402974,0.8627705109395019,6.0,2,1,2,1,0.09090909090909091,0.23636363636363636,55,0.9,0.31428571428571433,0.8571428571428571,6,0.5
U0000372,Synthetic_User_00372,2026-01-07 02:26:42+00:00,WEB,L2,0,2026-02-28 02:26:42+00:00,2026-02-21 02:26:42+00:00,343.0,1058.0,3,12,2,2508.711967,717.51512,638.778353,0.2546240307387189,0.2860093663355176,0.6702721727746624,1.4514341387317684,2.0,1,1,1,1,0.21212121212121213,0.21212121212121213,33,0.6,0.3,0.6666666666666666,5,1.0
U0000373,Synthetic_User_00373,2026-03-04 11:00:41+00:00,ANDROID,L2,0,2026-04-25 11:00:41+00:00,2026-04-18 11:00:41+00:00,351.0,4627.0,2,13,3,3022.947497,3104.637858,1808.90317,0.5983905349977701,1.0270234137645693,0.22396551499017167,0.4897889100142055,1.0,1,2,2,3,0.13043478260869565,0.2826086956521739,46,0.5,0.45,1.0,4,1.0
U0000374,Synthetic_User_00374,2026-01-09 11:57:50+00:00,WEB,L2,0,2026-03-02 11:57:50+00:00,2026-02-23 11:57:50+00:00,313.0,3634.0,3,10,1,6133.098331,5046.246015000001,7020.554691,1.1446995159875906,0.8227890280991487,0.13308489221560318,0.3254373013805636,0.0,1,1,1,3,0.23333333333333334,0.2,30,0.7,0.39999999999999997,1.0,4,1.0
U0000375,Synthetic_User_00375,2026-02-18 08:01:17+00:00,ANDROID,L2,0,2026-04-11 08:01:17+00:00,2026-04-04 08:01:17+00:00,267.0,202.0,3,9,1,6564.701497,3790.061751,4825.374367,0.7350485576846328,0.5773395412924744,0.22624927501445433,0.5483428048619835,1.0,1,1,1,2,0.25,0.10714285714285714,28,0.7,0.5333333333333333,1.0,5,1.0
U0000376,Synthetic_User_00376,2026-01-19 07:57:29+00:00,ANDROID,L2,0,2026-03-12 07:57:29+00:00,2026-03-05 07:57:29+00:00,498.0,642.0,4,9,2,1783.368468,1390.199838,2307.574701,1.2939416292292547,0.7795359528583973,0.2056805217605437,0.5021077876430601,4.0,1,2,1,2,0.05714285714285714,0.2571428571428571,35,0.3,0.225,1.0,5,2.0
U0000377,Synthetic_User_00377,2026-02-13 03:50:39+00:00,ANDROID,L2,0,2026-04-06 03:50:39+00:00,2026-03-30 03:50:39+00:00,396.0,4653.0,4,11,3,11875.051604,7666.256151,6725.183642,0.5663287930247549,0.645576659929435,0.2557325031823284,0.588186813856858,0.0,2,1,1,2,0.21212121212121213,0.36363636363636365,33,0.8,0.35,0.75,3,1.0
U0000378,Synthetic_User_00378,2026-03-28 04:28:13+00:00,WEB,L2,1,2026-05-19 04:28:13+00:00,2026-05-12 04:28:13+00:00,251.0,1457.0,20,29,12,4425.172462,3428.244634,3878.804537,0.8765318347043441,0.7747143559802799,0.10423092097525835,0.25492047265691137,20.0,3,3,2,3,0.07547169811320754,0.2358490566037736,106,1.0,0.385,0.95,6,1.5
U0000379,Synthetic_User_00379,2026-04-23 15:07:57+00:00,ANDROID,L2,0,2026-06-14 15:07:57+00:00,2026-06-07 15:07:57+00:00,202.0,3825.0,6,4,1,2399.046499,2346.859367,390.937401,0.16295532461040474,0.9782467192604423,0.5458063901871578,1.17276836782258,6.0,1,1,1,1,0.1,0.16666666666666666,30,0.8,0.43333333333333335,1.0,4,1.0
U0000380,Synthetic_User_00380,2026-03-01 15:46:37+00:00,WEB,L1,0,2026-04-22 15:46:37+00:00,2026-04-15 15:46:37+00:00,89.0,1157.0,4,16,3,2828.095143,1265.377644,1475.932322,0.5218821317426944,0.4474310728661366,0.372966385464753,0.8417689870367089,3.0,1,2,1,1,0.10204081632653061,0.12244897959183673,49,0.8,0.25,1.0,5,2.0
U0000381,Synthetic_User_00381,2026-03-28 02:26:06+00:00,WEB,L2,0,2026-05-19 02:26:06+00:00,2026-05-12 02:26:06+00:00,347.0,1743.0,8,9,6,1867.79351,1021.094695,313.058498,0.16760872993931752,0.5466849999923171,0.5954741380912986,1.4566779114811519,8.0,3,2,2,1,0.06896551724137931,0.25862068965517243,58,0.7,0.3875,0.875,5,1.0
U0000382,Synthetic_User_00382,2026-03-14 16:27:49+00:00,IOS,L2,0,2026-05-05 16:27:49+00:00,2026-04-28 16:27:49+00:00,536.0,2891.0,2,8,2,2115.850023,1617.462264,1147.231103,0.5422081388232686,0.7644503374141088,0.24310369139386112,0.5953961532139969,1.0,1,1,2,2,0.15384615384615385,0.3076923076923077,26,0.2,0.1,1.0,4,0.5
U0000383,Synthetic_User_00383,2026-03-30 08:22:58+00:00,WEB,L1,0,2026-05-21 08:22:58+00:00,2026-05-14 08:22:58+00:00,524.0,1216.0,3,14,4,2291.485852,826.995774,691.356893,0.3017068128073261,0.3608993585005997,0.5704627775551339,1.2599974652626476,2.0,1,2,1,2,0.1794871794871795,0.28205128205128205,39,0.9,0.6333333333333333,1.0,6,2.0
U0000384,Synthetic_User_00384,2026-01-24 10:00:11+00:00,ANDROID,L2,0,2026-03-17 10:00:11+00:00,2026-03-10 10:00:11+00:00,554.0,327.0,6,11,5,3466.294871,2745.618822,3692.911341,1.0653771471942381,0.7920903801262325,0.12232911783288808,0.28691850156310394,5.0,2,2,1,3,0.06521739130434782,0.21739130434782608,46,1.0,0.6333333333333333,0.8333333333333334,4,2.0
U0000385,Synthetic_User_00385,2026-01-17 02:09:06+00:00,WEB,L2,0,2026-03-10 02:09:06+00:00,2026-03-03 02:09:06+00:00,410.0,2222.0,2,13,2,1549.651513,4301.605262,2687.018837,1.7339503846243138,2.775853297282587,0.3967184450096647,0.9669237234971563,1.0,1,2,1,2,0.16666666666666666,0.25,36,0.5,0.45,1.0,6,2.0
U0000386,Synthetic_User_00386,2026-03-27 12:21:42+00:00,IOS,L2,0,2026-05-18 12:21:42+00:00,2026-05-11 12:21:42+00:00,60.0,539.0,3,5,3,17555.533143,10307.747606,4067.428759,0.2316892757325245,0.5871509296833891,0.5178350331522861,1.2672538059908116,0.0,2,2,1,3,0.07142857142857142,0.17857142857142858,28,0.5,0.4000000000000001,1.0,4,2.0
U0000387,Synthetic_User_00387,2026-02-05 14:06:46+00:00,IOS,L2,0,2026-03-29 14:06:46+00:00,2026-03-22 14:06:46+00:00,40.0,2026.0,4,7,4,3828.900099,5714.6044999999995,6613.056479,1.7271426017950018,1.4924924527261738,0.21542992951048479,0.5169707278471133,2.0,1,2,2,2,0.08108108108108109,0.16216216216216217,37,0.8,0.4,1.0,4,1.0
U0000388,Synthetic_User_00388,2026-03-04 23:37:54+00:00,WEB,L2,0,2026-04-25 23:37:54+00:00,2026-04-18 23:37:54+00:00,29.0,656.0,8,15,5,2405.7143579999997,2784.086697,1680.855403,0.6986928424858327,1.1572806587539186,0.19986589415640907,0.4817143605173689,8.0,3,1,2,3,0.1206896551724138,0.22413793103448276,58,0.9,0.525,1.0,5,0.5
U0000389,Synthetic_User_00389,2026-02-19 22:30:39+00:00,ANDROID,L2,1,2026-04-12 22:30:39+00:00,2026-04-05 22:30:39+00:00,181.0,1365.0,14,27,16,2601.242328,2400.628543,2500.919364,0.9614326727963347,0.9228777023806757,0.032747910799142306,0.0802156712568681,14.0,4,4,1,1,0.11538461538461539,0.2692307692307692,104,0.9,0.5214285714285715,1.0,6,4.0
U0000390,Synthetic_User_00390,2026-02-24 22:35:19+00:00,IOS,L2,0,2026-04-17 22:35:19+00:00,2026-04-10 22:35:19+00:00,191.0,957.0,10,13,5,3073.927479,2853.482931,623.827718,0.20294158605294801,0.9282857030603356,0.5067870095086098,1.1219710136294405,10.0,2,2,1,1,0.11940298507462686,0.22388059701492538,67,1.0,0.49000000000000005,0.7,5,2.0
U0000391,Synthetic_User_00391,2026-02-18 03:01:52+00:00,IOS,L2,0,2026-04-11 03:01:52+00:00,2026-04-04 03:01:52+00:00,323.0,2502.0,9,27,4,11591.871978,11464.348554,6905.295142,0.5957014669507593,0.9889988929965735,0.2182637639107104,0.46925965498470257,6.0,2,1,2,2,0.14772727272727273,0.3181818181818182,88,0.9,0.41111111111111115,1.0,6,0.5
U0000392,Synthetic_User_00392,2026-04-17 03:03:32+00:00,WEB,L2,0,2026-06-08 03:03:32+00:00,2026-06-01 03:03:32+00:00,596.0,418.0,10,26,4,8065.604254,8105.108577,3316.290837,0.4111645863799159,1.0048978751939643,0.3461102011723474,0.7372325404542024,7.0,1,2,1,1,0.11702127659574468,0.26595744680851063,94,0.9,0.5900000000000001,1.0,6,2.0
U0000393,Synthetic_User_00393,2026-04-03 11:21:32+00:00,ANDROID,L2,0,2026-05-25 11:21:32+00:00,2026-05-18 11:21:32+00:00,431.0,4023.0,4,4,5,821.444506,892.217427,52.710926,0.06416857817538316,1.0861566672892204,0.6456711930673906,1.4258141989488076,4.0,3,3,2,1,0.08,0.24,25,1.0,0.775,1.0,3,1.5
U0000394,Synthetic_User_00394,2026-02-18 00:18:39+00:00,WEB,L2,0,2026-04-11 00:18:39+00:00,2026-04-04 00:18:39+00:00,187.0,4598.0,8,9,5,5841.987999,2600.471631,1855.354202,0.31758952642791966,0.4451347095278413,0.504175456091473,1.1614019816356687,7.0,2,2,1,1,0.07692307692307693,0.3076923076923077,52,1.0,0.5875,1.0,3,2.0
U0000395,Synthetic_User_00395,2026-03-03 14:25:13+00:00,IOS,L2,0,2026-04-24 14:25:13+00:00,2026-04-17 14:25:13+00:00,38.0,4228.0,12,24,3,2358.692081,1974.546997,1309.8351659999998,0.5553226623140555,0.8371363998317506,0.2303374905197189,0.55759867918548,12.0,2,2,2,2,0.12345679012345678,0.1728395061728395,81,0.9,0.3666666666666667,1.0,6,1.0
U0000396,Synthetic_User_00396,2026-03-04 21:01:04+00:00,ANDROID,L2,0,2026-04-25 21:01:04+00:00,2026-04-18 21:01:04+00:00,134.0,3600.0,5,9,2,2506.000899,399.792078,120.760696,0.048188608411189555,0.15953389248963712,1.055414129978466,2.3643131370299018,5.0,1,1,1,2,0.10526315789473684,0.18421052631578946,38,0.9,0.44000000000000006,1.0,3,1.0
U0000397,Synthetic_User_00397,2026-04-28 18:20:12+00:00,ANDROID,L2,0,2026-06-19 18:20:12+00:00,2026-06-12 18:20:12+00:00,122.0,615.0,4,11,7,1368.593443,1327.419861,1584.469357,1.1577356044661395,0.9699154031384616,0.07900732150990966,0.18015456411633846,4.0,2,2,2,2,0.13636363636363635,0.13636363636363635,44,0.9,0.65,0.75,5,1.0
U0000398,Synthetic_User_00398,2026-03-29 19:11:29+00:00,IOS,L1,0,2026-05-20 19:11:29+00:00,2026-05-13 19:11:29+00:00,496.0,4363.0,9,22,6,4251.571637,4770.953381,1755.772116,0.41297013573053903,1.1221622939338467,0.3663314196786094,0.8392368184456475,8.0,3,3,2,3,0.12857142857142856,0.2571428571428571,70,1.0,0.5444444444444445,0.8888888888888888,6,1.5
U0000399,Synthetic_User_00399,2026-04-12 18:01:46+00:00,IOS,L2,0,2026-06-03 18:01:46+00:00,2026-05-27 18:01:46+00:00,174.0,4024.0,8,28,1,1537.70959,3784.166572,357.678923,0.23260498947658903,2.460911082696701,0.7507251039024728,1.809906373502494,8.0,1,1,1,2,0.23809523809523808,0.2222222222222222,63,0.6,0.3625,1.0,5,1.0
U0000400,Synthetic_User_00400,2026-03-26 21:40:06+00:00,WEB,L2,0,2026-05-17 21:40:06+00:00,2026-05-10 21:40:06+00:00,204.0,2028.0,7,13,5,3569.60362,4914.2415249999995,1504.531561,0.42148420977901185,1.3766910974277866,0.42118773743416577,1.0241033346144603,6.0,1,2,2,1,0.10909090909090909,0.2,55,0.9,0.6857142857142857,1.0,5,1.0
U0000401,Synthetic_User_00401,2026-03-22 11:33:02+00:00,IOS,L2,0,2026-05-13 11:33:02+00:00,2026-05-06 11:33:02+00:00,495.0,2387.0,11,13,7,2310.4367899999997,554.384293,327.320598,0.14167044059231765,0.23994782951841762,0.8328503556174445,1.8637482826690357,11.0,3,1,1,2,0.13333333333333333,0.26666666666666666,60,0.8,0.45454545454545453,1.0,5,1.0
U0000402,Synthetic_User_00402,2026-01-31 05:44:42+00:00,ANDROID,L2,0,2026-03-24 05:44:42+00:00,2026-03-17 05:44:42+00:00,588.0,2368.0,2,6,1,9097.977051,8435.541349,1944.454595,0.21372384037683148,0.9271886818040292,0.49708700457730154,1.1017864833013646,0.0,1,1,2,2,0.2,0.26666666666666666,15,0.1,0.05,1.0,3,0.5
U0000403,Synthetic_User_00403,2026-04-30 14:05:15+00:00,WEB,L2,0,2026-06-21 14:05:15+00:00,2026-06-14 14:05:15+00:00,97.0,4158.0,5,12,2,10812.892826,11261.821499,6446.0759,0.5961472109018017,1.0415179064681501,0.2284750788330938,0.506551069694283,0.0,2,1,1,1,0.16216216216216217,0.2702702702702703,37,1.0,0.54,1.0,6,1.0
U0000404,Synthetic_User_00404,2026-02-04 20:32:53+00:00,IOS,L2,0,2026-03-28 20:32:53+00:00,2026-03-21 20:32:53+00:00,218.0,513.0,4,14,9,3446.2684010000003,5419.593085,3733.8961229999995,1.0834606271283278,1.5725975038471764,0.20724130427164317,0.4698482491259487,3.0,2,1,1,2,0.17647058823529413,0.27450980392156865,51,0.6,0.225,1.0,6,1.0
U0000405,Synthetic_User_00405,2026-01-06 08:19:52+00:00,IOS,L2,0,2026-02-27 08:19:52+00:00,2026-02-20 08:19:52+00:00,652.0,2671.0,4,15,6,4301.629065,4519.059437,4166.217293,0.9685208161945501,1.0505460533008557,0.03357350389799495,0.08150720800697088,2.0,2,2,1,2,0.12,0.24,50,0.9,0.425,1.0,5,2.0
U0000406,Synthetic_User_00406,2026-02-09 17:58:24+00:00,IOS,L2,0,2026-04-02 17:58:24+00:00,2026-03-26 17:58:24+00:00,404.0,4008.0,6,18,6,12661.172225,8965.438104,6827.0487299999995,0.5392114259783714,0.7081049009267387,0.25408584368251663,0.6151184439480354,0.0,1,1,2,2,0.18518518518518517,0.14814814814814814,54,0.8,0.35000000000000003,1.0,5,0.5
U0000407,Synthetic_User_00407,2026-01-15 08:33:06+00:00,WEB,L2,0,2026-03-08 08:33:06+00:00,2026-03-01 08:33:06+00:00,408.0,164.0,8,11,3,18377.620662,17495.722158,19828.735224,1.078960959565376,0.9520123676388897,0.051803365898477796,0.12565131219110606,0.0,1,2,1,3,0.09615384615384616,0.25,52,0.9,0.47500000000000003,1.0,5,2.0
U0000408,Synthetic_User_00408,2026-01-19 02:11:12+00:00,ANDROID,L1,0,2026-03-12 02:11:12+00:00,2026-03-05 02:11:12+00:00,151.0,564.0,6,8,5,11127.064837000002,11675.697037,5606.163884,0.5038313307349697,1.0493061025559653,0.2894573790094865,0.6409464269824573,0.0,1,3,2,1,0.08108108108108109,0.24324324324324326,37,0.9,0.3,1.0,3,1.5
U0000409,Synthetic_User_00409,2026-01-03 08:55:13+00:00,WEB,L2,0,2026-02-24 08:55:13+00:00,2026-02-17 08:55:13+00:00,515.0,803.0,5,13,3,5133.2321680000005,5129.656131,3113.810295,0.6065983756610792,0.9993033556864438,0.21330887454695566,0.45289692194435643,3.0,3,2,1,3,0.13725490196078433,0.19607843137254902,51,0.6,0.38,1.0,5,2.0
U0000410,Synthetic_User_00410,2026-04-19 05:33:52+00:00,ANDROID,L1,0,2026-06-10 05:33:52+00:00,2026-06-03 05:33:52+00:00,37.0,1788.0,12,30,9,4789.190854,5920.870104,5197.817934000001,1.0853227804982357,1.2362986325873409,0.088241639681358,0.21341863192756305,12.0,2,2,2,1,0.1134020618556701,0.27835051546391754,97,1.0,0.35000000000000003,0.9166666666666666,5,1.0
U0000411,Synthetic_User_00411,2026-03-02 04:23:43+00:00,ANDROID,L2,0,2026-04-23 04:23:43+00:00,2026-04-16 04:23:43+00:00,413.0,2890.0,11,21,5,2326.8211690000003,1963.238895,1771.893189,0.7615081092637247,0.8437429232448245,0.11390240918535574,0.27462830386824844,11.0,2,1,1,1,0.1527777777777778,0.3194444444444444,72,1.0,0.6272727272727272,1.0,5,1.0
U0000412,Synthetic_User_00412,2026-02-08 20:35:04+00:00,ANDROID,L2,0,2026-04-01 20:35:04+00:00,2026-03-25 20:35:04+00:00,303.0,1695.0,9,16,9,1291.259027,1429.472172,1723.880587,1.3350385561331686,1.107037505341676,0.12177438687739602,0.29200855833756284,9.0,2,3,1,1,0.09876543209876543,0.2839506172839506,81,1.0,0.4444444444444444,0.7777777777777778,5,3.0
U0000413,Synthetic_User_00413,2026-03-18 06:26:56+00:00,ANDROID,L2,0,2026-05-09 06:26:56+00:00,2026-05-02 06:26:56+00:00,436.0,4688.0,7,13,3,2564.952327,2795.204629,1321.59736,0.5152522119371149,1.0897686477741697,0.29060763236801385,0.6616259140827709,7.0,1,2,2,1,0.08888888888888889,0.28888888888888886,45,0.9,0.5142857142857143,1.0,4,1.0
U0000414,Synthetic_User_00414,2026-03-06 05:41:19+00:00,IOS,L1,0,2026-04-27 05:41:19+00:00,2026-04-20 05:41:19+00:00,77.0,4248.0,2,23,5,5717.095361,10595.700415,841.138822,0.14712695326685493,1.8533363090775283,0.6964495149632514,1.70594592230822,0.0,1,2,1,2,0.25806451612903225,0.3064516129032258,62,1.0,0.9,1.0,4,2.0
U0000415,Synthetic_User_00415,2026-03-03 18:37:46+00:00,ANDROID,L2,0,2026-04-24 18:37:46+00:00,2026-04-17 18:37:46+00:00,95.0,2916.0,8,15,6,5072.845266,3718.076805,5375.141183,1.0595909989658256,0.7329371605161827,0.15259212205597636,0.3509226977788842,7.0,1,1,1,3,0.24,0.22,50,1.0,0.625,1.0,4,1.0
U0000416,Synthetic_User_00416,2026-01-13 02:28:01+00:00,WEB,L2,0,2026-03-06 02:28:01+00:00,2026-02-27 02:28:01+00:00,408.0,238.0,4,17,2,9443.945962,2403.765153,2107.528287,0.2231618325094351,0.2545297445233306,0.7289206804065195,1.5771318850929734,0.0,2,1,1,2,0.15555555555555556,0.28888888888888886,45,0.8,0.625,1.0,6,1.0
U0000417,Synthetic_User_00417,2026-03-25 05:52:13+00:00,IOS,L1,0,2026-05-16 05:52:13+00:00,2026-05-09 05:52:13+00:00,625.0,3865.0,4,9,3,1211.608993,1772.496056,1056.500959,0.8719817739088042,1.4629274512161037,0.22834697626089165,0.5315997864546066,4.0,3,2,2,1,0.07142857142857142,0.2857142857142857,28,0.8,0.42500000000000004,1.0,6,1.0
U0000418,Synthetic_User_00418,2026-03-18 22:33:23+00:00,IOS,L2,0,2026-05-09 22:33:23+00:00,2026-05-02 22:33:23+00:00,180.0,1476.0,6,8,2,9379.970659999999,7872.91715,10225.993019000001,1.0901945634657244,0.8393328119429322,0.10624803352044655,0.25689647445721314,3.0,2,2,2,2,0.06451612903225806,0.3225806451612903,31,1.0,0.65,0.8333333333333334,3,1.0
U0000419,Synthetic_User_00419,2026-03-16 19:37:11+00:00,ANDROID,L2,0,2026-05-07 19:37:11+00:00,2026-04-30 19:37:11+00:00,526.0,3162.0,7,10,3,6343.51601,1502.1993710000002,1637.63935,0.2581595675676398,0.23680863556297702,0.7120816378486111,1.531520261445338,4.0,1,2,2,1,0.15789473684210525,0.21052631578947367,38,0.8,0.41428571428571426,0.8571428571428571,5,1.0
U0000420,Synthetic_User_00420,2026-03-20 12:15:28+00:00,IOS,L2,0,2026-05-11 12:15:28+00:00,2026-05-04 12:15:28+00:00,212.0,4966.0,5,18,7,6514.777004,1196.076302,1798.332252,0.27603895741877954,0.18359435806714836,0.7502380786106724,1.6779672674045427,3.0,3,3,2,1,0.14285714285714285,0.23809523809523808,63,0.7,0.24,1.0,5,1.5
U0000421,Synthetic_User_00421,2026-04-12 01:20:34+00:00,WEB,L2,0,2026-06-03 01:20:34+00:00,2026-05-27 01:20:34+00:00,72.0,640.0,5,12,6,2016.730591,2114.094852,1419.384254,0.7038045936002763,1.0482782685176217,0.16600659297705067,0.37550505436335413,5.0,2,3,2,1,0.08888888888888889,0.28888888888888886,45,0.8,0.6,0.8,4,1.5
U0000422,Synthetic_User_00422,2026-04-06 21:28:31+00:00,IOS,L2,0,2026-05-28 21:28:31+00:00,2026-05-21 21:28:31+00:00,52.0,2249.0,15,16,3,2687.005664,3017.076541,919.535304,0.3422156180464233,1.1228396655140063,0.41710016901549873,0.9500282439995584,15.0,1,2,1,1,0.10256410256410256,0.2564102564102564,78,1.0,0.5133333333333333,0.9333333333333333,5,2.0
U0000423,Synthetic_User_00423,2026-03-31 06:59:27+00:00,ANDROID,L2,0,2026-05-22 06:59:27+00:00,2026-05-15 06:59:27+00:00,158.0,4928.0,8,17,4,3468.386496,2644.142985,1230.024551,0.35463883636340854,0.7623553453599884,0.37765766116408345,0.9145436050908996,8.0,2,2,1,3,0.2037037037037037,0.3333333333333333,54,0.8,0.525,1.0,6,2.0
U0000424,Synthetic_User_00424,2026-02-09 23:43:07+00:00,IOS,L2,0,2026-04-02 23:43:07+00:00,2026-03-26 23:43:07+00:00,544.0,4994.0,9,19,3,4163.284403,4885.496898,3279.652963,0.7877561668947555,1.1734718133787798,0.15979794120502702,0.3907659076438907,9.0,2,1,1,2,0.18461538461538463,0.2153846153846154,65,1.0,0.37777777777777777,0.7777777777777778,5,1.0
U0000425,Synthetic_User_00425,2026-03-31 09:25:16+00:00,WEB,L2,0,2026-05-22 09:25:16+00:00,2026-05-15 09:25:16+00:00,409.0,4820.0,3,13,3,7932.796306,7981.041649,7076.832176999999,0.8920980577362626,1.006081757445796,0.05419731070925768,0.11798822741684149,0.0,2,1,2,3,0.21212121212121213,0.18181818181818182,33,1.0,0.7000000000000001,1.0,5,0.5
U0000426,Synthetic_User_00426,2026-04-27 20:36:33+00:00,WEB,L2,0,2026-06-18 20:36:33+00:00,2026-06-11 20:36:33+00:00,555.0,1695.0,8,20,9,4902.323287,3778.343462,4627.960743,0.9440341797270784,0.7707250707066639,0.10785698977656182,0.2533649301572924,8.0,3,3,2,2,0.15,0.16,100,0.9,0.3625,1.0,5,1.5
U0000427,Synthetic_User_00427,2026-03-20 07:26:20+00:00,ANDROID,L2,0,2026-05-11 07:26:20+00:00,2026-05-04 07:26:20+00:00,300.0,606.0,4,10,2,29067.780502,20246.204129,4965.226739,0.1708154751842291,0.6965170294858586,0.5503165411595708,1.3321428123947339,0.0,2,1,2,3,0.10810810810810811,0.2972972972972973,37,1.0,0.525,0.75,3,0.5
U0000428,Synthetic_User_00428,2026-03-01 07:36:42+00:00,ANDROID,L2,0,2026-04-22 07:36:42+00:00,2026-04-15 07:36:42+00:00,656.0,4186.0,7,22,3,1928.372336,2316.733629,1584.046359,0.821442171425135,1.2013933127694485,0.15403526841179546,0.37708086662104523,7.0,1,1,1,3,0.14516129032258066,0.1774193548387097,62,0.9,0.38571428571428573,1.0,6,1.0
U0000429,Synthetic_User_00429,2026-01-14 09:56:19+00:00,IOS,L2,0,2026-03-07 09:56:19+00:00,2026-02-28 09:56:19+00:00,93.0,2153.0,4,13,5,2194.3156480000002,1745.259205,909.4463460000001,0.4144555715258701,0.7953546731486463,0.3293909759431548,0.7949249441918145,4.0,3,1,1,2,0.175,0.225,40,0.8,0.475,1.0,5,1.0
U0000430,Synthetic_User_00430,2026-01-02 01:52:12+00:00,ANDROID,L2,1,2026-02-23 01:52:12+00:00,2026-02-16 01:52:12+00:00,327.0,830.0,18,32,9,4271.067894,4074.615862,2648.58367,0.6201221183397091,0.9540040016043819,0.19728579058136306,0.4427264212701532,18.0,3,2,2,1,0.05263157894736842,0.22807017543859648,114,1.0,0.4388888888888889,1.0,4,1.0
U0000431,Synthetic_User_00431,2026-04-13 12:58:55+00:00,ANDROID,L1,0,2026-06-04 12:58:55+00:00,2026-05-28 12:58:55+00:00,18.0,26.0,8,20,6,1225.630524,298.913722,631.920122,0.515587780840876,0.2438856703931111,0.5332176767618109,1.2892169456889444,8.0,3,3,1,1,0.1,0.2375,80,0.9,0.42500000000000004,1.0,6,3.0
U0000432,Synthetic_User_00432,2026-01-05 23:45:59+00:00,ANDROID,L2,0,2026-02-26 23:45:59+00:00,2026-02-19 23:45:59+00:00,162.0,4518.0,8,26,7,6116.468934,3709.451498,7066.789528,1.1553707873373464,0.6064694414419468,0.2509327357503218,0.5962343587174216,6.0,1,1,1,2,0.18055555555555555,0.25,72,0.8,0.45,1.0,6,1.0
U0000433,Synthetic_User_00433,2026-03-26 02:06:36+00:00,IOS,L2,0,2026-05-17 02:06:36+00:00,2026-05-10 02:06:36+00:00,552.0,1379.0,7,17,3,5630.385037,5284.562901,1702.039581,0.3022954149343375,0.9385793096338112,0.4222757605055337,0.9340610308326642,4.0,1,2,2,3,0.1694915254237288,0.4406779661016949,59,0.5,0.3,1.0,6,1.0
U0000434,Synthetic_User_00434,2026-01-09 04:30:26+00:00,WEB,L1,0,2026-03-02 04:30:26+00:00,2026-02-23 04:30:26+00:00,121.0,960.0,16,24,3,14374.602729999999,12830.664754,5897.3868729999995,0.41026433799746476,0.8925926507326857,0.33410354202570663,0.7682661123403882,11.0,2,3,2,3,0.10416666666666667,0.3333333333333333,96,0.8,0.40625,0.875,5,1.5
U0000435,Synthetic_User_00435,2026-04-06 03:32:37+00:00,IOS,L2,0,2026-05-28 03:32:37+00:00,2026-05-21 03:32:37+00:00,198.0,3576.0,10,26,2,3696.3131510000003,3510.9035480000002,1829.2504099999999,0.4948851288493007,0.9498393140879204,0.2788229946660104,0.6198427057208471,10.0,1,2,1,1,0.15492957746478872,0.2676056338028169,71,0.8,0.37,1.0,6,2.0
U0000436,Synthetic_User_00436,2026-04-03 04:43:56+00:00,ANDROID,L2,0,2026-05-25 04:43:56+00:00,2026-05-18 04:43:56+00:00,280.0,3496.0,4,7,3,6410.621262,1264.003359,4833.957853,0.7540545066441643,0.19717330151643578,0.516361983004586,1.2343408008935353,1.0,1,2,2,3,0.07142857142857142,0.2619047619047619,42,1.0,0.675,1.0,3,1.0
U0000437,Synthetic_User_00437,2026-03-25 20:43:13+00:00,ANDROID,L2,0,2026-05-16 20:43:13+00:00,2026-05-09 20:43:13+00:00,371.0,3508.0,9,24,9,3475.919489,3188.354637,3258.028921,0.937314264991021,0.9172694152122808,0.037033397767064526,0.0869449916933181,9.0,1,1,2,1,0.10526315789473684,0.19736842105263158,76,1.0,0.48888888888888893,1.0,4,0.5
U0000438,Synthetic_User_00438,2026-01-03 02:08:16+00:00,ANDROID,L2,0,2026-02-24 02:08:16+00:00,2026-02-17 02:08:16+00:00,215.0,4046.0,6,7,3,6622.476787,1582.829702,1708.910696,0.2580470647106853,0.23900872028832376,0.7100589175601225,1.5249757971688012,2.0,3,1,1,2,0.08571428571428572,0.3142857142857143,35,1.0,0.3333333333333333,1.0,3,1.0
U0000439,Synthetic_User_00439,2026-01-06 13:28:15+00:00,IOS,L2,0,2026-02-27 13:28:15+00:00,2026-02-20 13:28:15+00:00,165.0,1979.0,4,8,6,14439.024454,6159.6042449999995,3795.216473,0.26284438294919726,0.4265942110302073,0.5612276135561283,1.3089951058495632,0.0,2,3,1,3,0.13157894736842105,0.34210526315789475,38,1.0,0.55,1.0,4,3.0
U0000440,Synthetic_User_00440,2026-04-27 04:59:43+00:00,WEB,L2,0,2026-06-18 04:59:43+00:00,2026-06-11 04:59:43+00:00,474.0,2337.0,3,12,3,2804.1820850000004,2434.872164,605.3640780000001,0.21587901914008553,0.8683003065401866,0.4934870289578889,1.1286758838815063,1.0,2,2,1,3,0.13157894736842105,0.2894736842105263,38,0.6,0.26666666666666666,0.6666666666666666,6,2.0
U0000441,Synthetic_User_00441,2026-01-06 18:00:14+00:00,WEB,L2,0,2026-02-27 18:00:14+00:00,2026-02-20 18:00:14+00:00,415.0,4898.0,5,12,4,2166.2272620000003,1252.75668,1319.119131,0.6089477102149035,0.5783126738250789,0.2633052679162426,0.578377402048552,5.0,1,1,2,2,0.15789473684210525,0.34210526315789475,38,0.5,0.34,0.8,5,0.5
U0000442,Synthetic_User_00442,2026-03-30 14:58:19+00:00,IOS,L1,0,2026-05-21 14:58:19+00:00,2026-05-14 14:58:19+00:00,131.0,2629.0,6,12,4,3228.268886,3335.1513210000003,527.3822210000001,0.16336378400420518,1.0331082814890409,0.5496425635147342,1.1879201804774924,6.0,2,2,2,3,0.1111111111111111,0.25925925925925924,54,0.9,0.4666666666666666,1.0,6,1.0
U0000443,Synthetic_User_00443,2026-02-28 12:41:11+00:00,IOS,L1,0,2026-04-21 12:41:11+00:00,2026-04-14 12:41:11+00:00,141.0,4681.0,6,18,4,1098.367605,1304.3943179999999,1188.767199,1.0823035872402664,1.1875753728188296,0.07043237476859564,0.17209386810034058,6.0,2,2,2,2,0.1568627450980392,0.19607843137254902,51,0.9,0.5166666666666667,0.8333333333333334,6,1.0
U0000444,Synthetic_User_00444,2026-01-18 23:50:38+00:00,ANDROID,L2,0,2026-03-11 23:50:38+00:00,2026-03-04 23:50:38+00:00,217.0,3882.0,7,8,4,1780.597861,1607.4949239999999,2489.384375,1.3980609712750858,0.9027838116671757,0.1947406541029107,0.4501367306036457,7.0,2,2,1,1,0.061224489795918366,0.32653061224489793,49,0.9,0.38571428571428573,0.8571428571428571,5,2.0
U0000445,Synthetic_User_00445,2026-01-17 00:36:18+00:00,ANDROID,L1,0,2026-03-10 00:36:18+00:00,2026-03-03 00:36:18+00:00,659.0,4830.0,9,11,4,2539.180523,1022.942225,2589.76213,1.0199204454121438,0.4028631346744148,0.35451433577888164,0.7640682178253206,9.0,3,1,2,3,0.06666666666666667,0.26666666666666666,45,1.0,0.5777777777777778,0.8888888888888888,4,0.5
U0000446,Synthetic_User_00446,2026-01-03 02:11:21+00:00,IOS,L2,0,2026-02-24 02:11:21+00:00,2026-02-17 02:11:21+00:00,188.0,69.0,5,13,4,4728.539241,2984.248475,676.459274,0.1430588263146022,0.6311142454152259,0.5934661496175893,1.449026344735143,3.0,2,3,1,2,0.07692307692307693,0.4423076923076923,52,0.6,0.25999999999999995,1.0,4,3.0
U0000447,Synthetic_User_00447,2026-02-22 01:59:26+00:00,IOS,L2,0,2026-04-15 01:59:26+00:00,2026-04-08 01:59:26+00:00,484.0,1073.0,20,51,13,5284.494001,3549.942298,3870.434026,0.7324133635628286,0.6717657920187314,0.17794286828133643,0.40957955302861393,20.0,3,2,2,3,0.1464968152866242,0.3503184713375796,157,1.0,0.505,0.95,6,1.0
U0000448,Synthetic_User_00448,2026-04-24 12:24:47+00:00,ANDROID,L2,0,2026-06-15 12:24:47+00:00,2026-06-08 12:24:47+00:00,130.0,3386.0,3,8,2,4951.943845,9936.692577,11085.590603999999,2.238634150747321,2.0066246484263193,0.3074902271080804,0.708430717055826,1.0,1,2,1,3,0.24,0.2,25,0.4,0.20000000000000004,1.0,5,2.0
U0000449,Synthetic_User_00449,2026-03-03 10:07:32+00:00,IOS,L2,0,2026-04-24 10:07:32+00:00,2026-04-17 10:07:32+00:00,650.0,4941.0,5,10,2,24025.152255,35741.010557,24946.720494,1.0383584765340335,1.4876497005159146,0.18836622629534194,0.4149023564578705,0.0,2,1,1,1,0.0975609756097561,0.12195121951219512,41,1.0,0.5,1.0,4,1.0
U0000450,Synthetic_User_00450,2026-03-06 02:35:19+00:00,ANDROID,L2,0,2026-04-27 02:35:19+00:00,2026-04-20 02:35:19+00:00,409.0,3964.0,3,7,3,6473.7913,15611.44485,13013.515438999999,2.0101845790116837,2.411484109782779,0.3285919440070845,0.7810238087952752,0.0,2,1,1,2,0.13793103448275862,0.41379310344827586,29,0.9,0.6,1.0,2,1.0
U0000451,Synthetic_User_00451,2026-02-15 07:10:05+00:00,IOS,L2,0,2026-04-08 07:10:05+00:00,2026-04-01 07:10:05+00:00,289.0,1617.0,3,19,8,284.087737,432.108618,486.004797,1.7107559873307732,1.5210393189199856,0.21302310260034785,0.5038684075391736,3.0,2,3,1,1,0.15,0.15,60,0.3,0.19999999999999998,1.0,6,3.0
U0000452,Synthetic_User_00452,2026-03-22 16:51:45+00:00,WEB,L2,0,2026-05-13 16:51:45+00:00,2026-05-06 16:51:45+00:00,518.0,1464.0,6,17,3,2664.390739,1374.804886,520.370949,0.1953057940725713,0.5159922176114424,0.5798454146858231,1.410673419416115,6.0,2,1,1,2,0.14583333333333334,0.22916666666666666,48,1.0,0.5666666666666667,1.0,5,1.0
U0000453,Synthetic_User_00453,2026-01-02 03:25:32+00:00,ANDROID,L2,0,2026-02-23 03:25:32+00:00,2026-02-16 03:25:32+00:00,103.0,3807.0,6,8,3,4693.844127,4356.905473,2424.482183,0.5165237952947473,0.9282169060404335,0.2614005431576009,0.5932852565196853,4.0,2,2,1,3,0.09090909090909091,0.3333333333333333,33,1.0,0.7000000000000001,1.0,4,2.0
U0000454,Synthetic_User_00454,2026-02-03 04:43:09+00:00,H5,L2,0,2026-03-27 04:43:09+00:00,2026-03-20 04:43:09+00:00,312.0,2046.0,7,27,10,1627.2144779999999,1574.282805,991.603266,0.6093869489280688,0.9674709918602384,0.2060283194011669,0.45475504670517736,7.0,3,1,1,3,0.19736842105263158,0.2894736842105263,76,0.7,0.5428571428571428,1.0,5,1.0
U0000455,Synthetic_User_00455,2026-04-16 13:45:52+00:00,ANDROID,L2,0,2026-06-07 13:45:52+00:00,2026-05-31 13:45:52+00:00,517.0,3977.0,1,11,3,3353.231962,2961.45013,785.071279,0.2341237611643641,0.8831629197026007,0.47734564092702164,1.0851760119541765,0.0,1,2,1,3,0.20512820512820512,0.2564102564102564,39,0.2,0.2,1.0,5,2.0
U0000456,Synthetic_User_00456,2026-01-14 10:18:25+00:00,IOS,L1,0,2026-03-07 10:18:25+00:00,2026-02-28 10:18:25+00:00,658.0,4139.0,18,37,12,8499.646495,8471.636922,7032.045764,0.8273339094910205,0.9967046190666308,0.0856540063151639,0.18342464746453044,18.0,1,3,2,2,0.10638297872340426,0.2624113475177305,141,0.7,0.3444444444444444,0.9444444444444444,6,1.5
U0000457,Synthetic_User_00457,2026-04-09 21:35:28+00:00,IOS,L2,0,2026-05-31 21:35:28+00:00,2026-05-24 21:35:28+00:00,143.0,3509.0,8,18,8,3919.6897120000003,4152.030692,1577.9735699999999,0.4025761440169833,1.0592753501096517,0.3614212801766533,0.8002503899923159,7.0,2,2,2,1,0.14864864864864866,0.25675675675675674,74,0.8,0.45,1.0,4,1.0
U0000458,Synthetic_User_00458,2026-02-28 18:46:55+00:00,ANDROID,L2,0,2026-04-21 18:46:55+00:00,2026-04-14 18:46:55+00:00,613.0,3766.0,7,9,2,3110.149234,2895.948859,212.81982399999998,0.06842752806632686,0.9311285861596699,0.635913040785344,1.3976689105735947,7.0,1,1,1,2,0.1,0.25,40,0.8,0.37142857142857144,0.8571428571428571,4,1.0
U0000459,Synthetic_User_00459,2026-02-10 00:14:29+00:00,ANDROID,L1,0,2026-04-03 00:14:29+00:00,2026-03-27 00:14:29+00:00,57.0,103.0,5,7,3,3323.844251,2566.4075080000002,1823.567649,0.5486320992481426,0.7721202662332569,0.2382069071398825,0.5834761702266701,4.0,2,1,1,2,0.09090909090909091,0.42424242424242425,33,0.5,0.32,1.0,5,1.0
U0000460,Synthetic_User_00460,2026-01-21 22:59:25+00:00,H5,L2,0,2026-03-14 22:59:25+00:00,2026-03-07 22:59:25+00:00,379.0,74.0,7,24,11,1909.247092,1153.53028,733.5767,0.38422302858220087,0.6041807185845381,0.3844053500634945,0.9290522193420951,7.0,1,1,1,2,0.1527777777777778,0.2222222222222222,72,0.8,0.38571428571428573,1.0,6,1.0
U0000461,Synthetic_User_00461,2026-02-01 21:26:50+00:00,ANDROID,L1,0,2026-03-25 21:26:50+00:00,2026-03-18 21:26:50+00:00,33.0,942.0,17,27,10,8015.92742,7647.361475,3979.836743,0.49649111506052035,0.9540207981324261,0.27826272826191106,0.6164126959294258,16.0,2,3,2,3,0.07758620689655173,0.29310344827586204,116,0.9,0.35294117647058826,1.0,6,1.5
U0000462,Synthetic_User_00462,2026-04-25 10:47:00+00:00,ANDROID,L2,0,2026-06-16 10:47:00+00:00,2026-06-09 10:47:00+00:00,578.0,3686.0,6,13,4,13832.755914,7805.934925,6222.529066,0.44984015511343173,0.5643080072785559,0.353032595209588,0.8194429612862281,0.0,3,3,1,3,0.12727272727272726,0.3090909090909091,55,0.7,0.4166666666666667,1.0,5,3.0
U0000463,Synthetic_User_00463,2026-03-15 04:18:23+00:00,ANDROID,L2,0,2026-05-06 04:18:23+00:00,2026-04-29 04:18:23+00:00,507.0,1004.0,8,6,4,2681.7618039999998,2300.223971,1493.80132,0.5570223715513849,0.8577286646297541,0.22941523388276092,0.5503395030932529,8.0,2,2,2,1,0.027777777777777776,0.2222222222222222,36,0.9,0.5125,0.875,3,1.0
U0000464,Synthetic_User_00464,2026-04-24 07:17:21+00:00,ANDROID,L2,0,2026-06-15 07:17:21+00:00,2026-06-08 07:17:21+00:00,217.0,1980.0,3,12,6,414.60058300000003,201.944367,235.08715999999998,0.5670208138612288,0.48708172462941274,0.3290868331554328,0.7491129567672127,3.0,3,1,1,2,0.09302325581395349,0.23255813953488372,43,0.4,0.16666666666666666,1.0,5,1.0
U0000465,Synthetic_User_00465,2026-03-21 01:33:41+00:00,H5,L1,0,2026-05-12 01:33:41+00:00,2026-05-05 01:33:41+00:00,254.0,2788.0,6,14,5,5304.412506,3373.330574,3347.833262,0.631141197675172,0.6359480093571743,0.22861016097383252,0.48810448373269316,5.0,1,3,1,3,0.1044776119402985,0.3283582089552239,67,1.0,0.5666666666666667,1.0,4,3.0
U0000466,Synthetic_User_00466,2026-04-04 18:58:42+00:00,ANDROID,L2,0,2026-05-26 18:58:42+00:00,2026-05-19 18:58:42+00:00,102.0,4221.0,8,13,5,1596.934862,1696.795553,946.7428580000001,0.5928500156946289,1.0625327265226927,0.23526799757589828,0.5306384311692842,8.0,2,1,1,1,0.08620689655172414,0.2413793103448276,58,0.8,0.55,1.0,5,1.0
U0000467,Synthetic_User_00467,2026-01-10 00:12:15+00:00,WEB,L2,0,2026-03-03 00:12:15+00:00,2026-02-24 00:12:15+00:00,489.0,2779.0,5,16,6,26993.105931000002,32628.790036000002,15523.255120999998,0.5750822139801426,1.2087823505529887,0.2841464813710492,0.6828997480476795,0.0,2,3,1,3,0.2,0.18333333333333332,60,0.9,0.6799999999999999,1.0,5,3.0
U0000468,Synthetic_User_00468,2026-01-20 22:45:24+00:00,WEB,L2,0,2026-03-13 22:45:24+00:00,2026-03-06 22:45:24+00:00,54.0,1862.0,11,23,3,6847.843338999999,2572.840663,4712.398614,0.6881580638917125,0.37571546772209247,0.37046329896385893,0.9074459108786971,10.0,2,1,1,3,0.16666666666666666,0.19444444444444445,72,0.8,0.33636363636363636,0.9090909090909091,4,1.0
U0000469,Synthetic_User_00469,2026-01-02 21:19:18+00:00,ANDROID,L2,0,2026-02-23 21:19:18+00:00,2026-02-16 21:19:18+00:00,114.0,4426.0,5,10,5,9557.716059,9482.353268,5177.752924,0.5417353782051708,0.9921149790875997,0.2535986629076206,0.5425710565060171,2.0,1,3,1,3,0.15384615384615385,0.28205128205128205,39,0.9,0.62,1.0,5,3.0
U0000470,Synthetic_User_00470,2026-02-06 10:15:10+00:00,ANDROID,L2,0,2026-03-30 10:15:10+00:00,2026-03-23 10:15:10+00:00,399.0,3114.0,6,11,4,2787.111508,1988.721191,1359.885736,0.4879193861087527,0.713542025603089,0.2855565075112408,0.6978281942626331,6.0,3,1,1,2,0.0851063829787234,0.14893617021276595,47,0.9,0.3666666666666667,1.0,4,1.0
U0000471,Synthetic_User_00471,2026-02-05 20:44:56+00:00,ANDROID,L2,0,2026-03-29 20:44:56+00:00,2026-03-22 20:44:56+00:00,421.0,2249.0,7,24,12,3423.519523,2147.862584,815.2217870000001,0.23812389020221753,0.6273843538995937,0.5002272630892125,1.2252040893519678,7.0,1,1,1,3,0.13541666666666666,0.23958333333333334,96,1.0,0.4428571428571429,0.8571428571428571,4,1.0
U0000472,Synthetic_User_00472,2026-01-22 08:23:47+00:00,IOS,L2,0,2026-03-15 08:23:47+00:00,2026-03-08 08:23:47+00:00,586.0,4926.0,4,26,7,3960.8296920000003,6895.010107,4135.793952,1.0441736387589169,1.740799439300911,0.26891920905654254,0.587163573443944,2.0,2,2,2,2,0.19402985074626866,0.22388059701492538,67,0.8,0.7,1.0,5,1.0
U0000473,Synthetic_User_00473,2026-03-11 08:14:49+00:00,WEB,L2,0,2026-05-02 08:14:49+00:00,2026-04-25 08:14:49+00:00,625.0,3916.0,14,22,4,8465.847743,2658.126589,5528.934337,0.6530869092905206,0.31398232872754844,0.4271404130414395,1.0462534688870215,13.0,2,1,1,3,0.16666666666666666,0.2777777777777778,72,1.0,0.32142857142857145,1.0,5,1.0
U0000474,Synthetic_User_00474,2026-01-19 08:25:25+00:00,H5,L2,0,2026-03-12 08:25:25+00:00,2026-03-05 08:25:25+00:00,457.0,4231.0,1,6,6,1728.52032,1058.493068,1667.472215,0.9646818702137097,0.6123694675455131,0.20372261856614818,0.45124890619160457,0.0,3,2,1,1,0.16666666666666666,0.20833333333333334,24,0.4,0.4,1.0,4,2.0
U0000475,Synthetic_User_00475,2026-04-24 07:03:35+00:00,ANDROID,L2,0,2026-06-15 07:03:35+00:00,2026-06-08 07:03:35+00:00,356.0,3141.0,5,7,3,9078.090802,4188.244383,2760.748342,0.3041111178786378,0.4613574015009065,0.5063455465988016,1.182500069215494,1.0,2,2,1,2,0.10344827586206896,0.2413793103448276,29,0.8,0.32,0.8,3,2.0
U0000476,Synthetic_User_00476,2026-03-28 07:59:20+00:00,ANDROID,L1,0,2026-05-19 07:59:20+00:00,2026-05-12 07:59:20+00:00,366.0,984.0,12,21,7,7128.676669,6938.617447,6175.517765,0.866292308059792,0.9733387792959528,0.06104391166587191,0.14125886901532295,11.0,2,1,1,1,0.14814814814814814,0.2839506172839506,81,1.0,0.47500000000000003,0.9166666666666666,5,1.0
U0000477,Synthetic_User_00477,2026-02-12 14:08:36+00:00,IOS,L2,0,2026-04-05 14:08:36+00:00,2026-03-29 14:08:36+00:00,608.0,2659.0,11,19,11,7331.940676,6666.396048,474.281991,0.06468710154086359,0.9092266757996883,0.6400717871834213,1.4215102643226099,9.0,3,1,1,2,0.05714285714285714,0.2571428571428571,70,0.5,0.3090909090909091,1.0,6,1.0
U0000478,Synthetic_User_00478,2026-02-28 10:51:00+00:00,WEB,L2,0,2026-04-21 10:51:00+00:00,2026-04-14 10:51:00+00:00,513.0,2425.0,10,30,11,4941.078773,5453.406266,1189.020919,0.24063994395257945,1.1036873760846637,0.4923470007576796,1.1044286667081626,10.0,3,1,1,1,0.12631578947368421,0.29473684210526313,95,0.9,0.4600000000000001,1.0,6,1.0
U0000479,Synthetic_User_00479,2026-03-11 12:33:09+00:00,WEB,L2,0,2026-05-02 12:33:09+00:00,2026-04-25 12:33:09+00:00,423.0,183.0,10,12,6,12220.257332000001,6902.6535730000005,5983.768495,0.48965977822176354,0.5648533730075137,0.32848325991409827,0.7451987661498558,4.0,2,1,1,2,0.06153846153846154,0.3076923076923077,65,1.0,0.45999999999999996,1.0,5,1.0
U0000480,Synthetic_User_00480,2026-04-25 23:53:13+00:00,IOS,L2,0,2026-06-16 23:53:13+00:00,2026-06-09 23:53:13+00:00,634.0,2850.0,6,21,5,1344.543449,881.3400790000001,195.27569599999998,0.14523569033431807,0.6554939371096516,0.5849899416864971,1.424029954256325,6.0,1,2,1,2,0.18333333333333332,0.3,60,1.0,0.7000000000000001,1.0,5,2.0
U0000481,Synthetic_User_00481,2026-01-09 03:32:49+00:00,IOS,L2,0,2026-03-02 03:32:49+00:00,2026-02-23 03:32:49+00:00,427.0,4723.0,10,18,11,7370.4006340000005,7481.376016,5639.177591,0.7651114058829057,1.0150568995514389,0.12349075448345628,0.2697090242845758,8.0,3,1,1,1,0.10144927536231885,0.2318840579710145,69,0.8,0.47000000000000003,0.7,5,1.0
U0000482,Synthetic_User_00482,2026-03-14 23:49:23+00:00,IOS,L2,0,2026-05-05 23:49:23+00:00,2026-04-28 23:49:23+00:00,99.0,4230.0,8,17,6,2375.184042,1701.867763,1306.642497,0.550122632139173,0.7165203760660834,0.24581291664957725,0.5954321429077307,8.0,3,3,1,1,0.12727272727272726,0.32727272727272727,55,0.9,0.6375,1.0,6,3.0
U0000483,Synthetic_User_00483,2026-02-09 18:22:15+00:00,IOS,L2,0,2026-04-02 18:22:15+00:00,2026-03-26 18:22:15+00:00,353.0,4960.0,9,16,7,18511.308397,6053.007574,14026.729884999999,0.757738436645203,0.3269897213198052,0.4005183247995243,0.9684863843406071,0.0,1,3,1,1,0.13043478260869565,0.2463768115942029,69,0.9,0.5333333333333333,1.0,5,3.0
U0000484,Synthetic_User_00484,2026-01-18 22:44:32+00:00,ANDROID,L2,0,2026-03-11 22:44:32+00:00,2026-03-04 22:44:32+00:00,522.0,597.0,4,14,6,11179.875516,4757.087988,6303.600304,0.5638345699805554,0.42550455782731456,0.3691942206002656,0.8663612465197087,0.0,1,2,1,2,0.09090909090909091,0.25757575757575757,66,0.8,0.475,1.0,4,2.0
U0000485,Synthetic_User_00485,2026-04-18 02:44:48+00:00,WEB,L2,0,2026-06-09 02:44:48+00:00,2026-06-02 02:44:48+00:00,82.0,4755.0,16,28,8,7319.887267,2159.461742,6432.950051,0.8788318475888899,0.2950129781008279,0.42474378481795466,0.9729126203966658,15.0,1,2,2,3,0.14545454545454545,0.2545454545454545,110,0.8,0.40625,1.0,6,1.0
U0000486,Synthetic_User_00486,2026-03-17 05:30:08+00:00,ANDROID,L2,0,2026-05-08 05:30:08+00:00,2026-05-01 05:30:08+00:00,425.0,3456.0,18,36,12,5384.662177,5316.301034,1302.034942,0.24180438794498582,0.9873044694814844,0.4770458387646429,1.0204018653405185,18.0,2,2,1,3,0.13953488372093023,0.24031007751937986,129,1.0,0.4833333333333333,1.0,6,2.0
U0000487,Synthetic_User_00487,2026-01-26 05:28:27+00:00,ANDROID,L2,0,2026-03-19 05:28:27+00:00,2026-03-12 05:28:27+00:00,114.0,1515.0,4,4,2,3897.5175529999997,2289.508954,3570.329954,0.9160523090529363,0.5874274901565787,0.21334108127354762,0.49439884832347314,1.0,2,1,1,3,0.08695652173913043,0.30434782608695654,23,1.0,0.45,1.0,4,1.0
U0000488,Synthetic_User_00488,2026-04-08 19:36:27+00:00,WEB,L1,0,2026-05-30 19:36:27+00:00,2026-05-23 19:36:27+00:00,576.0,3604.0,3,17,3,8835.101702,9096.53401,4963.178555,0.5617568107763249,1.0295901866008876,0.24763840010062996,0.5416102624983132,0.0,1,2,1,3,0.20454545454545456,0.29545454545454547,44,0.6,0.43333333333333335,1.0,5,2.0
U0000489,Synthetic_User_00489,2026-02-03 14:30:28+00:00,ANDROID,L2,0,2026-03-27 14:30:28+00:00,2026-03-20 14:30:28+00:00,55.0,4191.0,2,17,4,1074.4340849999999,2835.2796280000002,260.156069,0.24213311233513224,2.6388586024800214,0.7731920761024375,1.8526647307664057,2.0,1,2,1,2,0.09615384615384616,0.21153846153846154,52,0.6,0.3,1.0,5,2.0
U0000490,Synthetic_User_00490,2026-03-18 02:18:46+00:00,IOS,L2,0,2026-05-09 02:18:46+00:00,2026-05-02 02:18:46+00:00,571.0,3169.0,6,9,4,2422.6672280000003,2161.303409,1202.465882,0.49633968219097063,0.8921173259045712,0.2719657824506421,0.6326180242330937,6.0,3,1,2,2,0.02702702702702703,0.24324324324324326,37,0.8,0.38333333333333336,1.0,5,0.5
U0000491,Synthetic_User_00491,2026-02-02 23:49:34+00:00,WEB,L1,0,2026-03-26 23:49:34+00:00,2026-03-19 23:49:34+00:00,109.0,758.0,4,14,4,12224.87864,8739.188838,7037.964635,0.5757083438007855,0.7148691692860846,0.23129566816508546,0.5557004560313997,0.0,2,2,1,1,0.16279069767441862,0.2558139534883721,43,0.5,0.275,1.0,6,2.0
U0000492,Synthetic_User_00492,2026-04-16 00:05:13+00:00,H5,L2,0,2026-06-07 00:05:13+00:00,2026-05-31 00:05:13+00:00,504.0,3532.0,3,12,7,1152.890292,871.028412,937.803577,0.8134369623089861,0.7555171710995724,0.1218166571316008,0.28550470293065267,3.0,2,2,1,3,0.1836734693877551,0.1836734693877551,49,0.7,0.2333333333333333,1.0,5,2.0
U0000493,Synthetic_User_00493,2026-02-14 00:05:42+00:00,IOS,L2,0,2026-04-07 00:05:42+00:00,2026-03-31 00:05:42+00:00,154.0,3533.0,1,9,4,599.591313,1719.265792,896.471819,1.495138104177303,2.867396099182644,0.4418970699780626,1.0446904551280676,1.0,1,2,1,1,0.1724137931034483,0.20689655172413793,29,0.9,0.9,1.0,5,2.0
U0000494,Synthetic_User_00494,2026-01-12 00:56:12+00:00,IOS,L2,0,2026-03-05 00:56:12+00:00,2026-02-26 00:56:12+00:00,510.0,3522.0,3,7,2,3245.850774,1566.558783,4245.374877,1.307939018948873,0.48263425895869605,0.36608178336114017,0.8872421661784935,1.0,1,2,1,2,0.11538461538461539,0.2692307692307692,26,0.8,0.3666666666666667,1.0,3,2.0
U0000495,Synthetic_User_00495,2026-04-02 00:17:21+00:00,IOS,L2,0,2026-05-24 00:17:21+00:00,2026-05-17 00:17:21+00:00,275.0,1114.0,8,27,8,902.5202909999999,605.006724,564.424215,0.6253867316097828,0.6703524896151061,0.21824057770148797,0.4895328680106047,8.0,1,3,1,3,0.1650485436893204,0.3106796116504854,103,1.0,0.4375,1.0,5,3.0
U0000496,Synthetic_User_00496,2026-02-25 15:09:29+00:00,WEB,L2,1,2026-04-18 15:09:29+00:00,2026-04-11 15:09:29+00:00,336.0,1408.0,17,15,4,31638.392449,23294.756515,16683.68422,0.5273240177070793,0.7362812934491013,0.25631724256819166,0.6264466423938883,1.0,3,3,2,1,0.12903225806451613,0.2903225806451613,62,1.0,0.6,1.0,5,1.5
U0000497,Synthetic_User_00497,2026-04-30 03:27:59+00:00,IOS,L2,0,2026-06-21 03:27:59+00:00,2026-06-14 03:27:59+00:00,321.0,4272.0,5,18,6,3487.742093,2760.227304,1164.62347,0.3339190338464055,0.7914080887861109,0.39266811063161305,0.9402048640802547,5.0,2,1,1,3,0.10714285714285714,0.26785714285714285,56,0.7,0.36,1.0,5,1.0
U0000498,Synthetic_User_00498,2026-01-25 09:37:48+00:00,H5,L2,0,2026-03-18 09:37:48+00:00,2026-03-11 09:37:48+00:00,150.0,3847.0,5,22,5,8360.301849,10062.786259,4540.886014,0.5431485723859538,1.2036391078635085,0.3016289296415477,0.7213777827388201,0.0,2,3,2,3,0.1875,0.28125,64,0.9,0.62,1.0,5,1.5
U0000499,Synthetic_User_00499,2026-02-02 09:05:04+00:00,WEB,L2,1,2026-03-26 09:05:04+00:00,2026-03-19 09:05:04+00:00,426.0,1299.0,8,23,8,1831.299945,3543.144832,3389.863583,1.8510695597711055,1.9347703480655103,0.2647254512766798,0.5859600609716566,8.0,4,3,2,4,0.11392405063291139,0.11392405063291139,79,1.0,0.525,1.0,5,1.5
U0000500,Synthetic_User_00500,2026-04-07 04:03:31+00:00,IOS,L2,0,2026-05-29 04:03:31+00:00,2026-05-22 04:03:31+00:00,186.0,3862.0,4,17,5,5948.9189160000005,5970.0309799999995,874.422598,0.14698848821895757,1.0035488908654002,0.562118900774937,1.1949019035574404,2.0,2,1,2,1,0.1346153846153846,0.36538461538461536,52,0.8,0.4,1.0,5,0.5
U0000501,Synthetic_User_00501,2026-01-25 09:42:27+00:00,WEB,L2,0,2026-03-18 09:42:27+00:00,2026-03-11 09:42:27+00:00,471.0,1312.0,3,8,3,767.449797,1055.830104,627.785819,0.8180154864253615,1.375764392833633,0.21814506406907155,0.5239079656338224,3.0,1,2,1,3,0.07407407407407407,0.3333333333333333,27,1.0,0.8666666666666667,1.0,4,2.0
U0000502,Synthetic_User_00502,2026-02-07 19:03:11+00:00,ANDROID,L2,0,2026-03-31 19:03:11+00:00,2026-03-24 19:03:11+00:00,89.0,3119.0,12,20,15,4699.10494,1443.314697,2297.54398,0.48893225610747904,0.3071467259039335,0.4899188126261332,1.1572764021548982,12.0,1,3,2,2,0.13043478260869565,0.20652173913043478,92,0.9,0.4666666666666666,1.0,5,1.5
U0000503,Synthetic_User_00503,2026-03-24 16:33:25+00:00,WEB,L1,0,2026-05-15 16:33:25+00:00,2026-05-08 16:33:25+00:00,643.0,4466.0,12,20,2,19141.937223,16547.305055,4342.156501,0.22683997185941457,0.8644529998310506,0.4835698395027634,1.1091129343522057,4.0,2,1,1,3,0.136986301369863,0.2876712328767123,73,1.0,0.46666666666666673,1.0,4,1.0
U0000504,Synthetic_User_00504,2026-01-25 16:10:22+00:00,IOS,L2,0,2026-03-18 16:10:22+00:00,2026-03-11 16:10:22+00:00,400.0,3160.0,4,11,3,18032.028799,12118.963437999999,18057.594810000002,1.0014178111229182,0.6720798626204545,0.1738377773961869,0.36955852073886253,0.0,2,3,1,1,0.08695652173913043,0.2608695652173913,46,0.8,0.3,0.75,3,3.0
U0000505,Synthetic_User_00505,2026-02-27 06:43:43+00:00,ANDROID,L2,0,2026-04-20 06:43:43+00:00,2026-04-13 06:43:43+00:00,173.0,2433.0,14,41,7,9652.281903000001,9588.391745,6609.037115,0.6847124007998422,0.9933808234527275,0.16477320591799027,0.35318516511480097,12.0,2,3,2,2,0.1623931623931624,0.21367521367521367,117,0.8,0.38571428571428573,0.9285714285714286,6,1.5
U0000506,Synthetic_User_00506,2026-02-04 09:26:25+00:00,WEB,L2,0,2026-03-28 09:26:25+00:00,2026-03-21 09:26:25+00:00,256.0,3604.0,5,14,3,2782.877658,1803.271049,2018.9725509999998,0.7254981350674956,0.6479878997972106,0.19088762905140239,0.4449304883601578,5.0,2,2,1,3,0.16279069767441862,0.13953488372093023,43,0.9,0.44000000000000006,0.6,5,2.0
U0000507,Synthetic_User_00507,2026-01-06 08:11:44+00:00,IOS,L2,0,2026-02-27 08:11:44+00:00,2026-02-20 08:11:44+00:00,578.0,700.0,6,15,5,244.72245900000001,298.849857,301.572204,1.232302933013598,1.2211787108595535,0.09293498165534506,0.20179890061879585,6.0,2,1,1,1,0.1276595744680851,0.2127659574468085,47,1.0,0.6833333333333335,1.0,6,1.0
U0000508,Synthetic_User_00508,2026-02-07 20:02:33+00:00,ANDROID,L2,0,2026-03-31 20:02:33+00:00,2026-03-24 20:02:33+00:00,225.0,3496.0,3,14,1,810.178488,1197.34147,319.021197,0.3937665609803256,1.4778736880014518,0.4634470842405003,1.132565746080688,3.0,1,1,1,3,0.3,0.3,30,0.8,0.6333333333333334,1.0,6,1.0
U0000509,Synthetic_User_00509,2026-04-15 23:52:27+00:00,ANDROID,L2,0,2026-06-06 23:52:27+00:00,2026-05-30 23:52:27+00:00,6.0,3182.0,4,5,1,11139.693234,11183.030472,12098.367682,1.086059322089228,1.0038903439340436,0.03852838057086142,0.08355410093134491,0.0,1,1,1,3,0.12,0.08,25,0.8,0.475,1.0,4,1.0
U0000510,Synthetic_User_00510,2026-03-24 05:30:10+00:00,IOS,L2,0,2026-05-15 05:30:10+00:00,2026-05-08 05:30:10+00:00,412.0,2649.0,9,27,4,2041.350254,1894.67641,1589.346305,0.7785759949257586,0.9281486145199265,0.10222706932933573,0.24541544156528047,9.0,2,2,1,1,0.13924050632911392,0.34177215189873417,79,0.9,0.43333333333333335,1.0,6,2.0
U0000511,Synthetic_User_00511,2026-04-20 05:49:02+00:00,IOS,L2,0,2026-06-11 05:49:02+00:00,2026-06-04 05:49:02+00:00,617.0,4353.0,7,13,5,5072.727475,1269.9778509999999,2315.5499369999998,0.4564703994866194,0.25035404666599004,0.5557798867056182,1.3176152152445497,6.0,3,3,2,1,0.125,0.25,56,1.0,0.6285714285714287,1.0,6,1.5
U0000512,Synthetic_User_00512,2026-04-06 18:41:57+00:00,ANDROID,L2,0,2026-05-28 18:41:57+00:00,2026-05-21 18:41:57+00:00,520.0,4110.0,8,13,5,3867.460209,2851.944486,466.013176,0.12049592001374357,0.737420511622386,0.5952504381087714,1.4201458122824324,8.0,2,3,2,1,0.1276595744680851,0.3404255319148936,47,1.0,0.55,1.0,5,1.5
U0000513,Synthetic_User_00513,2026-04-30 04:13:47+00:00,ANDROID,L2,0,2026-06-21 04:13:47+00:00,2026-06-14 04:13:47+00:00,139.0,4569.0,1,8,2,426.277117,1754.931879,1138.915277,2.6717720271154035,4.116880332096269,0.4905529456562551,1.2005467139934374,1.0,1,2,1,2,0.14814814814814814,0.4444444444444444,27,0.5,0.5,1.0,5,2.0
U0000514,Synthetic_User_00514,2026-02-16 03:43:54+00:00,ANDROID,L2,0,2026-04-09 03:43:54+00:00,2026-04-02 03:43:54+00:00,432.0,3296.0,8,30,7,10014.871744,12220.535289,9356.339083,0.9342445237609226,1.2202388209635768,0.11631326056603006,0.2719884043904804,4.0,1,2,2,3,0.18604651162790697,0.23255813953488372,86,0.6,0.425,0.875,6,1.0
U0000515,Synthetic_User_00515,2026-03-04 01:54:08+00:00,IOS,L2,0,2026-04-25 01:54:08+00:00,2026-04-18 01:54:08+00:00,475.0,550.0,7,11,7,6403.48539,9705.528143,2078.320062,0.3245607564351763,1.5156633539223239,0.5151583452028038,1.2581076892596579,5.0,2,2,1,2,0.07142857142857142,0.23214285714285715,56,1.0,0.5714285714285714,1.0,5,2.0
U0000516,Synthetic_User_00516,2026-03-26 02:08:18+00:00,ANDROID,L1,0,2026-05-17 02:08:18+00:00,2026-05-10 02:08:18+00:00,561.0,47.0,5,9,5,6928.168912,6333.178227,777.123163,0.11216862245577998,0.9141200665634118,0.5919578034291312,1.3144692299111151,2.0,1,3,2,2,0.14634146341463414,0.1951219512195122,41,0.9,0.4800000000000001,0.8,5,1.5
U0000517,Synthetic_User_00517,2026-04-22 15:11:52+00:00,ANDROID,L2,0,2026-06-13 15:11:52+00:00,2026-06-06 15:11:52+00:00,317.0,1311.0,7,8,1,3822.407765,3294.437219,607.754872,0.15899791685359346,0.8618748761358275,0.546653279170138,1.2484735596380645,6.0,1,1,1,1,0.05555555555555555,0.2777777777777778,36,0.8,0.42857142857142855,1.0,5,1.0
U0000518,Synthetic_User_00518,2026-01-09 10:49:43+00:00,WEB,L2,0,2026-03-02 10:49:43+00:00,2026-02-23 10:49:43+00:00,148.0,4851.0,6,7,3,2224.592949,1383.479888,282.457735,0.12697052515920745,0.6219024872041884,0.6132093106114083,1.4975863919261858,6.0,1,2,2,1,0.07142857142857142,0.19047619047619047,42,1.0,0.6833333333333332,1.0,3,1.0
U0000519,Synthetic_User_00519,2026-01-09 09:00:36+00:00,WEB,L2,0,2026-03-02 09:00:36+00:00,2026-02-23 09:00:36+00:00,352.0,3836.0,9,18,6,4260.110486,6207.010532,1203.342173,0.2824673625143158,1.457006937354817,0.5293932353912363,1.2862390147955869,8.0,1,1,2,1,0.15789473684210525,0.21052631578947367,57,0.8,0.3555555555555555,0.7777777777777778,5,0.5
U0000520,Synthetic_User_00520,2026-04-07 12:24:28+00:00,WEB,L2,0,2026-05-29 12:24:28+00:00,2026-05-22 12:24:28+00:00,286.0,1017.0,6,25,3,4638.997459,2877.999717,3494.27536,0.7532393347663612,0.6203926047461972,0.1987874910972899,0.47978044397029534,3.0,1,2,2,1,0.1864406779661017,0.2033898305084746,59,0.7,0.36666666666666664,0.8333333333333334,6,1.0
U0000521,Synthetic_User_00521,2026-04-24 21:59:16+00:00,ANDROID,L2,1,2026-06-15 21:59:16+00:00,2026-06-08 21:59:16+00:00,400.0,1131.0,28,45,19,3356.960362,3663.815791,3116.3865450000003,0.9283358184018976,1.0914087138095319,0.06630033775390173,0.16200664692143218,28.0,4,2,2,4,0.05527638190954774,0.23618090452261306,199,1.0,0.5392857142857143,0.8928571428571429,6,1.0
U0000522,Synthetic_User_00522,2026-04-07 09:01:46+00:00,WEB,L2,0,2026-05-29 09:01:46+00:00,2026-05-22 09:01:46+00:00,103.0,1383.0,5,6,1,873.0461270000001,1619.735785,57.047392,0.06534293004199994,1.8552694238113263,0.750843192700114,1.8385800067658176,5.0,1,1,2,2,0.06060606060606061,0.3333333333333333,33,0.9,0.6,1.0,4,0.5
U0000523,Synthetic_User_00523,2026-04-04 02:31:47+00:00,IOS,L2,0,2026-05-26 02:31:47+00:00,2026-05-19 02:31:47+00:00,319.0,1158.0,2,8,2,4060.911799,3014.2531050000002,854.306609,0.21037310123563213,0.742260175594619,0.505127469487902,1.2131723475175815,0.0,1,1,1,1,0.16,0.36,25,0.8,0.8,0.5,4,1.0
U0000524,Synthetic_User_00524,2026-03-30 09:25:51+00:00,ANDROID,L2,0,2026-05-21 09:25:51+00:00,2026-05-14 09:25:51+00:00,162.0,4287.0,3,17,3,2193.189383,2676.528015,1361.799847,0.6209221408582754,1.220381621280172,0.26139798625157346,0.6329412804184577,3.0,2,2,1,1,0.21568627450980393,0.23529411764705882,51,0.6,0.5,0.6666666666666666,5,2.0
U0000525,Synthetic_User_00525,2026-02-01 14:06:51+00:00,WEB,L1,0,2026-03-25 14:06:51+00:00,2026-03-18 14:06:51+00:00,438.0,4708.0,8,13,6,1604.991911,799.216408,1357.33385,0.8456951344722384,0.4979566579261096,0.26877047394224257,0.6426424057988542,8.0,3,1,2,3,0.1346153846153846,0.19230769230769232,52,0.9,0.2875,1.0,4,0.5
U0000526,Synthetic_User_00526,2026-04-29 19:54:09+00:00,IOS,L2,0,2026-06-20 19:54:09+00:00,2026-06-13 19:54:09+00:00,525.0,875.0,2,16,1,10071.927902,22163.043606,15238.538943,1.5129714083809176,2.2004767926902105,0.31302950458458684,0.7640755184818216,0.0,1,1,1,1,0.17391304347826086,0.10869565217391304,46,0.3,0.25,1.0,4,1.0
U0000527,Synthetic_User_00527,2026-01-14 16:20:26+00:00,ANDROID,L2,0,2026-03-07 16:20:26+00:00,2026-02-28 16:20:26+00:00,500.0,1113.0,8,16,7,1882.528947,3125.870306,2025.9214980000002,1.07617017057215,1.6604633416030015,0.23687251387350552,0.5302607329172101,8.0,3,2,1,2,0.12698412698412698,0.2222222222222222,63,1.0,0.55,1.0,6,2.0
U0000528,Synthetic_User_00528,2026-02-12 21:05:20+00:00,WEB,L2,0,2026-04-05 21:05:20+00:00,2026-03-29 21:05:20+00:00,67.0,2433.0,3,12,4,1212.672706,2179.799155,256.74276199999997,0.21171645138024567,1.7975164644300983,0.6454174403576926,1.5809344681013027,3.0,2,1,2,2,0.15,0.3,40,0.8,0.5,1.0,5,0.5
U0000529,Synthetic_User_00529,2026-04-16 07:15:28+00:00,ANDROID,L2,0,2026-06-07 07:15:28+00:00,2026-05-31 07:15:28+00:00,459.0,3383.0,7,17,7,2227.876729,426.500366,101.421508,0.04552384190732305,0.1914380452240901,1.0181396210541263,2.3148881983085907,6.0,2,2,2,1,0.13793103448275862,0.20689655172413793,58,1.0,0.41428571428571426,1.0,5,1.0
U0000530,Synthetic_User_00530,2026-04-17 03:10:28+00:00,ANDROID,L2,0,2026-06-08 03:10:28+00:00,2026-06-01 03:10:28+00:00,448.0,4068.0,9,26,6,2955.706941,1499.717355,303.659233,0.10273658351841317,0.5073971760179319,0.6835933811820734,1.6717805173030404,9.0,2,2,1,1,0.11235955056179775,0.30337078651685395,89,1.0,0.47777777777777775,1.0,4,2.0
U0000531,Synthetic_User_00531,2026-01-02 10:18:49+00:00,IOS,L1,0,2026-02-23 10:18:49+00:00,2026-02-16 10:18:49+00:00,377.0,1747.0,4,13,4,1811.048006,800.881068,940.434508,0.5192764106110614,0.4422196790734878,0.3774530802987716,0.8530942129222627,4.0,1,1,1,1,0.06976744186046512,0.23255813953488372,43,0.6,0.375,0.75,5,1.0
U0000532,Synthetic_User_00532,2026-03-10 15:06:03+00:00,ANDROID,L2,0,2026-05-01 15:06:03+00:00,2026-04-24 15:06:03+00:00,32.0,2962.0,6,25,9,383.62021300000004,561.122373,402.001926,1.0479164349976522,1.4627028346913513,0.1775321160920598,0.39540274733267294,6.0,2,3,1,1,0.1232876712328767,0.1643835616438356,73,0.8,0.43333333333333335,1.0,6,3.0
U0000533,Synthetic_User_00533,2026-03-15 19:15:17+00:00,IOS,L2,0,2026-05-06 19:15:17+00:00,2026-04-29 19:15:17+00:00,252.0,3343.0,8,19,7,9027.877117,9841.159028,5826.771522999999,0.6454198974449775,1.0900856204022256,0.21049901478347408,0.48766020034263263,7.0,3,2,2,1,0.15384615384615385,0.2,65,1.0,0.55,1.0,6,1.0
U0000534,Synthetic_User_00534,2026-03-15 22:06:36+00:00,IOS,L2,0,2026-05-06 22:06:36+00:00,2026-04-29 22:06:36+00:00,118.0,1429.0,12,36,10,21660.877762,28321.329718,5478.1527080000005,0.2529053886085081,1.3074876295033866,0.5188554317698235,1.2356488633989757,0.0,3,2,1,2,0.19047619047619047,0.2,105,1.0,0.375,0.8333333333333334,6,2.0
U0000535,Synthetic_User_00535,2026-04-08 03:43:46+00:00,IOS,L2,0,2026-05-30 03:43:46+00:00,2026-05-23 03:43:46+00:00,82.0,3886.0,3,13,3,3569.640759,2989.736178,2231.9123170000003,0.6252484403011044,0.8375453945784577,0.18691220175600792,0.456495652690988,1.0,2,2,1,3,0.14893617021276595,0.2978723404255319,47,0.7,0.5333333333333333,1.0,4,2.0
U0000536,Synthetic_User_00536,2026-03-04 19:37:54+00:00,IOS,L2,0,2026-04-25 19:37:54+00:00,2026-04-18 19:37:54+00:00,316.0,4860.0,23,30,7,9652.936572,8185.679589,3126.196684,0.32385965251942817,0.8479988993964768,0.4000733780624351,0.9339563300070088,23.0,3,1,2,3,0.0782608695652174,0.2782608695652174,115,1.0,0.4739130434782609,0.782608695652174,6,0.5
U0000537,Synthetic_User_00537,2026-04-18 13:01:58+00:00,ANDROID,L1,0,2026-06-09 13:01:58+00:00,2026-06-02 13:01:58+00:00,434.0,4066.0,10,17,4,1453.5340330000001,898.162127,565.899627,0.3893267127925583,0.617916131723625,0.37651314290860805,0.9127046419059008,10.0,2,1,2,1,0.16981132075471697,0.24528301886792453,53,0.6,0.36,1.0,6,0.5
U0000538,Synthetic_User_00538,2026-02-08 03:20:33+00:00,IOS,L1,0,2026-04-01 03:20:33+00:00,2026-03-25 03:20:33+00:00,139.0,3882.0,2,7,5,3188.5396920000003,5679.488789999999,4224.860122,1.3250141224837542,1.7812194103306145,0.23410286303292724,0.5707561959793175,0.0,1,2,1,2,0.125,0.53125,32,0.2,0.2,0.5,5,2.0
U0000539,Synthetic_User_00539,2026-02-16 17:44:24+00:00,ANDROID,L1,0,2026-04-09 17:44:24+00:00,2026-04-02 17:44:24+00:00,493.0,1500.0,7,18,3,4807.229683,4533.622399,785.790337,0.1634601191989686,0.9430842081526564,0.543508380189554,1.1913443310059468,7.0,2,1,2,3,0.14583333333333334,0.2708333333333333,48,0.8,0.5142857142857143,1.0,6,0.5
U0000540,Synthetic_User_00540,2026-01-25 08:23:09+00:00,IOS,L2,0,2026-03-18 08:23:09+00:00,2026-03-11 08:23:09+00:00,161.0,3579.0,6,17,5,1147.829966,1288.379786,1225.837802,1.0679611426001052,1.122448293007886,0.047100619103629913,0.11514035625764567,6.0,3,2,2,3,0.06944444444444445,0.2222222222222222,72,0.9,0.6,1.0,5,1.0
U0000541,Synthetic_User_00541,2026-02-14 15:32:42+00:00,ANDROID,L2,0,2026-04-07 15:32:42+00:00,2026-03-31 15:32:42+00:00,338.0,2468.0,5,15,5,11096.038355,8966.598669,8656.981908,0.7801867325106231,0.808090093250223,0.11325340720120869,0.2547794717724147,0.0,3,2,1,1,0.17391304347826086,0.13043478260869565,46,0.8,0.52,1.0,5,2.0
U0000542,Synthetic_User_00542,2026-04-19 03:50:46+00:00,IOS,L2,0,2026-06-10 03:50:46+00:00,2026-06-03 03:50:46+00:00,565.0,2946.0,2,5,1,3622.0465940000004,2885.533012,4782.205444,1.3203047834673989,0.7966581702123735,0.20745972707986,0.5039969557259197,0.0,1,1,1,1,0.09523809523809523,0.47619047619047616,21,0.3,0.2,1.0,2,1.0
U0000543,Synthetic_User_00543,2026-02-27 09:36:07+00:00,ANDROID,L2,0,2026-04-20 09:36:07+00:00,2026-04-13 09:36:07+00:00,559.0,1937.0,6,12,4,1064.966788,998.6472459999999,742.938434,0.6976165288639969,0.937726187570086,0.14840925243512568,0.34422483563560435,6.0,1,1,1,1,0.14285714285714285,0.21428571428571427,42,1.0,0.5499999999999999,1.0,6,1.0
U0000544,Synthetic_User_00544,2026-04-24 13:43:47+00:00,IOS,L2,0,2026-06-15 13:43:47+00:00,2026-06-08 13:43:47+00:00,262.0,714.0,9,32,8,1558.213704,1352.898342,907.005793,0.5820804878507216,0.8682367113875671,0.21358788485071628,0.5116719324492278,9.0,1,3,1,1,0.18,0.28,100,1.0,0.5888888888888889,1.0,6,3.0
U0000545,Synthetic_User_00545,2026-01-18 05:02:47+00:00,WEB,L2,0,2026-03-11 05:02:47+00:00,2026-03-04 05:02:47+00:00,626.0,4040.0,3,10,2,761.627194,2897.511003,1417.919899,1.8616980987157346,3.804369153079374,0.5278467282303821,1.262079595277493,3.0,2,2,1,3,0.125,0.4375,32,0.7,0.5,0.6666666666666666,4,2.0
U0000546,Synthetic_User_00546,2026-03-23 03:49:12+00:00,WEB,L2,0,2026-05-14 03:49:12+00:00,2026-05-07 03:49:12+00:00,624.0,3613.0,8,22,4,1931.082328,293.145065,1286.28609,0.6660959356052892,0.15180350456813874,0.5757337001845338,1.3997416083987735,8.0,2,1,1,1,0.16666666666666666,0.2638888888888889,72,1.0,0.5625,1.0,5,1.0
U0000547,Synthetic_User_00547,2026-04-17 19:26:40+00:00,ANDROID,L2,0,2026-06-08 19:26:40+00:00,2026-06-01 19:26:40+00:00,288.0,1715.0,5,17,6,2038.6136900000001,5974.794004,969.933229,0.47578078856126976,2.9308122638968443,0.718700559239893,1.671380664910339,5.0,2,1,1,3,0.1935483870967742,0.2903225806451613,62,0.7,0.33999999999999997,1.0,5,1.0
U0000548,Synthetic_User_00548,2026-01-13 10:21:27+00:00,ANDROID,L1,0,2026-03-06 10:21:27+00:00,2026-02-27 10:21:27+00:00,570.0,4722.0,8,20,4,3811.051734,4380.191622,1289.951031,0.3384763894679788,1.149339323557973,0.4249021504017688,0.9778010443189955,8.0,2,1,1,1,0.17647058823529413,0.25,68,1.0,0.6375,1.0,5,1.0
U0000549,Synthetic_User_00549,2026-01-08 00:28:47+00:00,ANDROID,L1,0,2026-03-01 00:28:47+00:00,2026-02-22 00:28:47+00:00,475.0,1478.0,6,17,7,20922.660324,13475.070709,20179.139402,0.9644633660114856,0.6440419382779442,0.18410879736858296,0.4093816422033544,0.0,1,2,2,2,0.13636363636363635,0.3484848484848485,66,0.9,0.39999999999999997,1.0,5,1.0
U0000550,Synthetic_User_00550,2026-02-11 10:01:41+00:00,ANDROID,L2,0,2026-04-04 10:01:41+00:00,2026-03-28 10:01:41+00:00,619.0,4216.0,7,17,8,19746.853645000003,20948.682299,19134.78151,0.9690040678883047,1.0608617795830124,0.03777963129947004,0.09095225629019604,0.0,1,3,2,1,0.08196721311475409,0.26229508196721313,61,0.6,0.38571428571428573,1.0,6,1.5
U0000551,Synthetic_User_00551,2026-01-04 09:21:09+00:00,ANDROID,L2,0,2026-02-25 09:21:09+00:00,2026-02-18 09:21:09+00:00,255.0,646.0,7,14,6,4206.10842,2012.064178,2119.464043,0.5039014289127621,0.47836716914681915,0.36338362834096755,0.7894482584708262,6.0,1,3,2,1,0.10416666666666667,0.2916666666666667,48,0.9,0.37142857142857144,1.0,5,1.5
U0000552,Synthetic_User_00552,2026-01-30 03:51:47+00:00,ANDROID,L2,0,2026-03-23 03:51:47+00:00,2026-03-16 03:51:47+00:00,346.0,3107.0,5,11,6,12024.848301,6024.123715,3628.086511,0.3017157822022823,0.500972949030802,0.4887683483864608,1.1620711979267888,0.0,3,1,1,3,0.13043478260869565,0.2826086956521739,46,0.7,0.5599999999999999,0.8,4,1.0
U0000553,Synthetic_User_00553,2026-02-13 19:07:14+00:00,IOS,L2,0,2026-04-06 19:07:14+00:00,2026-03-30 19:07:14+00:00,507.0,4210.0,5,13,3,1514.3380200000001,2313.866433,1057.96205,0.6986300522257244,1.5279722244575222,0.31869227611625583,0.7710979858518341,5.0,1,1,1,3,0.1836734693877551,0.2857142857142857,49,0.9,0.58,1.0,5,1.0
U0000554,Synthetic_User_00554,2026-02-06 06:41:08+00:00,IOS,L2,0,2026-03-30 06:41:08+00:00,2026-03-23 06:41:08+00:00,301.0,4705.0,5,13,4,1846.90158,3758.242867,1258.502516,0.6814128752870524,2.034890709769169,0.46640973289761745,1.0926000555428044,5.0,2,2,2,1,0.07692307692307693,0.23076923076923078,52,1.0,0.54,1.0,5,1.0
U0000555,Synthetic_User_00555,2026-03-23 18:53:30+00:00,ANDROID,L1,0,2026-05-14 18:53:30+00:00,2026-05-07 18:53:30+00:00,160.0,1441.0,13,32,2,12781.50477,4588.946662,4212.1932480000005,0.3295537828915586,0.35903023506049986,0.5495809413293751,1.1911392207565175,6.0,1,2,1,1,0.21839080459770116,0.26436781609195403,87,1.0,0.4846153846153846,0.9230769230769231,5,2.0
U0000556,Synthetic_User_00556,2026-03-22 13:18:00+00:00,WEB,L2,0,2026-05-13 13:18:00+00:00,2026-05-06 13:18:00+00:00,139.0,1424.0,3,6,4,3227.385793,4713.788826,2560.845838,0.7934737283513846,1.460559452242715,0.25707280716769976,0.6150082253643815,1.0,2,2,1,2,0.14285714285714285,0.21428571428571427,28,0.2,0.13333333333333333,1.0,2,2.0
U0000557,Synthetic_User_00557,2026-03-12 17:19:59+00:00,IOS,L2,0,2026-05-03 17:19:59+00:00,2026-04-26 17:19:59+00:00,239.0,2142.0,4,19,2,3093.65727,4270.078868,2593.942666,0.8384712460407742,1.380268884148243,0.21168284559207953,0.5049779878399058,3.0,1,1,2,1,0.2037037037037037,0.24074074074074073,54,0.9,0.6,1.0,6,0.5
U0000558,Synthetic_User_00558,2026-04-23 12:40:02+00:00,IOS,L2,0,2026-06-14 12:40:02+00:00,2026-06-07 12:40:02+00:00,588.0,2773.0,9,16,4,3456.660706,3866.1745650000003,1036.398725,0.29982657053989725,1.1184709445995595,0.4481349286171376,1.0155628522975015,9.0,2,1,1,1,0.15873015873015872,0.20634920634920634,63,1.0,0.5222222222222223,0.8888888888888888,5,1.0
U0000559,Synthetic_User_00559,2026-03-13 07:21:24+00:00,ANDROID,L2,0,2026-05-04 07:21:24+00:00,2026-04-27 07:21:24+00:00,218.0,681.0,1,12,3,723.80911,364.611225,726.490626,1.0037047281706637,0.5037394804273739,0.28094447956962687,0.5981771152022923,1.0,1,2,1,2,0.21212121212121213,0.24242424242424243,33,0.8,0.8,1.0,6,2.0
U0000560,Synthetic_User_00560,2026-02-25 22:40:34+00:00,WEB,L2,0,2026-04-18 22:40:34+00:00,2026-04-11 22:40:34+00:00,554.0,1735.0,17,31,8,14614.812184999999,12720.242176,7825.464463,0.5354474873807624,0.8703664484347939,0.24406859257815006,0.5792873327027558,13.0,1,1,2,2,0.11965811965811966,0.28205128205128205,117,1.0,0.5411764705882353,0.8823529411764706,5,0.5
U0000561,Synthetic_User_00561,2026-02-05 13:38:13+00:00,IOS,L2,0,2026-03-29 13:38:13+00:00,2026-03-22 13:38:13+00:00,445.0,456.0,4,8,1,2872.3247929999998,3336.451802,80.755622,0.028115073266367897,1.161585838109639,0.6858505922852044,1.5529117592561972,4.0,1,1,2,1,0.16666666666666666,0.2,30,0.9,0.675,1.0,2,0.5
U0000562,Synthetic_User_00562,2026-01-22 03:58:46+00:00,WEB,L2,0,2026-03-15 03:58:46+00:00,2026-03-08 03:58:46+00:00,37.0,845.0,6,12,4,12657.981294,6019.683382,4473.436731,0.3534083853576597,0.4755642501109862,0.4600662212302465,1.0605816655261129,0.0,2,1,2,3,0.09523809523809523,0.3333333333333333,42,0.9,0.5499999999999999,0.8333333333333334,4,0.5
U0000563,Synthetic_User_00563,2026-02-22 17:57:25+00:00,WEB,L2,0,2026-04-15 17:57:25+00:00,2026-04-08 17:57:25+00:00,440.0,1956.0,11,19,6,5989.0269,4963.238426,3985.540645,0.665473825973298,0.8287220125860514,0.1642808280476339,0.4023655667149915,10.0,2,1,2,1,0.1076923076923077,0.27692307692307694,65,0.8,0.6090909090909091,0.9090909090909091,6,0.5
U0000564,Synthetic_User_00564,2026-04-10 13:48:10+00:00,WEB,L2,0,2026-06-01 13:48:10+00:00,2026-05-25 13:48:10+00:00,80.0,1880.0,5,10,1,3094.201251,2225.7937819999997,209.863946,0.06782491795974004,0.7193435725231694,0.6554542938900819,1.564779852046929,5.0,1,1,1,1,0.18181818181818182,0.21212121212121213,33,1.0,0.78,1.0,5,1.0
U0000565,Synthetic_User_00565,2026-03-01 22:01:05+00:00,H5,L1,0,2026-04-22 22:01:05+00:00,2026-04-15 22:01:05+00:00,299.0,4373.0,6,25,5,4109.457695,2281.257905,198.732182,0.048359709905713,0.5551238324647116,0.7273774842123111,1.7804491251980303,5.0,2,1,2,1,0.17567567567567569,0.33783783783783783,74,0.6,0.3666666666666667,1.0,6,0.5
U0000566,Synthetic_User_00566,2026-04-08 22:53:23+00:00,WEB,L1,0,2026-05-30 22:53:23+00:00,2026-05-23 22:53:23+00:00,328.0,1680.0,9,30,12,4886.902365,6572.45238,1510.519687,0.3090955321347002,1.344911743494593,0.4868058211657983,1.1708515883186,9.0,2,3,2,3,0.17647058823529413,0.25882352941176473,85,0.7,0.4222222222222222,1.0,5,1.5
U0000567,Synthetic_User_00567,2026-03-26 17:29:26+00:00,IOS,L2,0,2026-05-17 17:29:26+00:00,2026-05-10 17:29:26+00:00,445.0,2902.0,8,26,11,973.787356,466.366313,252.451903,0.25924746449470226,0.4789200744150964,0.5361569525888773,1.2785059879266427,8.0,1,3,1,2,0.13333333333333333,0.26666666666666666,90,0.9,0.4875,0.875,5,3.0
U0000568,Synthetic_User_00568,2026-04-05 04:39:48+00:00,H5,L2,0,2026-05-27 04:39:48+00:00,2026-05-20 04:39:48+00:00,144.0,2349.0,8,25,3,1424.482273,2098.60864,454.88521499999996,0.31933371416549733,1.473243072081389,0.5087899874533401,1.239617865047178,8.0,1,1,1,2,0.12631578947368421,0.25263157894736843,95,0.9,0.5375,1.0,4,1.0
U0000569,Synthetic_User_00569,2026-03-05 05:41:26+00:00,WEB,L2,0,2026-04-26 05:41:26+00:00,2026-04-19 05:41:26+00:00,234.0,270.0,6,21,7,5809.1521250000005,9261.890635,10481.966403999999,1.8043883476368763,1.5943618682562903,0.23233135444406697,0.5486024267055671,2.0,1,3,1,1,0.125,0.3125,64,0.8,0.3333333333333333,1.0,6,3.0
U0000570,Synthetic_User_00570,2026-04-02 16:22:00+00:00,ANDROID,L1,0,2026-05-24 16:22:00+00:00,2026-05-17 16:22:00+00:00,635.0,3964.0,4,10,4,4495.19188,3624.097838,292.130947,0.06498742540885707,0.8062164941444057,0.6460064408071567,1.4990550706216526,2.0,2,2,2,2,0.15,0.25,40,0.4,0.225,1.0,4,1.0
U0000571,Synthetic_User_00571,2026-01-15 19:16:19+00:00,ANDROID,L2,0,2026-03-08 19:16:19+00:00,2026-03-01 19:16:19+00:00,513.0,2764.0,6,8,3,2532.1764519999997,1985.7516660000001,919.7961300000001,0.36324329976037556,0.7842074609103902,0.36938876621602956,0.8895524571293044,6.0,3,2,2,3,0.11764705882352941,0.23529411764705882,34,0.8,0.5,1.0,5,1.0
U0000572,Synthetic_User_00572,2026-01-18 20:44:24+00:00,IOS,L2,0,2026-03-11 20:44:24+00:00,2026-03-04 20:44:24+00:00,183.0,2364.0,8,17,7,5015.221183,5100.979275,1986.354899,0.39606526342908055,1.017099563283608,0.359045947062878,0.7720578714474208,8.0,3,3,1,1,0.13333333333333333,0.25,60,0.8,0.375,1.0,5,3.0
U0000573,Synthetic_User_00573,2026-01-06 20:47:56+00:00,WEB,L1,0,2026-02-27 20:47:56+00:00,2026-02-20 20:47:56+00:00,540.0,4643.0,11,13,4,6463.601592,5598.60885,4388.302121,0.6789252181680568,0.8661748052245977,0.15521789511556994,0.3784622752122086,10.0,2,1,2,3,0.14583333333333334,0.2708333333333333,48,1.0,0.4727272727272727,0.9090909090909091,4,0.5
U0000574,Synthetic_User_00574,2026-03-09 00:49:27+00:00,ANDROID,L2,0,2026-04-30 00:49:27+00:00,2026-04-23 00:49:27+00:00,480.0,105.0,8,21,6,8004.867979000001,7611.58071,308.448919,0.03853266784776289,0.9508689874671573,0.6667054471557765,1.4498841843982047,5.0,2,1,2,1,0.17333333333333334,0.24,75,0.9,0.575,1.0,5,0.5
U0000575,Synthetic_User_00575,2026-04-05 18:33:11+00:00,ANDROID,L2,0,2026-05-27 18:33:11+00:00,2026-05-20 18:33:11+00:00,267.0,2824.0,12,23,1,1134.454756,801.297781,792.44546,0.6985253980459314,0.7063285483727126,0.1750377866572096,0.37608263371216016,12.0,1,1,1,3,0.2112676056338028,0.22535211267605634,71,1.0,0.5,1.0,5,1.0
U0000576,Synthetic_User_00576,2026-04-24 06:11:00+00:00,IOS,L2,0,2026-06-15 06:11:00+00:00,2026-06-08 06:11:00+00:00,491.0,476.0,4,10,4,8024.456638,2734.173319,6203.926614,0.7731273148914735,0.34073002601226093,0.38811124517164675,0.9356402079232304,0.0,1,1,1,3,0.2,0.17142857142857143,35,0.7,0.475,0.75,3,1.0
U0000577,Synthetic_User_00577,2026-04-20 20:43:51+00:00,IOS,L2,0,2026-06-11 20:43:51+00:00,2026-06-04 20:43:51+00:00,578.0,2990.0,4,16,3,2323.332265,2409.325631,2070.438522,0.8911504192449201,1.037012943561906,0.06342739684408809,0.14944096989571734,4.0,2,1,1,3,0.24444444444444444,0.15555555555555556,45,1.0,0.6,1.0,5,1.0
U0000578,Synthetic_User_00578,2026-02-26 19:38:39+00:00,ANDROID,L2,0,2026-04-19 19:38:39+00:00,2026-04-12 19:38:39+00:00,417.0,2479.0,6,12,3,2824.748807,1609.237002,823.793856,0.2916343761110933,0.5696920724462846,0.46967649546001816,1.1417109950346311,6.0,2,2,2,2,0.09523809523809523,0.23809523809523808,42,0.9,0.45,1.0,4,1.0
U0000579,Synthetic_User_00579,2026-03-12 05:00:12+00:00,ANDROID,L2,0,2026-05-03 05:00:12+00:00,2026-04-26 05:00:12+00:00,494.0,4522.0,7,13,2,9907.232326,8102.647279,9734.800974,0.9825954064337948,0.8178517483370058,0.08791956314796522,0.19512767954148585,2.0,1,1,2,1,0.18604651162790697,0.23255813953488372,43,0.8,0.5142857142857143,1.0,4,0.5
U0000580,Synthetic_User_00580,2026-03-27 16:47:49+00:00,WEB,L2,0,2026-05-18 16:47:49+00:00,2026-05-11 16:47:49+00:00,552.0,571.0,3,13,4,9849.196366,7200.487573,4410.766382,0.4478300785256168,0.7310736130570513,0.31040520714474085,0.7602491889946394,1.0,1,1,1,2,0.15,0.3,40,1.0,0.5333333333333333,1.0,4,1.0
U0000581,Synthetic_User_00581,2026-02-18 05:52:26+00:00,H5,L2,0,2026-04-11 05:52:26+00:00,2026-04-04 05:52:26+00:00,351.0,2997.0,6,13,2,1088.3355510000001,886.719657,474.158641,0.43567320810601723,0.814748407497349,0.313103106528609,0.7522947539890382,6.0,2,2,1,2,0.14285714285714285,0.2571428571428571,35,1.0,0.45,1.0,5,2.0
U0000582,Synthetic_User_00582,2026-02-08 16:58:34+00:00,WEB,L2,0,2026-04-01 16:58:34+00:00,2026-03-25 16:58:34+00:00,359.0,389.0,5,7,3,13744.775728,10842.409386,12755.389364999999,0.9280172785224509,0.7888385813318524,0.09678373586272866,0.23316815049526202,1.0,1,1,1,3,0.12903225806451613,0.22580645161290322,31,1.0,0.4,1.0,5,1.0
U0000583,Synthetic_User_00583,2026-03-20 13:01:44+00:00,IOS,L1,0,2026-05-11 13:01:44+00:00,2026-05-04 13:01:44+00:00,511.0,2890.0,7,12,2,4018.979479,2144.278012,462.204649,0.11500547624468227,0.53353793499178,0.6578062960352562,1.6105026735538783,6.0,2,1,1,1,0.125,0.2,40,1.0,0.7428571428571429,1.0,4,1.0
U0000584,Synthetic_User_00584,2026-01-27 02:21:12+00:00,WEB,L2,0,2026-03-20 02:21:12+00:00,2026-03-13 02:21:12+00:00,364.0,1911.0,8,19,2,13763.575739,14685.679947,11038.813594,0.8020309404569042,1.0669959773162114,0.11762559788917865,0.2770608758160081,3.0,1,2,1,3,0.17391304347826086,0.2898550724637681,69,0.9,0.5625,1.0,4,2.0
U0000585,Synthetic_User_00585,2026-02-08 17:38:55+00:00,ANDROID,L2,0,2026-04-01 17:38:55+00:00,2026-03-25 17:38:55+00:00,190.0,3170.0,8,8,2,2035.115261,2108.005999,1835.478919,0.9019041595207221,1.0358165158489272,0.057806023126437754,0.1367512821599573,8.0,1,2,1,1,0.12903225806451613,0.3225806451612903,31,0.6,0.3,1.0,3,2.0
U0000586,Synthetic_User_00586,2026-04-10 08:28:16+00:00,WEB,L2,0,2026-06-01 08:28:16+00:00,2026-05-25 08:28:16+00:00,602.0,3637.0,5,12,5,11220.426693,17749.587513,3427.3179739999996,0.3054534437748409,1.5818995122594843,0.5421397091465421,1.3262452716253255,0.0,2,2,2,3,0.20930232558139536,0.32558139534883723,43,1.0,0.52,0.8,6,1.0
U0000587,Synthetic_User_00587,2026-02-11 13:27:15+00:00,IOS,L2,0,2026-04-04 13:27:15+00:00,2026-03-28 13:27:15+00:00,622.0,135.0,5,14,3,14020.45814,10654.0458,5475.262459,0.39051951115486155,0.7598928432733796,0.34971600788580076,0.850274814860598,0.0,1,1,1,1,0.16666666666666666,0.25,48,1.0,0.52,1.0,4,1.0
U0000588,Synthetic_User_00588,2026-03-20 22:32:17+00:00,ANDROID,L2,0,2026-05-11 22:32:17+00:00,2026-05-04 22:32:17+00:00,128.0,866.0,10,10,4,5477.180485,6184.436645,644.162297,0.11760837510542616,1.129127780604805,0.600205344455632,1.350651792728578,9.0,2,1,2,1,0.10638297872340426,0.14893617021276595,47,0.7,0.37,1.0,6,0.5
U0000589,Synthetic_User_00589,2026-01-18 07:51:44+00:00,ANDROID,L2,0,2026-03-11 07:51:44+00:00,2026-03-04 07:51:44+00:00,510.0,2280.0,3,9,3,5689.301728,12237.377731999999,4558.944373,0.8013187893626864,2.150945461685311,0.4515985084238606,1.024445674626705,0.0,1,1,1,2,0.0967741935483871,0.12903225806451613,31,0.8,0.6333333333333334,1.0,3,1.0
U0000590,Synthetic_User_00590,2026-04-13 18:21:32+00:00,IOS,L1,0,2026-06-04 18:21:32+00:00,2026-05-28 18:21:32+00:00,538.0,535.0,7,17,4,21264.824822,22340.315392,11059.613241,0.5200895532211499,1.0505760371412667,0.27897003784218793,0.6190845895035237,0.0,2,2,1,1,0.13793103448275862,0.25862068965517243,58,0.9,0.45714285714285713,1.0,5,2.0
U0000591,Synthetic_User_00591,2026-04-21 04:58:20+00:00,IOS,L2,0,2026-06-12 04:58:20+00:00,2026-06-05 04:58:20+00:00,148.0,3395.0,6,10,7,3401.260569,3355.895752,2894.573963,0.8510297591963175,0.9866623517723202,0.07115165058379645,0.1574909133670939,6.0,1,1,2,2,0.13725490196078433,0.23529411764705882,51,0.7,0.3666666666666667,0.6666666666666666,5,0.5
U0000592,Synthetic_User_00592,2026-03-08 05:14:25+00:00,ANDROID,L2,0,2026-04-29 05:14:25+00:00,2026-04-22 05:14:25+00:00,153.0,4209.0,5,11,3,3701.999737,3199.285826,2162.405632,0.5841182565162348,0.8642047685807277,0.21217275540953634,0.5095917563418267,4.0,3,1,1,2,0.15151515151515152,0.36363636363636365,33,1.0,0.44000000000000006,0.8,6,1.0
U0000593,Synthetic_User_00593,2026-01-29 17:24:07+00:00,IOS,L2,0,2026-03-22 17:24:07+00:00,2026-03-15 17:24:07+00:00,440.0,748.0,3,10,3,10434.300369,9252.635663000001,6201.0984499999995,0.5942994001230097,0.886751898621714,0.2066797909688448,0.49055890148130255,0.0,1,1,1,2,0.23333333333333334,0.16666666666666666,30,0.8,0.5333333333333333,1.0,5,1.0
U0000594,Synthetic_User_00594,2026-01-04 17:04:53+00:00,WEB,L1,0,2026-02-25 17:04:53+00:00,2026-02-18 17:04:53+00:00,267.0,1803.0,4,7,3,13949.941535,13306.744432,8674.677132,0.6218432607932791,0.9538924875501279,0.1961988609246185,0.4404451110133488,0.0,2,1,2,3,0.21428571428571427,0.25,28,0.8,0.525,1.0,4,0.5
U0000595,Synthetic_User_00595,2026-01-07 00:06:32+00:00,ANDROID,L2,0,2026-02-28 00:06:32+00:00,2026-02-21 00:06:32+00:00,139.0,2835.0,4,4,3,6705.121301,5534.312226999999,634.75286,0.09466687200801768,0.8253858474081018,0.6127250311810485,1.4145441718922551,1.0,2,2,2,3,0.04,0.48,25,0.7,0.475,1.0,2,1.0
U0000596,Synthetic_User_00596,2026-04-14 04:13:10+00:00,WEB,L1,0,2026-06-05 04:13:10+00:00,2026-05-29 04:13:10+00:00,80.0,4976.0,8,21,5,3855.426048,5898.734906000001,2154.561607,0.5588387846571918,1.5299826355273929,0.38560355877150226,0.9432178673626589,8.0,2,3,1,2,0.14516129032258066,0.2903225806451613,62,0.9,0.6125,1.0,6,3.0
U0000597,Synthetic_User_00597,2026-03-12 22:54:44+00:00,WEB,L2,0,2026-05-03 22:54:44+00:00,2026-04-26 22:54:44+00:00,584.0,291.0,9,20,2,2707.966925,2817.984911,704.658594,0.26021683924370675,1.0406275220662082,0.46769369566864094,1.017553419882167,9.0,1,1,1,1,0.14473684210526316,0.19736842105263158,76,0.8,0.41111111111111115,1.0,6,1.0
U0000598,Synthetic_User_00598,2026-04-16 00:28:45+00:00,WEB,L2,0,2026-06-07 00:28:45+00:00,2026-05-31 00:28:45+00:00,57.0,4626.0,5,14,3,8958.113818,3702.892375,4282.292399,0.4780350513514764,0.41335625447843577,0.4165700506323523,0.9304955728304266,1.0,1,1,1,1,0.13333333333333333,0.2,45,0.8,0.38,1.0,5,1.0
U0000599,Synthetic_User_00599,2026-03-09 04:31:46+00:00,IOS,L2,0,2026-04-30 04:31:46+00:00,2026-04-23 04:31:46+00:00,107.0,1599.0,8,14,4,5118.9569950000005,2962.147199,2373.784682,0.4637242868651995,0.57866225520029,0.33862958932232345,0.7877192227174468,6.0,2,1,2,2,0.1111111111111111,0.37777777777777777,45,1.0,0.5875,1.0,5,0.5
U0000600,Synthetic_User_00600,2026-03-17 00:25:33+00:00,ANDROID,L2,0,2026-05-08 00:25:33+00:00,2026-05-01 00:25:33+00:00,97.0,3581.0,19,17,9,6873.078263,5693.504012,2808.645704,0.40864451073107183,0.8283775906714129,0.33312394417621294,0.793048252270081,18.0,2,1,1,3,0.11627906976744186,0.23255813953488372,86,0.9,0.4263157894736842,1.0,4,1.0
U0000601,Synthetic_User_00601,2026-04-06 09:30:20+00:00,WEB,L2,0,2026-05-28 09:30:20+00:00,2026-05-21 09:30:20+00:00,81.0,3219.0,11,29,8,3202.095982,2245.261828,2349.210289,0.7336476802087315,0.7011850489870795,0.1649421185277808,0.36817512853741047,11.0,3,1,2,3,0.1485148514851485,0.2079207920792079,101,1.0,0.4272727272727273,1.0,6,0.5
U0000602,Synthetic_User_00602,2026-04-04 19:21:25+00:00,IOS,L2,0,2026-05-26 19:21:25+00:00,2026-05-19 19:21:25+00:00,474.0,1014.0,1,8,2,5214.635867,4965.471295,7715.320122,1.4795510786908797,0.952218222258471,0.20816534639746956,0.46098628158355176,0.0,1,1,1,3,0.09375,0.28125,32,0.8,0.8,1.0,4,1.0
U0000603,Synthetic_User_00603,2026-02-13 22:56:31+00:00,IOS,L2,0,2026-04-06 22:56:31+00:00,2026-03-30 22:56:31+00:00,110.0,3781.0,6,8,5,4080.644742,1947.874949,3814.7464560000003,0.9348391485141444,0.4773448982097153,0.28921915303524953,0.6500189351224701,5.0,2,2,2,2,0.0625,0.25,32,0.9,0.4666666666666666,1.0,4,1.0
U0000604,Synthetic_User_00604,2026-01-12 03:57:59+00:00,WEB,L2,0,2026-03-05 03:57:59+00:00,2026-02-26 03:57:59+00:00,259.0,172.0,8,29,8,2686.367427,4852.163103,2308.42342,0.8593103820417936,1.8062172189225252,0.3414416940846687,0.7749827091452988,8.0,1,3,2,3,0.2,0.32941176470588235,85,1.0,0.55,1.0,5,1.5
U0000605,Synthetic_User_00605,2026-03-21 14:46:23+00:00,WEB,L2,0,2026-05-12 14:46:23+00:00,2026-05-05 14:46:23+00:00,559.0,3500.0,3,8,2,4183.627447999999,1508.823325,2536.562982,0.6063070896077553,0.3606495424733145,0.40163915571886055,0.9751365847607575,1.0,1,1,2,1,0.10256410256410256,0.15384615384615385,39,0.9,0.5333333333333333,1.0,6,0.5
U0000606,Synthetic_User_00606,2026-03-24 07:17:59+00:00,WEB,L2,0,2026-05-15 07:17:59+00:00,2026-05-08 07:17:59+00:00,206.0,659.0,5,13,5,4698.691724,10283.222773,3065.4509319999997,0.6524052038447797,2.1885289303989244,0.5137015532023272,1.1998047919063946,4.0,2,3,1,2,0.0847457627118644,0.23728813559322035,59,0.6,0.48,1.0,5,3.0
U0000607,Synthetic_User_00607,2026-04-08 15:28:30+00:00,ANDROID,L1,0,2026-05-30 15:28:30+00:00,2026-05-23 15:28:30+00:00,134.0,1628.0,7,10,6,3392.9610709999997,788.600613,2358.152033,0.6950129941529176,0.2324225349180259,0.4911546835537609,1.1947130581098495,6.0,3,1,1,3,0.11627906976744186,0.16279069767441862,43,1.0,0.5571428571428572,1.0,4,1.0
U0000608,Synthetic_User_00608,2026-02-10 11:08:10+00:00,ANDROID,L2,0,2026-04-03 11:08:10+00:00,2026-03-27 11:08:10+00:00,600.0,39.0,13,21,3,9775.461697,10369.098773,9718.049706,0.9941269279365474,1.0607272673557895,0.02956641581088033,0.0654044368355217,10.0,1,1,1,3,0.1232876712328767,0.2602739726027397,73,0.9,0.5,1.0,6,1.0
U0000609,Synthetic_User_00609,2026-03-22 16:25:22+00:00,ANDROID,L2,0,2026-05-13 16:25:22+00:00,2026-05-06 16:25:22+00:00,499.0,3243.0,2,8,3,7369.640315000001,13820.85004,461.39218500000004,0.06260715113339965,1.87537647012017,0.7558289109155827,1.8510341302174824,0.0,1,1,2,1,0.12,0.28,25,0.3,0.3,1.0,3,0.5
U0000610,Synthetic_User_00610,2026-04-23 14:53:29+00:00,H5,L2,0,2026-06-14 14:53:29+00:00,2026-06-07 14:53:29+00:00,414.0,3146.0,4,16,2,9020.080304,8386.023337,210.25573100000003,0.02330974048055438,0.9297060618497129,0.6832118661944474,1.5002801180934036,0.0,2,2,1,3,0.14583333333333334,0.3125,48,0.8,0.45,0.75,6,2.0
U0000611,Synthetic_User_00611,2026-04-14 09:03:28+00:00,ANDROID,L1,0,2026-06-05 09:03:28+00:00,2026-05-29 09:03:28+00:00,492.0,3566.0,3,8,1,2046.076583,1690.6697370000002,497.349389,0.24307466940986927,0.8262983658808631,0.4693280211600533,1.0973255923629854,2.0,1,1,2,1,0.14285714285714285,0.34285714285714286,35,0.4,0.3,0.6666666666666666,4,0.5
U0000612,Synthetic_User_00612,2026-01-01 16:02:35+00:00,WEB,L2,0,2026-02-22 16:02:35+00:00,2026-02-15 16:02:35+00:00,645.0,4203.0,8,7,4,5351.883553,7024.090571,357.300617,0.0667616575475965,1.3124520556996506,0.6672568897275384,1.5707169026676702,7.0,2,3,1,3,0.11428571428571428,0.37142857142857144,35,0.7,0.425,0.875,4,3.0
U0000613,Synthetic_User_00613,2026-04-04 15:41:36+00:00,ANDROID,L2,0,2026-05-26 15:41:36+00:00,2026-05-19 15:41:36+00:00,44.0,537.0,2,17,1,4691.8686450000005,3837.4891979999998,181.567202,0.03869827050539689,0.817902095807714,0.6736869669817243,1.553325767252082,0.0,1,1,1,2,0.20512820512820512,0.28205128205128205,39,0.4,0.25,1.0,4,1.0
U0000614,Synthetic_User_00614,2026-04-13 20:53:13+00:00,ANDROID,L2,0,2026-06-04 20:53:13+00:00,2026-05-28 20:53:13+00:00,361.0,2713.0,7,12,7,1777.1200489999999,2814.04267,601.185457,0.3382919782702874,1.5834848476238197,0.5223007799251768,1.2785297545501115,7.0,1,2,2,2,0.12244897959183673,0.20408163265306123,49,0.7,0.45714285714285713,1.0,5,1.0
U0000615,Synthetic_User_00615,2026-04-18 03:07:28+00:00,WEB,L2,0,2026-06-09 03:07:28+00:00,2026-06-02 03:07:28+00:00,44.0,1008.0,9,20,10,12739.189015,8961.756054,8820.493079,0.6923904707445775,0.7034793222274832,0.17839049352306696,0.3851747663722179,4.0,2,3,2,2,0.07954545454545454,0.18181818181818182,88,1.0,0.4666666666666667,1.0,5,1.5
U0000616,Synthetic_User_00616,2026-03-07 22:39:16+00:00,ANDROID,L2,0,2026-04-28 22:39:16+00:00,2026-04-21 22:39:16+00:00,547.0,954.0,14,15,9,820.019194,230.023615,45.953333,0.05603933826944056,0.28051003767114263,0.903773699292352,2.118800873479717,14.0,1,3,2,2,0.11842105263157894,0.21052631578947367,76,1.0,0.6214285714285713,1.0,5,1.5
U0000617,Synthetic_User_00617,2026-02-10 07:26:33+00:00,ANDROID,L1,0,2026-04-03 07:26:33+00:00,2026-03-27 07:26:33+00:00,34.0,1237.0,7,18,7,2102.851129,1596.126872,1624.140301,0.7723515367311576,0.7590298951685799,0.13106076887626705,0.2855793699773385,7.0,2,2,2,1,0.13114754098360656,0.22950819672131148,61,0.8,0.5714285714285714,1.0,5,1.0
U0000618,Synthetic_User_00618,2026-03-08 11:15:09+00:00,ANDROID,L2,0,2026-04-29 11:15:09+00:00,2026-04-22 11:15:09+00:00,435.0,1894.0,10,20,4,2806.184077,1996.443418,425.423584,0.15160216590452844,0.7114442115053026,0.5671516125973398,1.3661460783520396,10.0,1,1,1,2,0.15492957746478872,0.19718309859154928,71,0.9,0.48,1.0,6,1.0
U0000619,Synthetic_User_00619,2026-04-25 13:58:10+00:00,IOS,L1,0,2026-06-16 13:58:10+00:00,2026-06-09 13:58:10+00:00,631.0,2156.0,6,16,3,759.370664,1061.17817,339.422958,0.4469792870481496,1.3974442526002029,0.4110722746288872,1.0024508857104555,6.0,1,1,2,3,0.1320754716981132,0.32075471698113206,53,0.9,0.39999999999999997,1.0,5,0.5
U0000620,Synthetic_User_00620,2026-01-01 07:20:48+00:00,IOS,L2,0,2026-02-22 07:20:48+00:00,2026-02-15 07:20:48+00:00,500.0,1000.0,3,23,4,7043.901037,2336.728936,7303.7024,1.036883164830869,0.3317378997413078,0.4104479598794687,0.8931085798862373,0.0,1,3,1,1,0.1864406779661017,0.3050847457627119,59,0.9,0.3333333333333333,1.0,5,3.0
U0000621,Synthetic_User_00621,2026-01-18 14:48:22+00:00,IOS,L1,0,2026-03-11 14:48:22+00:00,2026-03-04 14:48:22+00:00,552.0,2030.0,4,10,5,822.546749,1408.791594,1038.091116,1.2620451266290278,1.7127191806577793,0.22215928417173855,0.5379331645032444,4.0,1,2,2,3,0.16216216216216217,0.2702702702702703,37,0.9,0.45,0.75,4,1.0
U0000622,Synthetic_User_00622,2026-04-17 13:33:38+00:00,WEB,L2,0,2026-06-08 13:33:38+00:00,2026-06-01 13:33:38+00:00,120.0,3922.0,3,10,2,34834.033478,19895.968355,10259.513535,0.2945255691242176,0.571164644702016,0.46669197712306887,1.1343915924213912,0.0,1,1,2,2,0.2916666666666667,0.125,24,0.8,0.5,1.0,5,0.5
U0000623,Synthetic_User_00623,2026-03-28 19:02:35+00:00,WEB,L2,0,2026-05-19 19:02:35+00:00,2026-05-12 19:02:35+00:00,490.0,191.0,5,20,3,960.735466,1861.557804,638.902552,0.6650140175006302,1.9376382676394295,0.44851526670717734,1.0597394497837227,5.0,2,2,1,2,0.13846153846153847,0.27692307692307694,65,1.0,0.45999999999999996,1.0,6,2.0
U0000624,Synthetic_User_00624,2026-01-30 19:21:44+00:00,WEB,L2,0,2026-03-23 19:21:44+00:00,2026-03-16 19:21:44+00:00,468.0,1917.0,10,27,6,692.883504,621.417326,562.120948,0.8112777180505657,0.8968568632570592,0.08547214691680234,0.20906156206421947,10.0,1,3,1,1,0.15555555555555556,0.26666666666666666,90,1.0,0.54,1.0,5,3.0
U0000625,Synthetic_User_00625,2026-01-10 07:11:20+00:00,IOS,L2,0,2026-03-03 07:11:20+00:00,2026-02-24 07:11:20+00:00,463.0,1440.0,1,6,1,3824.791703,2104.2779140000002,2210.010096,0.5778118830017761,0.5501679770821235,0.2902001868243308,0.6341676883635652,0.0,1,1,1,3,0.14285714285714285,0.19047619047619047,21,0.8,0.8,1.0,2,1.0
U0000626,Synthetic_User_00626,2026-04-27 01:56:56+00:00,H5,L2,0,2026-06-18 01:56:56+00:00,2026-06-11 01:56:56+00:00,256.0,1052.0,12,24,6,12888.695903,12456.466117,5699.635938,0.44221975449613493,0.9664644282669906,0.31810263824251533,0.6947115559965275,7.0,1,3,2,2,0.11956521739130435,0.29347826086956524,92,1.0,0.5,1.0,5,1.5
U0000627,Synthetic_User_00627,2026-04-19 20:42:46+00:00,WEB,L2,0,2026-06-10 20:42:46+00:00,2026-06-03 20:42:46+00:00,27.0,4094.0,10,6,2,1575.1492739999999,585.532562,197.478984,0.1253715995427618,0.3717314743846938,0.7378999917238604,1.7526416497751838,10.0,1,2,2,1,0.08571428571428572,0.17142857142857143,35,1.0,0.62,1.0,3,1.0
U0000628,Synthetic_User_00628,2026-01-19 18:12:52+00:00,IOS,L2,0,2026-03-12 18:12:52+00:00,2026-03-05 18:12:52+00:00,512.0,1118.0,9,11,4,861.195157,751.450706,338.702472,0.3932935168607782,0.8725672687451028,0.345830590408415,0.8032794693214013,9.0,2,1,2,1,0.1951219512195122,0.0975609756097561,41,1.0,0.5222222222222223,0.8888888888888888,4,0.5
U0000629,Synthetic_User_00629,2026-04-21 02:57:26+00:00,H5,L2,0,2026-06-12 02:57:26+00:00,2026-06-05 02:57:26+00:00,349.0,1868.0,8,16,1,2235.770677,407.204403,781.219037,0.3494182319486606,0.1821315608031834,0.6910460985502166,1.6020408407237505,8.0,1,1,1,2,0.12244897959183673,0.30612244897959184,49,1.0,0.39999999999999997,0.75,5,1.0
U0000630,Synthetic_User_00630,2026-01-11 04:36:20+00:00,H5,L2,0,2026-03-04 04:36:20+00:00,2026-02-25 04:36:20+00:00,297.0,2960.0,4,14,3,974.1669469999999,1382.561794,1045.641343,1.0733697609225086,1.4192247009177166,0.1570193926705181,0.3600973764616489,4.0,1,2,2,2,0.17391304347826086,0.2608695652173913,46,1.0,0.725,1.0,6,1.0
U0000631,Synthetic_User_00631,2026-03-31 12:48:37+00:00,IOS,L2,0,2026-05-22 12:48:37+00:00,2026-05-15 12:48:37+00:00,216.0,4403.0,6,13,3,1908.322655,2660.674522,1666.40465,0.873230030379742,1.3942477258909867,0.2036902631528082,0.4783668637174423,6.0,2,1,2,3,0.17073170731707318,0.12195121951219512,41,1.0,0.5499999999999999,1.0,4,0.5
U0000632,Synthetic_User_00632,2026-04-08 08:56:19+00:00,IOS,L1,0,2026-05-30 08:56:19+00:00,2026-05-23 08:56:19+00:00,382.0,4005.0,6,5,3,1905.901147,2689.136715,173.384379,0.09097238819175756,1.4109528813878194,0.6613138924302776,1.5827576977363569,6.0,2,3,1,2,0.08823529411764706,0.17647058823529413,34,1.0,0.5833333333333334,1.0,3,3.0
U0000633,Synthetic_User_00633,2026-03-10 19:17:37+00:00,H5,L2,0,2026-05-01 19:17:37+00:00,2026-04-24 19:17:37+00:00,71.0,2377.0,3,12,5,831.469663,972.301791,1209.756474,1.4549616514391097,1.169377349850466,0.1554043713127192,0.3765886562575106,3.0,2,1,2,2,0.075,0.225,40,0.6,0.3666666666666667,1.0,6,0.5
U0000634,Synthetic_User_00634,2026-01-11 06:25:34+00:00,H5,L1,0,2026-03-04 06:25:34+00:00,2026-02-25 06:25:34+00:00,297.0,4514.0,10,33,13,1680.281756,2636.906114,1903.780896,1.133012894535052,1.5693237783389942,0.19704123108375973,0.4613225338286483,10.0,3,1,1,2,0.13274336283185842,0.3008849557522124,113,1.0,0.4600000000000001,0.9,6,1.0
U0000635,Synthetic_User_00635,2026-01-17 06:29:11+00:00,WEB,L1,0,2026-03-10 06:29:11+00:00,2026-03-03 06:29:11+00:00,620.0,1582.0,2,8,2,925.661773,564.140161,819.6646189999999,0.8854904057920947,0.6094452395626799,0.1971108212271263,0.4696170354106877,2.0,1,2,1,3,0.13793103448275862,0.1724137931034483,29,0.7,0.55,1.0,6,2.0
U0000636,Synthetic_User_00636,2026-01-19 16:04:14+00:00,IOS,L2,0,2026-03-12 16:04:14+00:00,2026-03-05 16:04:14+00:00,155.0,4346.0,14,44,7,2169.402199,1550.299397,1606.559628,0.7405540700293168,0.7146205520187177,0.1574457500533624,0.3487077197098436,14.0,2,3,1,3,0.1791044776119403,0.23134328358208955,134,1.0,0.4785714285714286,1.0,6,3.0
U0000637,Synthetic_User_00637,2026-02-24 09:21:17+00:00,ANDROID,L2,0,2026-04-17 09:21:17+00:00,2026-04-10 09:21:17+00:00,298.0,3973.0,8,20,2,4718.434394,8245.213731,2443.821178,0.5179305197307783,1.7474469373749653,0.46472142538426553,1.1295935313407517,8.0,2,2,2,1,0.1791044776119403,0.19402985074626866,67,0.7,0.3,1.0,6,1.0
U0000638,Synthetic_User_00638,2026-01-23 22:58:34+00:00,IOS,L2,0,2026-03-16 22:58:34+00:00,2026-03-09 22:58:34+00:00,535.0,4376.0,7,15,5,2583.223748,3234.3487010000003,1693.5248760000002,0.6555858265514831,1.2520590612811293,0.25224561319061556,0.6154189294837822,7.0,2,3,1,3,0.1206896551724138,0.15517241379310345,58,0.6,0.32857142857142857,1.0,5,3.0
U0000639,Synthetic_User_00639,2026-01-27 17:03:43+00:00,WEB,L1,0,2026-03-20 17:03:43+00:00,2026-03-13 17:03:43+00:00,286.0,4435.0,7,6,6,12708.208924999999,10038.820141,14540.147121,1.1441539249796369,0.7899476787205874,0.14870230983378327,0.36216153436440973,1.0,3,1,2,3,0.11627906976744186,0.27906976744186046,43,0.9,0.5571428571428572,0.8571428571428571,3,0.5
U0000640,Synthetic_User_00640,2026-03-01 07:27:04+00:00,WEB,L1,0,2026-04-22 07:27:04+00:00,2026-04-15 07:27:04+00:00,362.0,3874.0,3,6,2,7870.4052249999995,8819.453492,9679.118047,1.2298119055235812,1.1205844222588934,0.08404244299420797,0.20577736157771528,0.0,2,1,1,2,0.10714285714285714,0.14285714285714285,28,0.9,0.6666666666666666,0.6666666666666666,4,1.0
U0000641,Synthetic_User_00641,2026-03-18 13:15:43+00:00,WEB,L1,0,2026-05-09 13:15:43+00:00,2026-05-02 13:15:43+00:00,180.0,2682.0,3,5,2,1587.0071130000001,1430.795167,722.630786,0.4553418696618028,0.9015682130720228,0.30164772756273306,0.693269719105836,3.0,1,1,2,3,0.1111111111111111,0.1111111111111111,18,0.9,0.5333333333333333,1.0,4,0.5
U0000642,Synthetic_User_00642,2026-02-25 16:56:57+00:00,WEB,L1,0,2026-04-18 16:56:57+00:00,2026-04-11 16:56:57+00:00,614.0,4810.0,2,7,3,1854.244666,2155.5380059999998,937.47122,0.5055811874181225,1.1624884490836658,0.31411508034500984,0.7386320649338528,1.0,1,2,2,1,0.043478260869565216,0.2608695652173913,23,0.7,0.5,1.0,4,1.0
U0000643,Synthetic_User_00643,2026-03-02 02:18:10+00:00,ANDROID,L2,0,2026-04-23 02:18:10+00:00,2026-04-16 02:18:10+00:00,14.0,740.0,5,13,2,2684.995393,2989.011873,1336.803559,0.497879274759709,1.1132279335721005,0.3072438743191528,0.7069973881373414,4.0,1,1,1,1,0.05357142857142857,0.32142857142857145,56,0.9,0.36,0.8,5,1.0
U0000644,Synthetic_User_00644,2026-03-28 08:44:03+00:00,IOS,L2,0,2026-05-19 08:44:03+00:00,2026-05-12 08:44:03+00:00,416.0,1465.0,4,19,3,1424.581514,821.0511829999999,132.912384,0.09329924802042602,0.5763455266905843,0.6655732668848573,1.6291502822266666,4.0,1,2,1,2,0.11940298507462686,0.16417910447761194,67,0.7,0.55,0.75,5,2.0
U0000645,Synthetic_User_00645,2026-03-17 14:43:19+00:00,ANDROID,L2,0,2026-05-08 14:43:19+00:00,2026-05-01 14:43:19+00:00,662.0,4546.0,16,41,6,3186.068919,1807.255683,399.631917,0.12543103340194883,0.5672368454500466,0.6328134152870698,1.5500423518248656,16.0,1,1,1,2,0.13138686131386862,0.35036496350364965,137,1.0,0.5125,1.0,6,1.0
U0000646,Synthetic_User_00646,2026-01-26 06:22:23+00:00,IOS,L2,0,2026-03-19 06:22:23+00:00,2026-03-12 06:22:23+00:00,195.0,4436.0,7,19,3,3447.594345,3423.976277,1594.589647,0.4625224105360922,0.9931494063290095,0.30757798829863925,0.6566157404738826,6.0,1,1,2,2,0.16666666666666666,0.2708333333333333,48,0.8,0.5571428571428572,1.0,5,0.5
U0000647,Synthetic_User_00647,2026-04-15 00:02:41+00:00,WEB,L2,0,2026-06-06 00:02:41+00:00,2026-05-30 00:02:41+00:00,529.0,3185.0,10,28,8,7283.7935609999995,8134.188534,4917.483189,0.6751266558857378,1.116751657756106,0.20077560641530529,0.474546114398117,8.0,1,1,2,2,0.14893617021276595,0.22340425531914893,94,1.0,0.38,1.0,5,0.5
U0000648,Synthetic_User_00648,2026-04-22 05:54:21+00:00,WEB,L2,0,2026-06-13 05:54:21+00:00,2026-06-06 05:54:21+00:00,146.0,4403.0,7,18,7,8948.285415,7027.272653,2409.133391,0.2692284923055284,0.785320575628957,0.44780409359202333,1.0670538646650236,2.0,2,3,1,3,0.13846153846153847,0.26153846153846155,65,1.0,0.5571428571428572,1.0,5,3.0
U0000649,Synthetic_User_00649,2026-03-09 12:19:12+00:00,ANDROID,L2,0,2026-04-30 12:19:12+00:00,2026-04-23 12:19:12+00:00,347.0,2478.0,17,24,4,2124.255885,1214.5402100000001,444.996871,0.20948364749381404,0.5717485443143777,0.54417640363511,1.3314092729882199,17.0,3,2,2,3,0.13043478260869565,0.29347826086956524,92,0.9,0.5352941176470588,1.0,5,1.0
U0000650,Synthetic_User_00650,2026-04-16 10:28:24+00:00,IOS,L2,0,2026-06-07 10:28:24+00:00,2026-05-31 10:28:24+00:00,342.0,1261.0,5,16,4,10465.789112999999,11448.790146,3097.260886,0.295941457692164,1.0939251710870967,0.44701895051325663,1.0017090959622397,0.0,2,2,1,3,0.1320754716981132,0.16981132075471697,53,0.7,0.27999999999999997,1.0,5,2.0
U0000651,Synthetic_User_00651,2026-01-09 19:26:15+00:00,ANDROID,L2,0,2026-03-02 19:26:15+00:00,2026-02-23 19:26:15+00:00,442.0,3854.0,10,27,8,23895.870238,4397.294371,2661.287273,0.11137017595483646,0.18401900944403682,0.9330180128948914,2.0579834247378064,1.0,2,2,2,1,0.18823529411764706,0.2823529411764706,85,0.9,0.4,0.8,6,1.0
U0000652,Synthetic_User_00652,2026-02-13 04:54:44+00:00,IOS,L2,0,2026-04-06 04:54:44+00:00,2026-03-30 04:54:44+00:00,384.0,2155.0,8,12,4,4834.18707,3555.932573,2661.808203,0.5506216793964492,0.7355802581715151,0.24198844186517454,0.5896832382378187,8.0,2,2,1,1,0.08196721311475409,0.22950819672131148,61,0.9,0.3875,1.0,6,2.0
U0000653,Synthetic_User_00653,2026-03-17 11:33:49+00:00,ANDROID,L2,0,2026-05-08 11:33:49+00:00,2026-05-01 11:33:49+00:00,151.0,2693.0,10,22,10,3440.834264,918.859526,2740.826989,0.7965588513448958,0.2670455638080684,0.4491266504212282,1.0655449719091652,10.0,2,2,2,2,0.1794871794871795,0.21794871794871795,78,1.0,0.53,1.0,6,1.0
U0000654,Synthetic_User_00654,2026-03-15 10:46:17+00:00,ANDROID,L2,0,2026-05-06 10:46:17+00:00,2026-04-29 10:46:17+00:00,277.0,3298.0,9,30,6,4462.72944,5713.327104,3011.394096,0.6747875121015626,1.2802315669847106,0.25116465015443923,0.6146600465304188,9.0,2,3,2,1,0.1744186046511628,0.20930232558139536,86,1.0,0.5,0.8888888888888888,6,1.5
U0000655,Synthetic_User_00655,2026-04-24 01:23:26+00:00,WEB,L1,0,2026-06-15 01:23:26+00:00,2026-06-08 01:23:26+00:00,114.0,661.0,6,9,2,8155.605507,4131.578061,594.740286,0.07292411158062159,0.5065936621693932,0.7193441554881214,1.7608080842642744,2.0,2,2,2,1,0.075,0.325,40,1.0,0.4166666666666667,0.8333333333333334,5,1.0
U0000656,Synthetic_User_00656,2026-02-23 16:25:09+00:00,H5,L2,0,2026-04-16 16:25:09+00:00,2026-04-09 16:25:09+00:00,620.0,2082.0,7,18,7,5605.7913340000005,7064.000727,474.098268,0.0845729424719254,1.2601255212900508,0.6450637710210446,1.5040986254565087,5.0,3,2,1,3,0.11428571428571428,0.2857142857142857,70,0.7,0.2285714285714286,1.0,5,2.0
U0000657,Synthetic_User_00657,2026-01-04 03:15:34+00:00,WEB,L2,0,2026-02-25 03:15:34+00:00,2026-02-18 03:15:34+00:00,227.0,1714.0,5,6,2,2859.158233,498.38401700000003,454.028631,0.1587980076652162,0.17431144986930844,0.8842655255075896,1.893022334168682,5.0,2,1,2,2,0.09523809523809523,0.3333333333333333,21,0.7,0.33999999999999997,0.8,2,0.5
U0000658,Synthetic_User_00658,2026-02-21 01:23:54+00:00,IOS,L2,0,2026-04-14 01:23:54+00:00,2026-04-07 01:23:54+00:00,247.0,3247.0,3,18,6,1407.465837,3915.784562,3509.441027,2.4934466860526716,2.782152475079933,0.37335599029436506,0.85194374082281,3.0,1,3,1,1,0.23076923076923078,0.3269230769230769,52,1.0,0.5666666666666667,1.0,5,3.0
U0000659,Synthetic_User_00659,2026-03-10 18:06:05+00:00,WEB,L2,0,2026-05-01 18:06:05+00:00,2026-04-24 18:06:05+00:00,416.0,2522.0,3,8,3,1994.140862,2843.54516,3763.10966,1.8870831703562976,1.4259499989123638,0.2519654551205827,0.6170250509620234,3.0,1,2,2,3,0.10526315789473684,0.23684210526315788,38,0.9,0.5,1.0,4,1.0
U0000660,Synthetic_User_00660,2026-01-16 14:11:32+00:00,WEB,L2,0,2026-03-09 14:11:32+00:00,2026-03-02 14:11:32+00:00,334.0,387.0,12,20,6,1731.159511,1567.299022,422.758383,0.24420533192564944,0.905346394737856,0.4692183602660132,1.0548171398240522,12.0,3,2,1,2,0.10526315789473684,0.27631578947368424,76,0.8,0.5,0.8333333333333334,6,2.0
U0000661,Synthetic_User_00661,2026-04-03 13:45:26+00:00,WEB,L2,0,2026-05-25 13:45:26+00:00,2026-05-18 13:45:26+00:00,95.0,4025.0,5,10,3,57301.661077,26570.255753,32161.956473,0.5612744180274611,0.46369084689003703,0.3455544732106521,0.794545707624985,0.0,3,2,1,1,0.24242424242424243,0.18181818181818182,33,1.0,0.38,0.8,4,2.0
U0000662,Synthetic_User_00662,2026-02-27 09:42:42+00:00,ANDROID,L2,0,2026-04-20 09:42:42+00:00,2026-04-13 09:42:42+00:00,104.0,3743.0,7,6,2,4343.4322839999995,3077.756488,198.195243,0.04563101944287156,0.7086000855446973,0.6829340909769155,1.6321150238022226,6.0,2,1,1,2,0.09090909090909091,0.15151515151515152,33,0.7,0.4857142857142857,0.8571428571428571,3,1.0
U0000663,Synthetic_User_00663,2026-03-22 22:51:21+00:00,IOS,L2,0,2026-05-13 22:51:21+00:00,2026-05-06 22:51:21+00:00,318.0,3403.0,5,19,4,1195.6539890000001,2239.46014,113.813617,0.09518942607734651,1.8730001828313223,0.7336056905358178,1.7968637361488848,5.0,1,2,2,1,0.16363636363636364,0.3090909090909091,55,0.9,0.5,1.0,6,1.0
U0000664,Synthetic_User_00664,2026-01-06 15:39:23+00:00,IOS,L2,0,2026-02-27 15:39:23+00:00,2026-02-20 15:39:23+00:00,652.0,275.0,11,22,8,4154.884006,4589.977103,204.569375,0.049235881123175694,1.1047184702079984,0.6613029300990803,1.4700626154391614,11.0,1,3,2,1,0.18309859154929578,0.1267605633802817,71,1.0,0.5,1.0,5,1.5
U0000665,Synthetic_User_00665,2026-01-21 13:24:22+00:00,IOS,L2,0,2026-03-14 13:24:22+00:00,2026-03-07 13:24:22+00:00,247.0,509.0,2,10,2,1104.490577,895.456912,146.077314,0.13225763717855601,0.8107420114277715,0.5752176678528942,1.339798023294328,2.0,1,2,1,1,0.17391304347826086,0.2608695652173913,23,0.3,0.2,1.0,5,2.0
U0000666,Synthetic_User_00666,2026-03-11 01:14:19+00:00,ANDROID,L2,0,2026-05-02 01:14:19+00:00,2026-04-25 01:14:19+00:00,368.0,3101.0,5,4,3,2796.81708,1412.357851,2448.3839829999997,0.8754179887230952,0.5049875664374877,0.2649529179281112,0.623858945996854,5.0,2,1,1,3,0.10344827586206896,0.27586206896551724,29,1.0,0.72,1.0,4,1.0
U0000667,Synthetic_User_00667,2026-01-25 08:13:12+00:00,WEB,L2,0,2026-03-18 08:13:12+00:00,2026-03-11 08:13:12+00:00,662.0,2777.0,6,18,4,18631.904511,26162.908226,3388.491568,0.18186501363827218,1.404199351201795,0.5898510586161189,1.4179859799883021,0.0,2,2,2,3,0.1836734693877551,0.32653061224489793,49,0.9,0.5666666666666667,0.8333333333333334,4,1.0
U0000668,Synthetic_User_00668,2026-03-21 18:27:52+00:00,IOS,L1,0,2026-05-12 18:27:52+00:00,2026-05-05 18:27:52+00:00,603.0,738.0,10,13,5,6293.480609,3237.655558,1351.271155,0.2147096716350588,0.5144459416256858,0.5613803015798203,1.3624401222352995,8.0,2,3,2,2,0.1346153846153846,0.23076923076923078,52,0.6,0.25,1.0,4,1.5
U0000669,Synthetic_User_00669,2026-01-02 05:35:06+00:00,ANDROID,L2,0,2026-02-23 05:35:06+00:00,2026-02-16 05:35:06+00:00,340.0,2520.0,8,17,8,7837.9128,8071.78932,689.2559229999999,0.08793870773862143,1.0298391326833847,0.6192614566918292,1.3342765331188928,5.0,1,2,2,3,0.11428571428571428,0.35714285714285715,70,0.8,0.525,1.0,6,1.0
U0000670,Synthetic_User_00670,2026-01-11 08:52:06+00:00,IOS,L2,0,2026-03-04 08:52:06+00:00,2026-02-25 08:52:06+00:00,536.0,2053.0,4,9,3,7412.404853000001,5055.194257,3358.247714,0.4530577836207673,0.681991115873012,0.31513066208324597,0.7685194702223159,2.0,2,1,2,3,0.11627906976744186,0.2558139534883721,43,0.8,0.225,1.0,4,0.5
U0000671,Synthetic_User_00671,2026-03-27 03:49:01+00:00,ANDROID,L2,0,2026-05-18 03:49:01+00:00,2026-05-11 03:49:01+00:00,24.0,4100.0,4,6,2,2638.352269,1330.289442,2418.6554330000004,0.9167295290392476,0.5042122151884639,0.268620810542477,0.6143738724737807,3.0,2,1,2,2,0.16,0.4,25,1.0,0.35,1.0,4,0.5
U0000672,Synthetic_User_00672,2026-02-05 21:19:57+00:00,ANDROID,L2,0,2026-03-29 21:19:57+00:00,2026-03-22 21:19:57+00:00,513.0,3730.0,12,22,6,20596.055207,21605.486768,7289.351659,0.3539197960841822,1.0490109174234938,0.3954542269832751,0.8678041993869889,3.0,3,3,2,1,0.13043478260869565,0.2753623188405797,69,0.9,0.3833333333333333,1.0,6,1.5
U0000673,Synthetic_User_00673,2026-01-24 08:42:05+00:00,ANDROID,L2,0,2026-03-17 08:42:05+00:00,2026-03-10 08:42:05+00:00,603.0,4318.0,5,9,3,4369.837252,3598.37918,2747.859355,0.6288241864710983,0.8234583973014288,0.1854499395188987,0.4540779467893475,4.0,2,2,1,3,0.18181818181818182,0.24242424242424243,33,0.7,0.42000000000000004,1.0,3,2.0
U0000674,Synthetic_User_00674,2026-04-23 15:20:12+00:00,ANDROID,L2,0,2026-06-14 15:20:12+00:00,2026-06-07 15:20:12+00:00,500.0,1101.0,8,11,4,2380.26246,2160.668159,1210.535203,0.5085721525852237,0.9077436607557975,0.2647853435263207,0.6101369424081401,8.0,1,1,1,2,0.14893617021276595,0.2127659574468085,47,0.9,0.55,1.0,4,1.0
U0000675,Synthetic_User_00675,2026-02-05 12:27:03+00:00,ANDROID,L2,0,2026-03-29 12:27:03+00:00,2026-03-22 12:27:03+00:00,154.0,2742.0,10,17,3,6190.149979,5129.128453,1911.865639,0.30885610938119085,0.8285951827339401,0.4124457855885273,0.9700486179522005,8.0,1,1,2,1,0.17543859649122806,0.2631578947368421,57,0.6,0.24,1.0,4,0.5
U0000676,Synthetic_User_00676,2026-04-25 21:22:46+00:00,ANDROID,L2,0,2026-06-16 21:22:46+00:00,2026-06-09 21:22:46+00:00,20.0,2531.0,3,11,2,9544.56017,12799.254602,1018.3201779999999,0.10669115809031564,1.3409999386069142,0.637885031759792,1.5128242066763682,0.0,2,1,1,3,0.10526315789473684,0.18421052631578946,38,1.0,0.7666666666666666,1.0,6,1.0
U0000677,Synthetic_User_00677,2026-04-21 11:09:29+00:00,IOS,L2,0,2026-06-12 11:09:29+00:00,2026-06-05 11:09:29+00:00,84.0,2536.0,5,16,2,11550.255232,2768.704209,10869.805328999999,0.941087890325158,0.23970935303051147,0.47508845749227885,1.0458890425772953,0.0,1,1,2,2,0.1590909090909091,0.3181818181818182,44,0.8,0.44000000000000006,0.6,6,0.5
U0000678,Synthetic_User_00678,2026-03-10 11:24:31+00:00,ANDROID,L2,0,2026-05-01 11:24:31+00:00,2026-04-24 11:24:31+00:00,403.0,2194.0,10,15,5,7385.613452,7879.770135,3705.067337,0.5016600667066701,1.0669080078739004,0.29453040091274146,0.6601903372868925,9.0,1,3,1,2,0.1,0.21666666666666667,60,1.0,0.53,0.9,6,3.0
U0000679,Synthetic_User_00679,2026-04-08 08:21:56+00:00,WEB,L2,0,2026-05-30 08:21:56+00:00,2026-05-23 08:21:56+00:00,502.0,346.0,3,11,2,22135.07852,6224.173713,2965.325453,0.13396498459766928,0.2811904962241806,0.8020799831889213,1.8359149092919071,0.0,1,2,1,2,0.15151515151515152,0.21212121212121213,33,0.6,0.43333333333333335,1.0,3,2.0
U0000680,Synthetic_User_00680,2026-01-29 13:20:55+00:00,WEB,L2,0,2026-03-22 13:20:55+00:00,2026-03-15 13:20:55+00:00,633.0,3922.0,3,14,4,278.463464,295.137348,543.218158,1.9507699509189473,1.0598781748976591,0.32521296848641734,0.7111842682973054,3.0,2,2,1,1,0.1346153846153846,0.21153846153846154,52,1.0,0.6,1.0,6,2.0
U0000681,Synthetic_User_00681,2026-03-19 03:58:14+00:00,H5,L2,0,2026-05-10 03:58:14+00:00,2026-05-03 03:58:14+00:00,501.0,733.0,12,29,8,625.292251,691.419655,457.114769,0.731041794087418,1.1057543954754687,0.16681303561729047,0.3962702037954187,12.0,1,1,1,3,0.10869565217391304,0.34782608695652173,92,0.9,0.6166666666666667,0.9166666666666666,6,1.0
U0000682,Synthetic_User_00682,2026-02-07 06:28:45+00:00,IOS,L2,0,2026-03-31 06:28:45+00:00,2026-03-24 06:28:45+00:00,199.0,808.0,8,17,10,3738.3247410000004,2648.122767,2183.854952,0.5841801082844985,0.7083715167804358,0.22806663335947275,0.5441359145450743,8.0,2,3,2,2,0.1282051282051282,0.2692307692307692,78,1.0,0.6375,1.0,4,1.5
U0000683,Synthetic_User_00683,2026-01-02 05:36:36+00:00,WEB,L2,0,2026-02-23 05:36:36+00:00,2026-02-16 05:36:36+00:00,587.0,4328.0,2,12,3,605.033045,390.40877,110.637795,0.18286240051566108,0.6452685076068861,0.5490181710100939,1.3409394193606012,2.0,1,2,1,3,0.24324324324324326,0.32432432432432434,37,1.0,0.75,1.0,5,2.0
U0000684,Synthetic_User_00684,2026-02-23 09:18:32+00:00,IOS,L2,0,2026-04-16 09:18:32+00:00,2026-04-09 09:18:32+00:00,506.0,2686.0,2,14,2,5023.942274,6332.418026,4014.775917,0.7991285922565917,1.2604480068912511,0.1851782147600867,0.45233652404369956,0.0,2,1,1,1,0.17391304347826086,0.13043478260869565,46,0.9,0.65,1.0,5,1.0
U0000685,Synthetic_User_00685,2026-04-08 13:57:20+00:00,H5,L2,1,2026-05-30 13:57:20+00:00,2026-05-23 13:57:20+00:00,171.0,977.0,17,36,16,3620.902918,3231.465286,3586.095029,0.990386958781202,0.8924473699463046,0.050568685904781675,0.11192384069587116,17.0,2,2,2,1,0.10606060606060606,0.1893939393939394,132,1.0,0.45294117647058824,0.8823529411764706,6,1.0
U0000686,Synthetic_User_00686,2026-03-18 18:38:29+00:00,ANDROID,L2,0,2026-05-09 18:38:29+00:00,2026-05-02 18:38:29+00:00,129.0,3900.0,7,14,3,5772.483706999999,2613.264653,2033.072424,0.35220063445732996,0.4527106156802186,0.473139167332556,1.0767277872969696,5.0,2,2,1,1,0.1702127659574468,0.19148936170212766,47,1.0,0.35714285714285715,0.8571428571428571,5,2.0
U0000687,Synthetic_User_00687,2026-04-17 04:51:01+00:00,ANDROID,L2,0,2026-06-08 04:51:01+00:00,2026-06-01 04:51:01+00:00,451.0,2256.0,4,10,2,7837.133167999999,6764.120895,389.427961,0.04969010384946416,0.8630861247348401,0.6578663217388372,1.490466917064133,1.0,1,2,1,1,0.11428571428571428,0.37142857142857144,35,0.9,0.625,1.0,4,2.0
U0000688,Synthetic_User_00688,2026-03-09 06:02:34+00:00,ANDROID,L2,0,2026-04-30 06:02:34+00:00,2026-04-23 06:02:34+00:00,558.0,1212.0,3,13,3,20309.017342,12890.257637,10427.067149999999,0.5134205645901112,0.6347061219127694,0.2888147308292282,0.6795401385781857,0.0,2,2,1,2,0.14634146341463414,0.24390243902439024,41,0.9,0.43333333333333335,1.0,5,2.0
U0000689,Synthetic_User_00689,2026-03-01 17:05:09+00:00,IOS,L2,0,2026-04-22 17:05:09+00:00,2026-04-15 17:05:09+00:00,23.0,1252.0,2,6,3,5872.018337,4966.214389,4473.210543,0.7617841577254597,0.8457423161824161,0.11350147203023041,0.2740710531512208,0.0,2,1,1,2,0.1,0.25,20,0.1,0.05,1.0,2,1.0
U0000690,Synthetic_User_00690,2026-04-07 00:31:21+00:00,ANDROID,L2,0,2026-05-29 00:31:21+00:00,2026-05-22 00:31:21+00:00,430.0,2776.0,4,18,5,1011.720511,1590.142333,771.234328,0.7622997849847881,1.5717209601970796,0.30566167792018484,0.7283288591248447,4.0,2,1,1,1,0.14285714285714285,0.2653061224489796,49,0.7,0.5,1.0,5,1.0
U0000691,Synthetic_User_00691,2026-03-06 02:20:02+00:00,ANDROID,L1,0,2026-04-27 02:20:02+00:00,2026-04-20 02:20:02+00:00,398.0,3881.0,6,15,6,779.105743,683.591874,262.028254,0.33631924338157526,0.8774057695529014,0.39075745364241576,0.8994081280294081,6.0,2,1,2,3,0.18867924528301888,0.37735849056603776,53,1.0,0.6333333333333333,1.0,6,0.5
U0000692,Synthetic_User_00692,2026-03-17 13:47:03+00:00,ANDROID,L2,0,2026-05-08 13:47:03+00:00,2026-05-01 13:47:03+00:00,491.0,1663.0,6,16,2,11161.376674,10283.137834,2643.5535959999997,0.23684834525458287,0.9213144699214548,0.4763990656047757,1.0608351455863188,0.0,1,2,2,2,0.16666666666666666,0.2619047619047619,42,1.0,0.43333333333333335,1.0,6,1.0
U0000693,Synthetic_User_00693,2026-03-11 14:35:03+00:00,ANDROID,L2,0,2026-05-02 14:35:03+00:00,2026-04-25 14:35:03+00:00,513.0,4434.0,9,23,5,4540.210302,7571.835653,3592.923436,0.7913561700913474,1.6677279573733719,0.32417470433410656,0.7600611216625833,9.0,1,1,2,3,0.14492753623188406,0.17391304347826086,69,1.0,0.5777777777777778,0.7777777777777778,6,0.5
U0000694,Synthetic_User_00694,2026-02-22 22:52:04+00:00,WEB,L2,0,2026-04-15 22:52:04+00:00,2026-04-08 22:52:04+00:00,539.0,328.0,4,12,4,6363.349555,5051.286687,3532.443647,0.5551233067534981,0.7938093991757773,0.23216703477497685,0.5681857451133343,0.0,1,2,1,2,0.14634146341463414,0.21951219512195122,41,0.9,0.65,1.0,5,2.0
U0000695,Synthetic_User_00695,2026-02-25 21:40:22+00:00,ANDROID,L2,0,2026-04-18 21:40:22+00:00,2026-04-11 21:40:22+00:00,292.0,643.0,4,9,4,3004.54796,4321.986406,625.0098869999999,0.20802127152598354,1.4384814166853905,0.5772104811486588,1.3948145421960716,3.0,1,2,2,2,0.10714285714285714,0.17857142857142858,28,0.9,0.8,0.75,4,1.0
U0000696,Synthetic_User_00696,2026-02-06 16:24:07+00:00,WEB,L1,0,2026-03-30 16:24:07+00:00,2026-03-23 16:24:07+00:00,44.0,2071.0,6,11,4,2123.541167,1602.142096,2059.612774,0.9698953832431167,0.7544671706380911,0.12040519214346611,0.2703746192063705,6.0,2,2,1,1,0.17777777777777778,0.26666666666666666,45,1.0,0.3666666666666667,1.0,4,2.0
U0000697,Synthetic_User_00697,2026-02-28 09:20:39+00:00,IOS,L2,0,2026-04-21 09:20:39+00:00,2026-04-14 09:20:39+00:00,303.0,772.0,4,27,5,6324.897486,4367.599941,2542.6003650000002,0.4019986680618906,0.6905408270517541,0.35007625718775714,0.8573333980092438,1.0,1,3,2,3,0.15384615384615385,0.24358974358974358,78,0.5,0.275,1.0,6,1.5
U0000698,Synthetic_User_00698,2026-04-03 05:26:36+00:00,IOS,L2,0,2026-05-25 05:26:36+00:00,2026-05-18 05:26:36+00:00,565.0,2915.0,8,14,4,3258.957344,2495.889985,1956.73631,0.6004178954973153,0.7658553707660924,0.20783387763348365,0.506596736141553,8.0,1,2,1,2,0.12962962962962962,0.24074074074074073,54,1.0,0.575,0.875,5,2.0
U0000699,Synthetic_User_00699,2026-03-06 23:26:28+00:00,ANDROID,L2,0,2026-04-27 23:26:28+00:00,2026-04-20 23:26:28+00:00,548.0,3632.0,8,28,7,1466.784183,1653.579704,1069.013868,0.7288146957063281,1.1273503785798595,0.17456564057324775,0.41860572394240925,8.0,2,2,1,2,0.15789473684210525,0.2631578947368421,76,1.0,0.5375,1.0,6,2.0
U0000700,Synthetic_User_00700,2026-03-03 10:31:09+00:00,ANDROID,L2,0,2026-04-24 10:31:09+00:00,2026-04-17 10:31:09+00:00,230.0,417.0,8,17,4,2060.5103090000002,1583.238957,1529.664594,0.7423717257412663,0.7683722571465182,0.13837281768629023,0.3078309967260188,8.0,2,1,1,2,0.14545454545454545,0.2545454545454545,55,0.9,0.5625,1.0,5,1.0
U0000701,Synthetic_User_00701,2026-02-19 15:24:34+00:00,WEB,L2,0,2026-04-12 15:24:34+00:00,2026-04-05 15:24:34+00:00,246.0,3685.0,7,7,4,1591.261816,964.464804,576.446248,0.3622573244728698,0.6061006393180493,0.4004587386021326,0.9719919149749817,7.0,3,2,1,3,0.0975609756097561,0.24390243902439024,41,0.9,0.6142857142857142,0.8571428571428571,3,2.0
U0000702,Synthetic_User_00702,2026-04-25 07:37:44+00:00,ANDROID,L2,0,2026-06-16 07:37:44+00:00,2026-06-09 07:37:44+00:00,571.0,4947.0,6,14,4,4214.623446,2581.1369950000003,1398.167222,0.33174190764941713,0.6124241057524835,0.42276661954317146,1.0311744281260198,5.0,1,2,2,2,0.14285714285714285,0.2857142857142857,49,0.9,0.36666666666666664,0.8333333333333334,5,1.0
U0000703,Synthetic_User_00703,2026-03-29 21:49:23+00:00,ANDROID,L2,0,2026-05-20 21:49:23+00:00,2026-05-13 21:49:23+00:00,599.0,3080.0,4,8,4,7282.195519999999,6251.2492649999995,3968.485291,0.5449572563797354,0.8584291986985815,0.2373371434437609,0.568001965716458,2.0,1,2,1,2,0.15625,0.15625,32,0.2,0.07500000000000001,1.0,5,2.0
U0000704,Synthetic_User_00704,2026-04-16 05:06:03+00:00,IOS,L2,0,2026-06-07 05:06:03+00:00,2026-05-31 05:06:03+00:00,126.0,1445.0,8,12,3,6339.611727,5173.607201,3193.635497,0.5037588474698712,0.8160763503805664,0.26489482446885415,0.6417367315444819,7.0,1,1,2,2,0.1276595744680851,0.2765957446808511,47,1.0,0.5,0.875,5,0.5
U0000705,Synthetic_User_00705,2026-04-21 15:31:10+00:00,ANDROID,L2,0,2026-06-12 15:31:10+00:00,2026-06-05 15:31:10+00:00,57.0,2398.0,4,14,7,4701.08985,2285.387248,1440.098366,0.30633287428020545,0.48613987839436845,0.4919415636772562,1.1609668119385872,0.0,1,3,2,3,0.1875,0.3541666666666667,48,0.5,0.425,1.0,6,1.5
U0000706,Synthetic_User_00706,2026-04-05 10:47:29+00:00,ANDROID,L2,0,2026-05-27 10:47:29+00:00,2026-05-20 10:47:29+00:00,532.0,1867.0,14,10,5,9209.923591,2606.278137,727.060347,0.07894314646763066,0.28298585881286487,0.8700470960359736,2.028865344583817,13.0,2,3,1,3,0.09259259259259259,0.24074074074074073,54,1.0,0.5785714285714285,1.0,4,3.0
U0000707,Synthetic_User_00707,2026-03-21 22:30:43+00:00,IOS,L2,0,2026-05-12 22:30:43+00:00,2026-05-05 22:30:43+00:00,548.0,1853.0,5,6,4,7367.697809,4084.453582,3353.658399,0.45518403250786743,0.5543731146262055,0.3537131299317176,0.8133373588341906,2.0,1,2,1,1,0.125,0.375,32,1.0,0.48,0.8,3,2.0
U0000708,Synthetic_User_00708,2026-01-28 19:21:01+00:00,WEB,L1,0,2026-03-21 19:21:01+00:00,2026-03-14 19:21:01+00:00,266.0,4316.0,4,12,4,8137.070675999999,6906.12161,3895.57196,0.4787437783341186,0.8487233164103343,0.28222504333092935,0.6718757350119874,1.0,1,3,2,1,0.18421052631578946,0.2894736842105263,38,1.0,0.475,1.0,4,1.5
U0000709,Synthetic_User_00709,2026-02-11 15:02:07+00:00,ANDROID,L2,0,2026-04-04 15:02:07+00:00,2026-03-28 15:02:07+00:00,625.0,475.0,10,16,4,2135.181474,608.129601,262.830044,0.12309494401317571,0.2848140115513198,0.8118912129098742,1.8685264821727752,10.0,2,3,1,1,0.12903225806451613,0.27419354838709675,62,1.0,0.45999999999999996,0.8,5,3.0
U0000710,Synthetic_User_00710,2026-01-07 00:47:44+00:00,ANDROID,L2,0,2026-02-28 00:47:44+00:00,2026-02-21 00:47:44+00:00,392.0,3645.0,2,9,1,4767.927175999999,2746.853673,688.299317,0.14436028311519666,0.576110660168355,0.6091094425220236,1.4919863428529607,0.0,1,1,1,3,0.20588235294117646,0.2647058823529412,34,0.2,0.15000000000000002,1.0,5,1.0
U0000711,Synthetic_User_00711,2026-03-05 23:24:33+00:00,IOS,L2,0,2026-04-26 23:24:33+00:00,2026-04-19 23:24:33+00:00,102.0,4441.0,9,24,8,1808.327214,1787.446712,129.963823,0.07186963841158009,0.9884531395433614,0.6331465896946672,1.3514344036564125,9.0,2,2,1,1,0.13253012048192772,0.25301204819277107,83,1.0,0.5777777777777778,1.0,6,2.0
U0000712,Synthetic_User_00712,2026-01-14 00:47:20+00:00,IOS,L1,0,2026-03-07 00:47:20+00:00,2026-02-28 00:47:20+00:00,624.0,1290.0,7,6,1,4824.04406,4571.723373,3532.206429,0.7322085754332849,0.9476951943511063,0.12973661359912567,0.29977728407941306,6.0,1,1,2,2,0.125,0.3333333333333333,24,0.6,0.2857142857142857,1.0,3,0.5
U0000713,Synthetic_User_00713,2026-01-14 20:28:44+00:00,H5,L2,0,2026-03-07 20:28:44+00:00,2026-02-28 20:28:44+00:00,61.0,1508.0,9,12,4,2763.340568,2106.198335,952.9453920000001,0.344852676877865,0.7621928181383685,0.38554876963754403,0.932795221562723,9.0,1,1,2,3,0.16363636363636364,0.2,55,1.0,0.5222222222222223,1.0,5,0.5
U0000714,Synthetic_User_00714,2026-03-07 06:50:31+00:00,WEB,L2,0,2026-04-28 06:50:31+00:00,2026-04-21 06:50:31+00:00,425.0,1590.0,4,5,3,5385.71744,3141.211152,1553.787631,0.2885015131800156,0.5832484134184358,0.46783181082776243,1.1403742722934105,3.0,2,2,1,2,0.09090909090909091,0.18181818181818182,33,0.8,0.475,1.0,3,2.0
U0000715,Synthetic_User_00715,2026-03-02 02:07:51+00:00,IOS,L2,0,2026-04-23 02:07:51+00:00,2026-04-16 02:07:51+00:00,436.0,1107.0,5,23,6,3212.284104,2899.771566,2278.460124,0.7092959558473724,0.9027132943780243,0.13877020098929435,0.3338855451536498,4.0,2,1,1,3,0.19642857142857142,0.2857142857142857,56,0.9,0.48,1.0,6,1.0
U0000716,Synthetic_User_00716,2026-03-26 21:01:48+00:00,IOS,L2,0,2026-05-17 21:01:48+00:00,2026-05-10 21:01:48+00:00,69.0,55.0,3,7,1,4193.177274,2450.402737,259.093652,0.061789338983238996,0.584378521793925,0.6995370635254895,1.7098086107218016,1.0,1,1,1,1,0.13333333333333333,0.16666666666666666,30,0.8,0.5666666666666668,1.0,4,1.0
U0000717,Synthetic_User_00717,2026-01-08 03:38:55+00:00,IOS,L2,0,2026-03-01 03:38:55+00:00,2026-02-22 03:38:55+00:00,301.0,2695.0,10,14,5,2899.843944,2786.188609,2856.057381,0.9849003726250173,0.960806396069981,0.016438044453966846,0.03991599334992452,10.0,2,3,2,2,0.11538461538461539,0.28846153846153844,52,1.0,0.51,0.9,6,1.5
U0000718,Synthetic_User_00718,2026-02-03 07:28:58+00:00,IOS,L2,0,2026-03-27 07:28:58+00:00,2026-03-20 07:28:58+00:00,418.0,4116.0,5,21,2,753.8390059999999,863.30434,871.125498,1.155585597278048,1.145210493392803,0.06455236221922059,0.14140733902144226,5.0,1,2,2,2,0.1276595744680851,0.19148936170212766,47,0.7,0.27999999999999997,1.0,5,1.0
U0000719,Synthetic_User_00719,2026-04-05 22:32:06+00:00,IOS,L2,0,2026-05-27 22:32:06+00:00,2026-05-20 22:32:06+00:00,66.0,1035.0,5,11,1,4248.982515,3585.256811,359.963626,0.0847176058572225,0.8437918485997818,0.621882715833908,1.4238183671240854,3.0,1,1,1,2,0.20512820512820512,0.15384615384615385,39,0.7,0.48,0.6,4,1.0
U0000720,Synthetic_User_00720,2026-04-29 00:50:38+00:00,ANDROID,L1,0,2026-06-20 00:50:38+00:00,2026-06-13 00:50:38+00:00,491.0,1223.0,11,26,5,1968.8817490000001,1325.440693,130.776233,0.06642157817066544,0.6731946668067773,0.667047585052758,1.609973046396977,11.0,3,1,2,3,0.16455696202531644,0.34177215189873417,79,0.9,0.4818181818181818,1.0,5,0.5
U0000721,Synthetic_User_00721,2026-02-19 16:35:25+00:00,IOS,L2,0,2026-04-12 16:35:25+00:00,2026-04-05 16:35:25+00:00,335.0,1066.0,2,12,4,1442.605751,5232.189625,1223.072097,0.8478214482038343,3.6269019594390897,0.6990577550750493,1.5228607754076957,2.0,2,1,2,1,0.11428571428571428,0.11428571428571428,35,0.8,0.8,1.0,5,0.5
U0000722,Synthetic_User_00722,2026-02-26 16:46:54+00:00,WEB,L1,0,2026-04-19 16:46:54+00:00,2026-04-12 16:46:54+00:00,660.0,1002.0,9,33,7,6096.953012999999,7161.558443,4129.629034,0.6773266950220468,1.1746127004308604,0.21668812984036262,0.5231029869025404,7.0,2,3,1,2,0.16363636363636364,0.2636363636363636,110,0.9,0.5444444444444445,1.0,6,3.0
U0000723,Synthetic_User_00723,2026-04-13 17:34:05+00:00,IOS,L2,0,2026-06-04 17:34:05+00:00,2026-05-28 17:34:05+00:00,193.0,561.0,12,17,3,3603.579209,720.594823,1527.7158220000001,0.42394401049503894,0.19996641705566018,0.6225527669444512,1.4779760682077938,12.0,1,1,2,2,0.13114754098360656,0.22950819672131148,61,1.0,0.4083333333333334,1.0,4,0.5
U0000724,Synthetic_User_00724,2026-01-03 05:53:58+00:00,WEB,L2,0,2026-02-24 05:53:58+00:00,2026-02-17 05:53:58+00:00,589.0,4526.0,4,13,3,4081.713785,2641.078859,3140.7091609999998,0.7694584496693219,0.6470514588028617,0.1816596745381824,0.43817143885036264,2.0,1,2,1,1,0.1590909090909091,0.29545454545454547,44,0.3,0.2,1.0,4,2.0
U0000725,Synthetic_User_00725,2026-02-16 21:10:23+00:00,WEB,L2,0,2026-04-09 21:10:23+00:00,2026-04-02 21:10:23+00:00,552.0,1827.0,3,9,1,5481.342952,9629.676896,336.706637,0.06142776322308833,1.7568097782472052,0.7381863038622464,1.8047258154182686,0.0,1,1,2,1,0.13793103448275862,0.13793103448275862,29,1.0,0.7666666666666666,1.0,5,0.5
U0000726,Synthetic_User_00726,2026-04-14 00:23:27+00:00,WEB,L1,0,2026-06-05 00:23:27+00:00,2026-05-29 00:23:27+00:00,630.0,4201.0,2,6,3,4888.972313,1401.733961,1076.61775,0.22021350931712666,0.2867134177202692,0.7026876468369792,1.5524040549516085,0.0,1,1,1,3,0.045454545454545456,0.4090909090909091,22,0.7,0.39999999999999997,1.0,4,1.0
U0000727,Synthetic_User_00727,2026-01-17 20:55:39+00:00,ANDROID,L2,0,2026-03-10 20:55:39+00:00,2026-03-03 20:55:39+00:00,152.0,4983.0,4,5,2,907.566939,1159.761417,687.302664,0.7573024473074157,1.2778797542778273,0.21022116962248527,0.5145430544813946,4.0,1,2,1,2,0.12,0.2,25,1.0,0.4,1.0,1,2.0
U0000728,Synthetic_User_00728,2026-03-29 18:28:02+00:00,ANDROID,L2,0,2026-05-20 18:28:02+00:00,2026-05-13 18:28:02+00:00,275.0,1984.0,2,11,1,17616.921003,25878.600254,3206.655072,0.1820213118656737,1.468962723372212,0.6018062471124563,1.4563740042188387,0.0,1,1,1,1,0.13333333333333333,0.23333333333333334,30,0.9,0.75,1.0,3,1.0
U0000729,Synthetic_User_00729,2026-01-29 16:39:29+00:00,WEB,L1,0,2026-03-22 16:39:29+00:00,2026-03-15 16:39:29+00:00,415.0,585.0,3,7,5,3267.1134389999997,1452.782737,731.369988,0.22385815541925544,0.44466859327806774,0.5870834167995973,1.3954978759316363,2.0,2,1,1,3,0.125,0.28125,32,0.7,0.4333333333333333,1.0,5,1.0
U0000730,Synthetic_User_00730,2026-04-15 12:04:12+00:00,WEB,L2,0,2026-06-06 12:04:12+00:00,2026-05-30 12:04:12+00:00,550.0,3907.0,7,20,3,6789.2026,12573.779353,2992.1788699999997,0.4407261126660147,1.8520259438126063,0.5286866063636474,1.2858239614821314,4.0,2,1,1,2,0.16666666666666666,0.24242424242424243,66,1.0,0.4857142857142857,1.0,6,1.0
U0000731,Synthetic_User_00731,2026-02-08 12:39:47+00:00,ANDROID,L1,0,2026-04-01 12:39:47+00:00,2026-03-25 12:39:47+00:00,23.0,234.0,10,8,9,19054.699342,11543.746804999999,1248.544622,0.06552423628369627,0.6058215140427587,0.6875589443610263,1.6773473056675032,1.0,1,2,1,2,0.05357142857142857,0.23214285714285715,56,0.8,0.42000000000000004,0.9,4,2.0
U0000732,Synthetic_User_00732,2026-04-03 23:22:04+00:00,ANDROID,L2,0,2026-05-25 23:22:04+00:00,2026-05-18 23:22:04+00:00,70.0,931.0,2,5,3,4846.589385,3870.7737079999997,3739.1797380000003,0.771507433572279,0.7986593046194277,0.11896184716997915,0.26670553668648156,1.0,1,2,1,3,0.2,0.25,20,0.6,0.5,1.0,3,2.0
U0000733,Synthetic_User_00733,2026-04-19 18:55:50+00:00,ANDROID,L1,0,2026-06-10 18:55:50+00:00,2026-06-03 18:55:50+00:00,614.0,796.0,7,16,6,3736.2171209999997,1823.235554,914.5959270000001,0.24479196400534886,0.4879897219442136,0.544942453605191,1.3075069562166997,6.0,1,1,2,2,0.10344827586206896,0.3103448275862069,58,1.0,0.6,1.0,5,0.5
U0000734,Synthetic_User_00734,2026-01-30 02:41:46+00:00,ANDROID,L1,0,2026-03-23 02:41:46+00:00,2026-03-16 02:41:46+00:00,414.0,2537.0,6,16,6,3029.953581,2172.5742920000002,1396.369531,0.4608550902417273,0.7170322032732158,0.3033153510963714,0.7426622737048997,5.0,3,3,1,1,0.1875,0.2916666666666667,48,0.8,0.4166666666666667,1.0,5,3.0
U0000735,Synthetic_User_00735,2026-02-24 02:26:38+00:00,ANDROID,L2,0,2026-04-17 02:26:38+00:00,2026-04-10 02:26:38+00:00,189.0,2133.0,15,31,11,6271.183674,5088.319854,1285.552187,0.20499354728355865,0.8113810914350841,0.5046214407494652,1.1828255088870518,15.0,2,3,2,2,0.11206896551724138,0.25,116,1.0,0.6,1.0,6,1.5
U0000736,Synthetic_User_00736,2026-01-17 09:36:16+00:00,H5,L2,0,2026-03-10 09:36:16+00:00,2026-03-03 09:36:16+00:00,47.0,2949.0,5,14,3,2446.587325,691.329262,1682.4369980000001,0.6876668495779116,0.2825688071444578,0.44721308533858284,1.0924041351211375,4.0,1,3,2,1,0.22,0.3,50,0.9,0.48,1.0,5,1.5
U0000737,Synthetic_User_00737,2026-03-30 11:46:14+00:00,ANDROID,L2,0,2026-05-21 11:46:14+00:00,2026-05-14 11:46:14+00:00,505.0,4717.0,6,16,7,5046.364545,691.062695,1723.8093450000001,0.341594296176635,0.136942681971859,0.7471226672888739,1.7511715921550557,5.0,2,3,1,3,0.11764705882352941,0.2549019607843137,51,0.9,0.6333333333333333,1.0,4,3.0
U0000738,Synthetic_User_00738,2026-02-09 12:48:57+00:00,WEB,L2,0,2026-04-02 12:48:57+00:00,2026-03-26 12:48:57+00:00,44.0,3140.0,6,18,3,1556.65655,1372.41955,889.593664,0.5714771598140901,0.8816456976331742,0.2209729833118662,0.5240538673613359,6.0,1,1,2,3,0.10638297872340426,0.2127659574468085,47,1.0,0.6166666666666667,1.0,6,0.5
U0000739,Synthetic_User_00739,2026-03-03 09:39:33+00:00,ANDROID,L2,0,2026-04-24 09:39:33+00:00,2026-04-17 09:39:33+00:00,132.0,132.0,14,33,10,9665.449039,8689.443438,3647.802667,0.37740643526039497,0.899021183903425,0.3595436319580299,0.8204876265316489,13.0,3,2,1,2,0.15447154471544716,0.3170731707317073,123,1.0,0.5142857142857143,1.0,6,2.0
U0000740,Synthetic_User_00740,2026-01-26 02:53:04+00:00,ANDROID,L2,0,2026-03-19 02:53:04+00:00,2026-03-12 02:53:04+00:00,258.0,186.0,5,13,2,5985.519036000001,4919.046517,2887.24359,0.4823714656380887,0.821824554798726,0.2795501444390519,0.6739381499284718,3.0,1,2,1,3,0.15789473684210525,0.2631578947368421,38,0.7,0.48,1.0,4,2.0
U0000741,Synthetic_User_00741,2026-01-16 16:41:45+00:00,IOS,L1,0,2026-03-09 16:41:45+00:00,2026-03-02 16:41:45+00:00,483.0,3613.0,12,25,9,5898.842259,2134.526399,2166.092965,0.36720645677465635,0.36185514127679946,0.5197692562288643,1.1072101643614374,11.0,1,3,1,2,0.1,0.3,90,0.9,0.4583333333333333,1.0,6,3.0
U0000742,Synthetic_User_00742,2026-01-22 19:33:33+00:00,WEB,L2,0,2026-03-15 19:33:33+00:00,2026-03-08 19:33:33+00:00,103.0,3523.0,7,7,2,9568.993731,5074.538207,6247.071313,0.6528451672783314,0.5303105373097249,0.2733539180896012,0.6454273440550156,2.0,1,1,2,2,0.029411764705882353,0.29411764705882354,34,1.0,0.39999999999999997,1.0,4,0.5
U0000743,Synthetic_User_00743,2026-01-18 09:24:03+00:00,WEB,L2,0,2026-03-11 09:24:03+00:00,2026-03-04 09:24:03+00:00,21.0,4068.0,4,18,2,4331.95218,2154.464523,267.581193,0.06176919362946429,0.49734263756346453,0.7376456364963139,1.8053178500723654,2.0,1,2,1,2,0.2857142857142857,0.21428571428571427,42,0.5,0.35,1.0,4,2.0
U0000744,Synthetic_User_00744,2026-01-14 00:33:01+00:00,ANDROID,L2,0,2026-03-07 00:33:01+00:00,2026-02-28 00:33:01+00:00,393.0,2510.0,11,26,6,2506.368406,2943.647407,2037.7949239999998,0.813046844638529,1.1744671692929087,0.14819536505596623,0.362930841129779,11.0,2,2,1,3,0.15,0.225,80,0.7,0.32727272727272727,1.0,6,2.0
U0000745,Synthetic_User_00745,2026-01-23 09:16:40+00:00,IOS,L2,0,2026-03-16 09:16:40+00:00,2026-03-09 09:16:40+00:00,190.0,112.0,6,10,2,3142.661891,4523.855084,1724.470616,0.54872928613115,1.4394978654736865,0.3650980846563515,0.8942779790326312,6.0,1,1,1,2,0.13333333333333333,0.3111111111111111,45,0.8,0.39999999999999997,1.0,5,1.0
U0000746,Synthetic_User_00746,2026-02-12 22:38:48+00:00,ANDROID,L2,0,2026-04-05 22:38:48+00:00,2026-03-29 22:38:48+00:00,93.0,4264.0,4,16,6,1428.759489,661.009416,445.898245,0.312087687559008,0.46264568745761797,0.4991169333491036,1.1628433692489963,4.0,2,2,1,3,0.06666666666666667,0.3333333333333333,45,0.9,0.5,1.0,5,2.0
U0000747,Synthetic_User_00747,2026-01-01 12:40:43+00:00,WEB,L2,0,2026-02-22 12:40:43+00:00,2026-02-15 12:40:43+00:00,540.0,3960.0,9,9,4,4319.754496,2497.105138,1052.8590060000001,0.24373121365460124,0.578066448061404,0.5095544734954452,1.2453668191115914,9.0,2,2,2,1,0.08333333333333333,0.20833333333333334,48,0.8,0.5333333333333334,1.0,5,1.0
U0000748,Synthetic_User_00748,2026-02-23 11:07:34+00:00,IOS,L2,0,2026-04-16 11:07:34+00:00,2026-04-09 11:07:34+00:00,372.0,4315.0,6,10,5,5011.428066,2857.731361,1566.933303,0.3126720133190873,0.5702429174606454,0.45172556150277426,1.0951020284218849,4.0,2,1,1,3,0.08888888888888889,0.2222222222222222,45,1.0,0.6666666666666666,0.8333333333333334,5,1.0
U0000749,Synthetic_User_00749,2026-01-02 01:17:28+00:00,ANDROID,L2,0,2026-02-23 01:17:28+00:00,2026-02-16 01:17:28+00:00,402.0,1878.0,14,19,7,6096.684274,3261.661414,3159.0908210000002,0.5181653959796312,0.5349893921700561,0.3262480107103459,0.7040403482505093,14.0,1,2,2,2,0.13414634146341464,0.2073170731707317,82,0.9,0.43571428571428567,0.8571428571428571,6,1.0
U0000750,Synthetic_User_00750,2026-01-24 03:44:30+00:00,ANDROID,L2,0,2026-03-17 03:44:30+00:00,2026-03-10 03:44:30+00:00,188.0,3706.0,9,12,4,17486.079863,8068.499841,8549.783965,0.4889480107597517,0.46142416734997843,0.3809345154819005,0.8284200913468741,1.0,3,1,1,2,0.1568627450980392,0.35294117647058826,51,1.0,0.48888888888888893,0.8888888888888888,5,1.0
U0000751,Synthetic_User_00751,2026-02-01 21:40:44+00:00,WEB,L1,0,2026-03-25 21:40:44+00:00,2026-03-18 21:40:44+00:00,490.0,4933.0,3,14,4,8370.708227,12736.333402999999,7819.1878400000005,0.9341130556646269,1.521535939087989,0.22811732079267552,0.5099674917637994,0.0,2,3,1,3,0.15,0.325,40,0.7,0.3,1.0,5,3.0
U0000752,Synthetic_User_00752,2026-01-29 10:17:47+00:00,ANDROID,L2,0,2026-03-22 10:17:47+00:00,2026-03-15 10:17:47+00:00,159.0,4777.0,5,13,3,4845.754695,1118.943833,446.305072,0.09210228335753591,0.23091219086153103,0.9054569112023119,2.0587024579115814,3.0,3,2,2,3,0.1276595744680851,0.2553191489361702,47,1.0,0.6,1.0,3,1.0
U0000753,Synthetic_User_00753,2026-04-23 06:09:49+00:00,IOS,L2,0,2026-06-14 06:09:49+00:00,2026-06-07 06:09:49+00:00,275.0,4785.0,5,10,7,4399.757067,1026.491141,1855.498665,0.4217275264848163,0.2333063224556439,0.5913063993524025,1.3897486351143589,2.0,1,3,1,1,0.10256410256410256,0.10256410256410256,39,1.0,0.5,1.0,5,3.0
U0000754,Synthetic_User_00754,2026-01-15 04:42:01+00:00,IOS,L2,0,2026-03-08 04:42:01+00:00,2026-03-01 04:42:01+00:00,626.0,256.0,3,7,4,5795.6356510000005,7778.4295870000005,2702.196849,0.4662468470621946,1.3421184586815567,0.38500831054423834,0.935638547265917,1.0,2,2,2,3,0.11904761904761904,0.3333333333333333,42,0.6,0.26666666666666666,1.0,5,1.0
U0000755,Synthetic_User_00755,2026-03-02 10:17:44+00:00,IOS,L2,0,2026-04-23 10:17:44+00:00,2026-04-16 10:17:44+00:00,26.0,3140.0,6,17,3,1501.738924,1024.721687,774.564507,0.5157784050352018,0.6823567469840717,0.27413745780987187,0.660862360333,6.0,1,1,1,3,0.10344827586206896,0.25862068965517243,58,1.0,0.5666666666666667,1.0,5,1.0
U0000756,Synthetic_User_00756,2026-03-13 19:24:29+00:00,ANDROID,L2,0,2026-05-04 19:24:29+00:00,2026-04-27 19:24:29+00:00,288.0,349.0,5,10,1,7825.819189,9045.578415,2472.365518,0.31592418100780634,1.1558634561496768,0.4427638332364047,1.0194313571061318,0.0,1,1,1,1,0.13513513513513514,0.2972972972972973,37,0.7,0.4,1.0,4,1.0
U0000757,Synthetic_User_00757,2026-03-04 05:26:57+00:00,IOS,L2,0,2026-04-25 05:26:57+00:00,2026-04-18 05:26:57+00:00,206.0,3921.0,2,5,2,9589.879921,8391.598581,9398.809081,0.9800757838915592,0.8750473050891917,0.05759537305798705,0.13129314325507604,0.0,1,1,1,2,0.08333333333333333,0.3333333333333333,36,0.5,0.3,1.0,2,1.0
U0000758,Synthetic_User_00758,2026-04-29 00:52:11+00:00,ANDROID,L2,0,2026-06-20 00:52:11+00:00,2026-06-13 00:52:11+00:00,559.0,3770.0,10,19,6,4783.941215,3975.1726790000002,5628.95279,1.1766350247679622,0.8309409544030111,0.14078478215793472,0.34482327903839727,9.0,2,2,1,2,0.19642857142857142,0.23214285714285715,56,1.0,0.55,1.0,6,2.0
U0000759,Synthetic_User_00759,2026-04-11 03:25:57+00:00,IOS,L1,0,2026-06-02 03:25:57+00:00,2026-05-26 03:25:57+00:00,189.0,1371.0,8,14,6,2571.808681,855.3210770000001,1370.727177,0.5329817832588614,0.3325757018082015,0.4496685206653394,1.0732839435947041,8.0,2,2,1,2,0.12307692307692308,0.3230769230769231,65,0.7,0.4125,1.0,4,2.0
U0000760,Synthetic_User_00760,2026-01-24 00:31:25+00:00,WEB,L2,0,2026-03-17 00:31:25+00:00,2026-03-10 00:31:25+00:00,597.0,427.0,2,3,3,2729.491555,4074.708348,2296.320081,0.8412995734657988,1.4928451932872897,0.2496059190557264,0.5862483473889376,0.0,2,1,1,3,0.05263157894736842,0.2631578947368421,19,1.0,0.85,1.0,3,1.0
U0000761,Synthetic_User_00761,2026-02-28 08:03:18+00:00,ANDROID,L2,0,2026-04-21 08:03:18+00:00,2026-04-14 08:03:18+00:00,417.0,3619.0,2,6,3,7653.417635,6375.508055,2418.175346,0.31596019730341035,0.8330275909476095,0.40650950176981065,0.9549237177191742,0.0,2,3,1,2,0.09090909090909091,0.2727272727272727,22,0.0,0.0,1.0,5,3.0
U0000762,Synthetic_User_00762,2026-01-31 01:36:37+00:00,ANDROID,L2,0,2026-03-24 01:36:37+00:00,2026-03-17 01:36:37+00:00,68.0,2744.0,4,13,3,3123.814731,3387.325225,1964.179429,0.6287759032275336,1.0843553528911252,0.2188234404882196,0.5037494392903047,3.0,1,3,1,3,0.11627906976744186,0.27906976744186046,43,1.0,0.6749999999999999,1.0,6,3.0
U0000763,Synthetic_User_00763,2026-04-05 13:16:31+00:00,IOS,L2,0,2026-05-27 13:16:31+00:00,2026-05-20 13:16:31+00:00,335.0,1778.0,9,30,5,1809.018477,2457.504689,271.37349700000004,0.1500114567375975,1.3584740677029579,0.6060699716440888,1.445249652658298,9.0,3,1,1,1,0.1188118811881188,0.297029702970297,101,1.0,0.5,1.0,6,1.0
U0000764,Synthetic_User_00764,2026-04-05 21:03:00+00:00,WEB,L2,0,2026-05-27 21:03:00+00:00,2026-05-20 21:03:00+00:00,644.0,1799.0,6,17,5,2988.767593,3902.296179,4398.787496,1.4717730165110232,1.3056539384793844,0.15517579037279478,0.37467807224260774,5.0,2,3,2,3,0.18518518518518517,0.18518518518518517,54,0.7,0.5,1.0,5,1.5
U0000765,Synthetic_User_00765,2026-04-20 19:34:40+00:00,WEB,L2,0,2026-06-11 19:34:40+00:00,2026-06-04 19:34:40+00:00,148.0,4667.0,10,4,2,1446.8215329999998,314.905644,413.53465300000005,0.28582284930645974,0.21765341254428236,0.7060241720032666,1.5610753704072486,10.0,2,1,2,3,0.09090909090909091,0.24242424242424243,33,1.0,0.41,1.0,4,0.5
U0000766,Synthetic_User_00766,2026-04-30 23:39:03+00:00,ANDROID,L2,0,2026-06-21 23:39:03+00:00,2026-06-14 23:39:03+00:00,451.0,3439.0,5,9,2,3615.758017,1278.161939,1282.662104,0.3547422415906656,0.3534976436449951,0.5347103861751006,1.1353833181324238,4.0,2,1,1,1,0.1724137931034483,0.13793103448275862,29,1.0,0.62,1.0,4,1.0
U0000767,Synthetic_User_00767,2026-02-15 07:33:41+00:00,ANDROID,L2,0,2026-04-08 07:33:41+00:00,2026-04-01 07:33:41+00:00,250.0,4267.0,6,9,4,5772.185332,6835.171434,4564.331703,0.7907458684141918,1.1841566132859573,0.16207405289992832,0.396729722024635,4.0,1,2,1,2,0.12,0.16,50,0.6,0.35000000000000003,0.8333333333333334,4,2.0
U0000768,Synthetic_User_00768,2026-03-30 11:23:35+00:00,ANDROID,L2,0,2026-05-21 11:23:35+00:00,2026-05-14 11:23:35+00:00,19.0,3513.0,6,8,1,5414.346681,3336.924885,867.254969,0.16017721437073232,0.6163116404625365,0.5797072809283446,1.4182291940831042,3.0,1,1,2,1,0.2,0.2,30,0.8,0.4666666666666666,1.0,4,0.5
U0000769,Synthetic_User_00769,2026-03-31 06:26:18+00:00,ANDROID,L2,0,2026-05-22 06:26:18+00:00,2026-05-15 06:26:18+00:00,340.0,1859.0,5,10,4,4635.537414,1693.1061770000001,3369.6348590000002,0.7269135286931804,0.3652448520610732,0.3727884123331588,0.910191819765703,3.0,1,1,2,2,0.1282051282051282,0.15384615384615385,39,0.8,0.4,0.8,2,0.5
U0000770,Synthetic_User_00770,2026-04-19 23:00:04+00:00,WEB,L2,0,2026-06-10 23:00:04+00:00,2026-06-03 23:00:04+00:00,593.0,2798.0,6,10,2,3379.254313,2236.417846,109.549369,0.03241820793971122,0.6618080910325378,0.7099386351020928,1.7133162068973482,6.0,1,1,1,2,0.1282051282051282,0.1282051282051282,39,0.7,0.3833333333333333,0.8333333333333334,5,1.0
U0000771,Synthetic_User_00771,2026-02-05 13:39:34+00:00,ANDROID,L2,0,2026-03-29 13:39:34+00:00,2026-03-22 13:39:34+00:00,325.0,2618.0,4,15,5,3084.142935,3143.385308,3966.2283660000003,1.2860066636308478,1.0192086988990348,0.11847918065556103,0.2595957893151617,4.0,2,2,2,3,0.17777777777777778,0.2222222222222222,45,0.5,0.175,1.0,4,1.0
U0000772,Synthetic_User_00772,2026-03-20 02:23:19+00:00,IOS,L2,0,2026-05-11 02:23:19+00:00,2026-05-04 02:23:19+00:00,381.0,2451.0,9,13,4,6579.414983,7455.564593,4079.355403,0.6200179519820995,1.133165275676304,0.23691022298220984,0.5591498435764906,7.0,1,2,2,1,0.1509433962264151,0.3018867924528302,53,1.0,0.4666666666666667,1.0,4,1.0
U0000773,Synthetic_User_00773,2026-01-09 18:58:19+00:00,ANDROID,L2,0,2026-03-02 18:58:19+00:00,2026-02-23 18:58:19+00:00,346.0,2773.0,4,21,10,1997.94038,2646.320481,2321.929533,1.1621615721085732,1.324524248816674,0.11399347553300365,0.27922583119108474,3.0,3,3,1,1,0.13432835820895522,0.22388059701492538,67,0.6,0.425,1.0,6,3.0
U0000774,Synthetic_User_00774,2026-01-08 04:51:07+00:00,WEB,L2,0,2026-03-01 04:51:07+00:00,2026-02-22 04:51:07+00:00,617.0,4522.0,2,13,2,3054.281175,1138.961754,733.459463,0.24014143458812368,0.3729066476664513,0.6162937923078783,1.4132100098649514,1.0,2,2,2,2,0.18181818181818182,0.30303030303030304,33,1.0,0.5,1.0,4,1.0
U0000775,Synthetic_User_00775,2026-01-10 02:57:29+00:00,IOS,L2,0,2026-03-03 02:57:29+00:00,2026-02-24 02:57:29+00:00,165.0,2606.0,6,20,4,2258.757288,1970.3102470000001,1798.622652,0.7962885882230301,0.87229834629315,0.09449111619243776,0.22901042773849506,6.0,3,1,2,1,0.15873015873015872,0.31746031746031744,63,0.6,0.45,1.0,6,0.5
U0000776,Synthetic_User_00776,2026-01-07 08:39:00+00:00,ANDROID,L2,0,2026-02-28 08:39:00+00:00,2026-02-21 08:39:00+00:00,72.0,1288.0,3,11,3,1162.722172,1575.0925320000001,1089.859575,0.9373344735701832,1.3546594104167475,0.1674500018134147,0.38030897220970156,3.0,2,1,2,2,0.10526315789473684,0.23684210526315788,38,0.8,0.7333333333333334,0.6666666666666666,5,0.5
U0000777,Synthetic_User_00777,2026-01-23 19:10:30+00:00,WEB,L2,0,2026-03-16 19:10:30+00:00,2026-03-09 19:10:30+00:00,240.0,230.0,6,10,2,11896.650362,18645.514035,3974.7137979999998,0.3341036070704353,1.5672910834260592,0.5211109651742298,1.2750979524381059,0.0,1,1,1,3,0.0975609756097561,0.24390243902439024,41,0.9,0.5,1.0,3,1.0
U0000778,Synthetic_User_00778,2026-03-12 23:51:32+00:00,ANDROID,L2,0,2026-05-03 23:51:32+00:00,2026-04-26 23:51:32+00:00,245.0,1591.0,6,11,6,4817.620704,2320.8243820000002,2124.682793,0.44102326097110695,0.4817366340345253,0.39700958359222943,0.8721474904081912,4.0,2,2,2,3,0.13953488372093023,0.13953488372093023,43,0.9,0.5,1.0,6,1.0
U0000779,Synthetic_User_00779,2026-03-04 14:43:48+00:00,ANDROID,L1,0,2026-04-25 14:43:48+00:00,2026-04-18 14:43:48+00:00,516.0,4167.0,9,8,7,19523.527556,15548.246475,6231.14323,0.31916072605870016,0.7963851015346706,0.40462598672761896,0.9654803007257245,1.0,1,2,2,2,0.07142857142857142,0.26785714285714285,56,0.9,0.43333333333333335,1.0,4,1.0
U0000780,Synthetic_User_00780,2026-02-19 16:04:29+00:00,IOS,L1,0,2026-04-12 16:04:29+00:00,2026-04-05 16:04:29+00:00,578.0,2539.0,10,19,5,1041.16435,786.066277,106.942865,0.10271468188475719,0.7549876991082147,0.6115355681542278,1.449024333438647,10.0,3,2,2,3,0.1518987341772152,0.2911392405063291,79,1.0,0.6599999999999999,0.9,6,1.0
U0000781,Synthetic_User_00781,2026-02-23 18:21:42+00:00,IOS,L2,0,2026-04-16 18:21:42+00:00,2026-04-09 18:21:42+00:00,168.0,3053.0,10,25,5,1398.300602,1347.182038,458.041002,0.3275697667188732,0.9634423643050107,0.40427226266082233,0.8805237966775087,10.0,2,1,1,3,0.10588235294117647,0.23529411764705882,85,1.0,0.43,1.0,6,1.0
U0000782,Synthetic_User_00782,2026-04-04 11:46:01+00:00,WEB,L2,0,2026-05-26 11:46:01+00:00,2026-05-19 11:46:01+00:00,619.0,1408.0,12,19,7,7655.955457,5748.753211,7684.479810999999,1.0037257732441376,0.7508864495474298,0.12886155419649872,0.27536288585891383,12.0,3,1,1,1,0.1111111111111111,0.2638888888888889,72,0.7,0.3833333333333333,1.0,6,1.0
U0000783,Synthetic_User_00783,2026-02-21 04:10:00+00:00,ANDROID,L2,0,2026-04-14 04:10:00+00:00,2026-04-07 04:10:00+00:00,364.0,4172.0,5,7,3,1105.296531,337.01709,161.211795,0.1458538866978494,0.3049110175846558,0.7669475069427985,1.7662671135360415,5.0,3,2,1,1,0.07142857142857142,0.2857142857142857,42,0.6,0.31999999999999995,1.0,5,2.0
U0000784,Synthetic_User_00784,2026-01-20 09:20:39+00:00,ANDROID,L2,0,2026-03-13 09:20:39+00:00,2026-03-06 09:20:39+00:00,326.0,4945.0,2,8,3,571.242379,534.831023,663.233699,1.1610372818645516,0.9362593579563535,0.09161609008543974,0.2177168835089642,2.0,1,3,2,3,0.20689655172413793,0.1724137931034483,29,0.8,0.55,1.0,5,1.5
U0000785,Synthetic_User_00785,2026-02-27 19:28:21+00:00,ANDROID,L2,0,2026-04-20 19:28:21+00:00,2026-04-13 19:28:21+00:00,378.0,4285.0,4,7,3,2424.375849,334.83428000000004,776.53925,0.32030481178085685,0.13811153915681496,0.7629293983679183,1.77292676461501,3.0,2,2,2,3,0.06451612903225806,0.2903225806451613,31,0.8,0.45,1.0,4,1.0
U0000786,Synthetic_User_00786,2026-02-23 16:16:59+00:00,WEB,L2,0,2026-04-16 16:16:59+00:00,2026-04-09 16:16:59+00:00,169.0,166.0,11,23,9,2289.162676,2161.508301,2274.978102,0.9938035972066496,0.944235341446743,0.025482046905188658,0.05694069382771617,11.0,3,2,1,2,0.14606741573033707,0.30337078651685395,89,0.7,0.4636363636363636,1.0,6,2.0
U0000787,Synthetic_User_00787,2026-01-07 15:54:52+00:00,ANDROID,L2,0,2026-02-28 15:54:52+00:00,2026-02-21 15:54:52+00:00,583.0,4449.0,5,8,3,1875.415743,348.874797,738.89562,0.3939903046873378,0.18602531108218387,0.6556151815354472,1.545506286381953,5.0,1,2,2,2,0.1,0.3,30,0.5,0.22000000000000003,1.0,4,1.0
U0000788,Synthetic_User_00788,2026-04-03 21:27:51+00:00,ANDROID,L2,0,2026-05-25 21:27:51+00:00,2026-05-18 21:27:51+00:00,85.0,1664.0,6,16,3,7069.628456,8359.341042,7945.7461140000005,1.1239269734545156,1.182430037734928,0.06900926994888454,0.16552662381970026,2.0,2,2,1,2,0.1509433962264151,0.2641509433962264,53,1.0,0.45,1.0,6,2.0
U0000789,Synthetic_User_00789,2026-03-31 14:12:16+00:00,WEB,L2,1,2026-05-22 14:12:16+00:00,2026-05-15 14:12:16+00:00,173.0,1408.0,15,26,6,12440.007637,14637.145547,8572.99933,0.6891474330370623,1.176618694627253,0.2109474381818367,0.5103046513996183,11.0,4,1,1,4,0.05555555555555555,0.24444444444444444,90,0.9,0.47333333333333333,1.0,6,1.0
U0000790,Synthetic_User_00790,2026-03-14 21:44:27+00:00,ANDROID,L2,0,2026-05-05 21:44:27+00:00,2026-04-28 21:44:27+00:00,532.0,4697.0,6,9,1,2112.043483,3003.063681,95.260882,0.04510365566180912,1.4218758776378848,0.7003724084877173,1.6742403454007366,6.0,1,1,1,1,0.13333333333333333,0.26666666666666666,30,1.0,0.6,1.0,4,1.0
U0000791,Synthetic_User_00791,2026-01-19 14:44:12+00:00,IOS,L2,0,2026-03-12 14:44:12+00:00,2026-03-05 14:44:12+00:00,574.0,4955.0,3,14,2,2687.810625,5169.842982,3695.687445,1.3749805922431755,1.9234401910290835,0.26465803646490155,0.644497296278725,2.0,2,2,1,3,0.15384615384615385,0.23076923076923078,39,0.7,0.4666666666666666,1.0,5,2.0
U0000792,Synthetic_User_00792,2026-01-28 16:17:04+00:00,H5,L2,0,2026-03-21 16:17:04+00:00,2026-03-14 16:17:04+00:00,306.0,4555.0,9,23,8,5656.784566,6728.7750510000005,402.296289,0.07111748455438703,1.18950526973277,0.6485497228951432,1.4841765832765557,8.0,1,1,2,1,0.10752688172043011,0.20430107526881722,93,1.0,0.4444444444444444,1.0,6,0.5
U0000793,Synthetic_User_00793,2026-01-25 09:30:57+00:00,WEB,L2,0,2026-03-18 09:30:57+00:00,2026-03-11 09:30:57+00:00,642.0,3162.0,8,18,8,1859.249162,1826.559381,1318.615753,0.7092194956708013,0.9824177513868902,0.14837592471413852,0.3240932684897188,8.0,1,1,2,3,0.06896551724137931,0.1724137931034483,58,0.8,0.4,1.0,5,0.5
U0000794,Synthetic_User_00794,2026-01-29 20:41:42+00:00,IOS,L2,0,2026-03-22 20:41:42+00:00,2026-03-15 20:41:42+00:00,603.0,3102.0,6,6,4,7573.244698,4498.251778,7651.217661000001,1.0102958462468,0.593966253221414,0.22333980887019128,0.4795941158653726,2.0,2,2,1,2,0.06896551724137931,0.20689655172413793,29,1.0,0.5499999999999999,1.0,3,2.0
U0000795,Synthetic_User_00795,2026-01-09 02:45:18+00:00,IOS,L2,0,2026-03-02 02:45:18+00:00,2026-02-23 02:45:18+00:00,581.0,2386.0,5,13,6,3801.634086,1940.86676,783.2757710000001,0.20603660249273134,0.5105348689784449,0.5715806881835566,1.3875857965182323,3.0,2,1,1,3,0.1111111111111111,0.3111111111111111,45,0.9,0.44000000000000006,1.0,5,1.0
U0000796,Synthetic_User_00796,2026-03-02 10:44:03+00:00,WEB,L1,0,2026-04-23 10:44:03+00:00,2026-04-16 10:44:03+00:00,59.0,2280.0,4,10,4,7114.279456,6209.827565,5081.35849,0.7142478056178286,0.8728680962571397,0.13554904907839174,0.3313560797663654,0.0,2,1,2,1,0.08888888888888889,0.3333333333333333,45,0.9,0.4,1.0,5,0.5
U0000797,Synthetic_User_00797,2026-04-27 21:20:49+00:00,ANDROID,L1,0,2026-06-18 21:20:49+00:00,2026-06-11 21:20:49+00:00,242.0,3847.0,11,21,4,1574.909411,890.057552,822.756463,0.5224151035313104,0.5651484115742578,0.3100788687684585,0.686328669302124,11.0,3,1,1,3,0.12903225806451613,0.27419354838709675,62,0.9,0.32727272727272727,0.9090909090909091,6,1.0
U0000798,Synthetic_User_00798,2026-03-01 09:38:01+00:00,IOS,L1,0,2026-04-22 09:38:01+00:00,2026-04-15 09:38:01+00:00,157.0,1660.0,8,9,9,2497.783388,1094.223577,677.514129,0.27124615058893975,0.4380778502479175,0.5471395326640862,1.2790211493917027,8.0,1,2,2,2,0.05084745762711865,0.2542372881355932,59,1.0,0.5375,0.875,6,1.0
U0000799,Synthetic_User_00799,2026-04-01 11:39:22+00:00,WEB,L2,0,2026-05-23 11:39:22+00:00,2026-05-16 11:39:22+00:00,622.0,4090.0,5,16,7,1607.550581,664.339169,183.25272,0.11399499472421268,0.41326175166864004,0.7228680378163124,1.740385185467465,5.0,1,3,1,1,0.07936507936507936,0.2857142857142857,63,0.9,0.56,1.0,4,3.0
U0000800,Synthetic_User_00800,2026-04-05 19:54:55+00:00,WEB,L2,0,2026-05-27 19:54:55+00:00,2026-05-20 19:54:55+00:00,561.0,4821.0,9,23,10,2148.471772,926.0813949999999,1544.533634,0.7188987326383174,0.4310419187578695,0.3241228378329903,0.7939169123658995,9.0,3,3,1,1,0.10843373493975904,0.20481927710843373,83,0.9,0.48888888888888893,1.0,5,3.0
U0000801,Synthetic_User_00801,2026-04-04 02:30:06+00:00,ANDROID,L2,0,2026-05-26 02:30:06+00:00,2026-05-19 02:30:06+00:00,505.0,2601.0,5,17,2,7526.242161,14109.323314,1436.5181400000001,0.19086791379685453,1.8746836750898959,0.6728856150997261,1.6478102349318309,1.0,2,2,2,2,0.17543859649122806,0.19298245614035087,57,0.9,0.5599999999999999,1.0,6,1.0
U0000802,Synthetic_User_00802,2026-01-04 11:11:46+00:00,ANDROID,L2,0,2026-02-25 11:11:46+00:00,2026-02-18 11:11:46+00:00,630.0,3912.0,5,10,1,802.722141,1267.955587,231.050361,0.2878335468760915,1.5795697193806444,0.5527032702390822,1.3514696600637435,5.0,1,1,1,2,0.06382978723404255,0.2553191489361702,47,1.0,0.62,1.0,5,1.0
U0000803,Synthetic_User_00803,2026-01-10 21:45:02+00:00,ANDROID,L2,1,2026-03-03 21:45:02+00:00,2026-02-24 21:45:02+00:00,91.0,1233.0,18,22,9,39806.635163,35417.036968,41828.285831,1.0507867761171412,0.8897269719727504,0.06859076474697962,0.16431802529304196,4.0,2,4,2,2,0.07954545454545454,0.1590909090909091,88,1.0,0.44999999999999996,0.9444444444444444,6,2.0
U0000804,Synthetic_User_00804,2026-02-18 23:08:08+00:00,WEB,L2,0,2026-04-11 23:08:08+00:00,2026-04-04 23:08:08+00:00,594.0,451.0,3,12,3,15558.994648999998,8326.700587,9069.93087,0.5829381058745295,0.5351695771381456,0.29570281593711395,0.6583665598163162,0.0,2,1,2,2,0.20689655172413793,0.13793103448275862,29,0.3,0.13333333333333333,1.0,5,0.5
U0000805,Synthetic_User_00805,2026-02-18 09:19:59+00:00,ANDROID,L1,0,2026-04-11 09:19:59+00:00,2026-04-04 09:19:59+00:00,83.0,1626.0,2,5,3,1999.447937,2910.50481,295.744076,0.14791286661043979,1.4556542114154583,0.6245259817329506,1.5068649728778107,1.0,2,1,2,3,0.07692307692307693,0.23076923076923078,26,0.7,0.44999999999999996,0.5,4,0.5
U0000806,Synthetic_User_00806,2026-01-15 12:56:43+00:00,WEB,L1,0,2026-03-08 12:56:43+00:00,2026-03-01 12:56:43+00:00,588.0,1582.0,12,19,4,6079.046795,5851.886097,3170.071266,0.5214750556958001,0.962632184672959,0.26243707664743127,0.5779037271754389,11.0,3,1,2,1,0.10112359550561797,0.25842696629213485,89,1.0,0.4916666666666667,1.0,4,0.5
U0000807,Synthetic_User_00807,2026-01-17 16:44:32+00:00,ANDROID,L2,0,2026-03-10 16:44:32+00:00,2026-03-03 16:44:32+00:00,249.0,2662.0,10,25,11,3248.5997350000002,2933.343599,530.200158,0.16320882880328128,0.9029563006474849,0.5425989999342711,1.2149917147510232,10.0,2,2,1,1,0.08888888888888889,0.24444444444444444,90,0.8,0.36,1.0,4,2.0
U0000808,Synthetic_User_00808,2026-04-24 05:42:26+00:00,IOS,L2,0,2026-06-15 05:42:26+00:00,2026-06-08 05:42:26+00:00,518.0,4366.0,10,29,12,1817.206606,2125.744365,1618.519689,0.890663551219778,1.1697868354546364,0.11257062595755876,0.27361000732133683,10.0,1,1,1,2,0.11235955056179775,0.34831460674157305,89,0.9,0.63,1.0,6,1.0
U0000809,Synthetic_User_00809,2026-02-05 09:16:36+00:00,WEB,L2,0,2026-03-29 09:16:36+00:00,2026-03-22 09:16:36+00:00,374.0,124.0,6,17,2,2618.201387,1662.454715,1844.1675539999999,0.7043642873144654,0.6349605967113484,0.2029807783971342,0.46813429692644204,6.0,1,1,1,2,0.11666666666666667,0.2,60,1.0,0.5666666666666667,1.0,5,1.0
U0000810,Synthetic_User_00810,2026-04-07 11:32:09+00:00,IOS,L2,0,2026-05-29 11:32:09+00:00,2026-05-22 11:32:09+00:00,238.0,4803.0,7,20,4,2482.312501,3422.209995,1506.612003,0.6069388936296543,1.3786378603102398,0.31658518757778803,0.7754270249413807,7.0,1,1,2,2,0.13846153846153847,0.2153846153846154,65,1.0,0.6428571428571429,0.8571428571428571,6,0.5
U0000811,Synthetic_User_00811,2026-02-15 01:11:03+00:00,ANDROID,L2,0,2026-04-08 01:11:03+00:00,2026-04-01 01:11:03+00:00,469.0,4388.0,7,12,3,10868.808696,6022.558733,3667.5708059999997,0.33743999996519947,0.5541139697505629,0.43746827001076305,1.0508185502119634,4.0,2,1,1,2,0.10869565217391304,0.34782608695652173,46,1.0,0.5857142857142856,1.0,4,1.0
U0000812,Synthetic_User_00812,2026-04-04 21:15:38+00:00,H5,L1,0,2026-05-26 21:15:38+00:00,2026-05-19 21:15:38+00:00,45.0,4721.0,8,13,3,2307.862581,2589.544021,1460.022439,0.632629711586801,1.1220529516440911,0.22652830313346414,0.533008661857906,8.0,2,2,1,3,0.1,0.16666666666666666,60,1.0,0.625,1.0,6,2.0
U0000813,Synthetic_User_00813,2026-04-20 18:04:00+00:00,H5,L1,0,2026-06-11 18:04:00+00:00,2026-06-04 18:04:00+00:00,516.0,1031.0,9,22,6,19809.869724,8685.069368,8333.246319,0.42066133877216405,0.43842132679337553,0.4341084853123437,0.9348782686620325,3.0,2,3,1,1,0.14864864864864866,0.25675675675675674,74,1.0,0.41111111111111115,0.8888888888888888,5,3.0
U0000814,Synthetic_User_00814,2026-03-19 23:46:36+00:00,ANDROID,L2,0,2026-05-10 23:46:36+00:00,2026-05-03 23:46:36+00:00,442.0,911.0,5,7,5,6489.9290120000005,4952.699135,3381.9713279999996,0.5211106811409911,0.7631361030054976,0.2567711146331935,0.6289460344425261,2.0,1,2,1,1,0.14705882352941177,0.23529411764705882,34,0.8,0.5,1.0,4,2.0
U0000815,Synthetic_User_00815,2026-01-06 22:43:22+00:00,ANDROID,L2,0,2026-02-27 22:43:22+00:00,2026-02-20 22:43:22+00:00,422.0,4244.0,7,13,4,1322.7464519999999,314.332534,889.1989719999999,0.6722368982018634,0.23763627074918817,0.49047878331358274,1.1975094602792713,7.0,1,1,1,3,0.1111111111111111,0.2777777777777778,54,0.8,0.5571428571428572,1.0,5,1.0
U0000816,Synthetic_User_00816,2026-04-08 04:03:21+00:00,ANDROID,L2,0,2026-05-30 04:03:21+00:00,2026-05-23 04:03:21+00:00,61.0,1901.0,4,13,4,2333.259555,1081.787141,1534.560581,0.6576896161044543,0.4636377203221182,0.31358646327348694,0.7585283098006889,4.0,2,2,2,1,0.13043478260869565,0.32608695652173914,46,0.4,0.2,0.75,6,1.0
U0000817,Synthetic_User_00817,2026-01-06 05:33:11+00:00,IOS,L2,0,2026-02-27 05:33:11+00:00,2026-02-20 05:33:11+00:00,147.0,712.0,4,16,1,1179.485211,654.069601,1179.327063,0.9998659177762256,0.554538195901127,0.24658719129830783,0.5231691434965401,4.0,1,1,2,3,0.14545454545454545,0.2727272727272727,55,0.7,0.44999999999999996,1.0,4,0.5
U0000818,Synthetic_User_00818,2026-04-04 13:22:58+00:00,WEB,L1,1,2026-05-26 13:22:58+00:00,2026-05-19 13:22:58+00:00,354.0,443.0,17,24,3,3544.5467989999997,3511.178936,4176.0614399999995,1.178165129933724,0.9905861412213788,0.08169685703599204,0.1775895038716311,17.0,2,2,2,1,0.13043478260869565,0.2463768115942029,69,1.0,0.4882352941176471,0.9411764705882353,5,1.0
U0000819,Synthetic_User_00819,2026-01-10 14:13:11+00:00,ANDROID,L2,0,2026-03-03 14:13:11+00:00,2026-02-24 14:13:11+00:00,247.0,579.0,5,13,3,1827.3773149999997,1780.852167,70.718959,0.0386997028033042,0.9745399334783797,0.6665094732759979,1.4324677696672292,5.0,2,2,2,3,0.175,0.25,40,0.5,0.3,1.0,6,1.0
U0000820,Synthetic_User_00820,2026-04-23 18:14:26+00:00,WEB,L2,0,2026-06-14 18:14:26+00:00,2026-06-07 18:14:26+00:00,44.0,2999.0,5,16,4,14289.187423000001,6961.41495,7439.892156,0.5206658668375141,0.487180603341716,0.3500049238679335,0.7662230219412751,1.0,2,2,2,3,0.2,0.225,40,1.0,0.44000000000000006,1.0,6,1.0
U0000821,Synthetic_User_00821,2026-01-07 02:26:32+00:00,WEB,L2,0,2026-02-28 02:26:32+00:00,2026-02-21 02:26:32+00:00,333.0,3559.0,5,13,6,1453.912047,1290.229422,1452.291911,0.9988856712458343,0.8874191699988027,0.05489069044747446,0.11701552974492824,5.0,1,1,2,2,0.04411764705882353,0.22058823529411764,68,0.9,0.48,1.0,5,0.5
U0000822,Synthetic_User_00822,2026-02-10 09:31:13+00:00,IOS,L2,0,2026-04-03 09:31:13+00:00,2026-03-27 09:31:13+00:00,402.0,3279.0,1,5,2,5611.966501,4763.320049,6715.316701,1.196606697456835,0.8487791308360841,0.1402801444385986,0.34264384176476365,0.0,1,1,1,3,0.058823529411764705,0.11764705882352941,17,0.7,0.7,1.0,3,1.0
U0000823,Synthetic_User_00823,2026-03-24 18:17:21+00:00,ANDROID,L2,0,2026-05-15 18:17:21+00:00,2026-05-08 18:17:21+00:00,281.0,1939.0,10,10,3,4504.48029,1019.70548,3848.1848710000004,0.8543016337629485,0.2263758334704579,0.48396843241318865,1.1154407812540967,10.0,2,2,1,3,0.12244897959183673,0.20408163265306123,49,1.0,0.5900000000000001,1.0,5,2.0
U0000824,Synthetic_User_00824,2026-02-18 11:34:20+00:00,IOS,L2,0,2026-04-11 11:34:20+00:00,2026-04-04 11:34:20+00:00,157.0,1421.0,12,13,4,1150.040077,818.322556,638.451589,0.5551559478391986,0.7115600337465456,0.24386038415703543,0.588751377465824,12.0,1,2,2,2,0.06779661016949153,0.2542372881355932,59,1.0,0.4833333333333334,0.9166666666666666,5,1.0
U0000825,Synthetic_User_00825,2026-02-07 02:20:47+00:00,ANDROID,L2,0,2026-03-31 02:20:47+00:00,2026-03-24 02:20:47+00:00,315.0,1194.0,15,33,15,10954.295694,2787.732486,7320.265158,0.6682552089596715,0.25448760594685477,0.47583207751584383,1.163201424974855,12.0,3,2,1,3,0.15079365079365079,0.18253968253968253,126,0.9,0.33999999999999997,0.9333333333333333,6,2.0
U0000826,Synthetic_User_00826,2026-01-23 12:44:07+00:00,IOS,L1,0,2026-03-16 12:44:07+00:00,2026-03-09 12:44:07+00:00,546.0,1928.0,9,19,7,3491.5633470000002,4391.131428000001,1419.2354520000001,0.4064756416977017,1.2576404869677995,0.40132380503654286,0.958477188113185,9.0,2,3,2,3,0.10526315789473684,0.27631578947368424,76,1.0,0.4666666666666667,1.0,6,1.5
U0000827,Synthetic_User_00827,2026-01-25 09:02:16+00:00,IOS,L2,0,2026-03-18 09:02:16+00:00,2026-03-11 09:02:16+00:00,537.0,4080.0,6,17,5,7997.471834,2883.581232,6914.482144,0.8645834943243139,0.3605615989469204,0.37093448277473107,0.8621079177983317,1.0,2,1,2,3,0.23255813953488372,0.06976744186046512,43,0.8,0.5166666666666667,1.0,5,0.5
U0000828,Synthetic_User_00828,2026-04-02 04:11:38+00:00,WEB,L2,0,2026-05-24 04:11:38+00:00,2026-05-17 04:11:38+00:00,576.0,1907.0,9,23,2,1259.503639,239.437646,1102.707495,0.8755095744507015,0.19010476713676253,0.5171697866759547,1.1762533061822433,9.0,2,2,2,2,0.11688311688311688,0.3246753246753247,77,0.9,0.3666666666666667,0.7777777777777778,6,1.0
U0000829,Synthetic_User_00829,2026-01-10 10:51:52+00:00,H5,L2,0,2026-03-03 10:51:52+00:00,2026-02-24 10:51:52+00:00,583.0,4053.0,6,5,3,641.958305,584.218244,345.294219,0.5378763952590347,0.9100563688478179,0.24516128023354047,0.5663435019747054,6.0,2,2,2,1,0.05263157894736842,0.21052631578947367,38,1.0,0.5666666666666667,1.0,3,1.0
U0000830,Synthetic_User_00830,2026-04-27 18:08:40+00:00,WEB,L2,0,2026-06-18 18:08:40+00:00,2026-06-11 18:08:40+00:00,464.0,2436.0,4,10,3,1681.062445,2426.512414,691.68425,0.41145660713394855,1.4434397848915124,0.4441751076966073,1.0844349875254877,4.0,1,2,2,2,0.14285714285714285,0.2857142857142857,42,0.8,0.30000000000000004,1.0,5,1.0
U0000831,Synthetic_User_00831,2026-04-21 04:08:09+00:00,IOS,L2,0,2026-06-12 04:08:09+00:00,2026-06-05 04:08:09+00:00,142.0,2855.0,3,8,4,6097.04144,5074.083807,5062.401158,0.8303045350467554,0.832220652743341,0.08963005056374926,0.19120434886187013,1.0,3,2,2,3,0.03571428571428571,0.4642857142857143,28,0.4,0.16666666666666666,1.0,3,1.0
U0000832,Synthetic_User_00832,2026-03-14 15:41:47+00:00,WEB,L2,0,2026-05-05 15:41:47+00:00,2026-04-28 15:41:47+00:00,362.0,2175.0,10,14,6,8480.810347,10524.69478,1891.186368,0.22299595093162147,1.2410010776532696,0.5288688702557428,1.239455788596835,5.0,3,2,2,1,0.13636363636363635,0.2727272727272727,66,0.8,0.45,1.0,5,1.0
U0000833,Synthetic_User_00833,2026-01-28 06:22:01+00:00,ANDROID,L2,0,2026-03-21 06:22:01+00:00,2026-03-14 06:22:01+00:00,217.0,3870.0,15,27,5,3273.747866,2707.957123,2771.154533,0.8464776905333001,0.8271733908172634,0.08676208166140975,0.1939220233951791,15.0,1,1,2,3,0.11827956989247312,0.20430107526881722,93,1.0,0.6266666666666667,1.0,6,0.5
U0000834,Synthetic_User_00834,2026-02-07 03:18:06+00:00,ANDROID,L2,0,2026-03-31 03:18:06+00:00,2026-03-24 03:18:06+00:00,661.0,1799.0,11,15,1,23784.942382999998,28337.339581,2350.435329,0.09882030787175441,1.1913982857176806,0.6240257028809972,1.4311882467081982,1.0,1,1,2,3,0.21568627450980393,0.27450980392156865,51,1.0,0.6363636363636364,0.9090909090909091,6,0.5
U0000835,Synthetic_User_00835,2026-01-26 22:32:18+00:00,H5,L2,0,2026-03-19 22:32:18+00:00,2026-03-12 22:32:18+00:00,532.0,3001.0,2,18,3,1913.054538,1820.0005390000001,1388.1966869999999,0.7256440730912397,0.9513584180944036,0.13395068323141252,0.3074587279751632,1.0,2,1,1,1,0.12,0.16,50,0.4,0.4,1.0,5,1.0
U0000836,Synthetic_User_00836,2026-01-27 12:27:54+00:00,WEB,L2,0,2026-03-20 12:27:54+00:00,2026-03-13 12:27:54+00:00,191.0,1939.0,4,9,3,13767.062151999999,5873.731231,12994.167923,0.9438591748575991,0.42665102882147576,0.3265962116118082,0.7256019868069028,0.0,1,1,1,1,0.11764705882352941,0.14705882352941177,34,0.2,0.1,0.5,4,1.0
U0000837,Synthetic_User_00837,2026-01-10 23:24:19+00:00,WEB,L2,0,2026-03-03 23:24:19+00:00,2026-02-24 23:24:19+00:00,286.0,2309.0,5,14,7,8031.522991999999,4354.448855,3311.056945,0.41225766872585207,0.5421697552677566,0.38694625682419115,0.9021706164046386,1.0,1,1,2,3,0.08695652173913043,0.2391304347826087,46,0.8,0.3,1.0,6,0.5
U0000838,Synthetic_User_00838,2026-01-05 02:16:48+00:00,ANDROID,L2,0,2026-02-26 02:16:48+00:00,2026-02-19 02:16:48+00:00,623.0,1818.0,13,19,7,4723.87513,2690.390868,3020.749506,0.6394643005730763,0.5695304795239158,0.2561550433624404,0.584613677254389,12.0,2,3,1,1,0.0821917808219178,0.2328767123287671,73,0.9,0.6307692307692307,0.9230769230769231,5,3.0
U0000839,Synthetic_User_00839,2026-02-03 07:51:37+00:00,IOS,L2,0,2026-03-27 07:51:37+00:00,2026-03-20 07:51:37+00:00,558.0,1591.0,4,14,5,2740.7130060000004,2257.260351,375.766436,0.1371053573202914,0.8236033273306543,0.569530637707266,1.320279727582262,3.0,2,1,1,1,0.13953488372093023,0.16279069767441862,43,0.7,0.35,1.0,5,1.0
U0000840,Synthetic_User_00840,2026-02-09 13:22:25+00:00,WEB,L2,0,2026-04-02 13:22:25+00:00,2026-03-26 13:22:25+00:00,120.0,198.0,11,16,6,2136.058794,1467.917196,1542.4405510000001,0.7220964869190769,0.6872082360856591,0.17426793124928974,0.38947970457333403,11.0,3,2,1,2,0.09090909090909091,0.18181818181818182,77,0.9,0.5545454545454546,1.0,6,2.0
U0000841,Synthetic_User_00841,2026-01-16 11:43:19+00:00,IOS,L2,0,2026-03-09 11:43:19+00:00,2026-03-02 11:43:19+00:00,92.0,635.0,7,9,3,992.668274,700.838423,35.936941,0.03620236683417969,0.7060147295490176,0.6944893182744319,1.659605399063025,7.0,1,2,1,2,0.06521739130434782,0.21739130434782608,46,1.0,0.5857142857142856,1.0,5,2.0
U0000842,Synthetic_User_00842,2026-01-15 04:51:40+00:00,IOS,L2,0,2026-03-08 04:51:40+00:00,2026-03-01 04:51:40+00:00,563.0,4432.0,6,13,4,3308.2662950000004,3367.050999,2415.66777,0.7301914521364127,1.0177690363344827,0.1436453991676604,0.31395384184518554,6.0,1,2,1,1,0.10526315789473684,0.34210526315789475,38,0.7,0.3,1.0,5,2.0
U0000843,Synthetic_User_00843,2026-03-19 09:34:00+00:00,IOS,L2,0,2026-05-10 09:34:00+00:00,2026-05-03 09:34:00+00:00,361.0,4094.0,14,18,2,10235.800048000001,3425.885285,2282.792567,0.22302043380048642,0.3346963861090069,0.6605686790705398,1.496381543041933,10.0,1,2,1,1,0.14925373134328357,0.22388059701492538,67,0.9,0.39285714285714285,0.9285714285714286,6,2.0
U0000844,Synthetic_User_00844,2026-01-05 04:35:26+00:00,ANDROID,L2,0,2026-02-26 04:35:26+00:00,2026-02-19 04:35:26+00:00,336.0,3280.0,14,31,6,15730.237147,16372.972853,475.041294,0.030199245539702352,1.0408598865988856,0.6766062411743448,1.463976511402988,9.0,1,2,1,2,0.1262135922330097,0.2912621359223301,103,1.0,0.6857142857142857,1.0,6,2.0
U0000845,Synthetic_User_00845,2026-02-22 13:24:00+00:00,ANDROID,L2,0,2026-04-15 13:24:00+00:00,2026-04-08 13:24:00+00:00,552.0,3016.0,6,12,5,1686.5824819999998,542.465164,292.694363,0.17354286915924463,0.3216357158866779,0.7219317978932159,1.6582443176485937,6.0,1,1,2,2,0.061224489795918366,0.3469387755102041,49,1.0,0.6666666666666666,0.8333333333333334,4,0.5
U0000846,Synthetic_User_00846,2026-04-03 20:29:45+00:00,IOS,L1,0,2026-05-25 20:29:45+00:00,2026-05-18 20:29:45+00:00,597.0,3685.0,3,9,4,1967.210001,1776.706042,1262.7791379999999,0.641913744520456,0.9031603342280894,0.17827016484658634,0.4220933195653239,3.0,1,1,1,1,0.17647058823529413,0.11764705882352941,34,0.9,0.5666666666666668,1.0,3,1.0
U0000847,Synthetic_User_00847,2026-02-22 15:51:51+00:00,ANDROID,L1,0,2026-04-15 15:51:51+00:00,2026-04-08 15:51:51+00:00,650.0,936.0,7,14,4,2668.054584,1609.160565,1746.917727,0.6547533687938972,0.6031213059320228,0.23409546925263128,0.5273260272288856,7.0,2,2,2,3,0.12280701754385964,0.19298245614035087,57,0.9,0.5428571428571428,1.0,5,1.0
U0000848,Synthetic_User_00848,2026-03-09 09:31:22+00:00,IOS,L2,0,2026-04-30 09:31:22+00:00,2026-04-23 09:31:22+00:00,589.0,4412.0,6,9,4,5348.376625,7249.404235,1453.131234,0.27169575665401086,1.3554401163736296,0.5151020173111166,1.2375580237545825,3.0,1,1,1,2,0.11904761904761904,0.30952380952380953,42,0.8,0.2833333333333334,1.0,4,1.0
U0000849,Synthetic_User_00849,2026-04-07 14:06:21+00:00,H5,L2,0,2026-05-29 14:06:21+00:00,2026-05-22 14:06:21+00:00,234.0,1363.0,5,3,3,2064.112649,1909.7151330000002,814.87224,0.39478089550721995,0.9251990844226448,0.34837615664967897,0.7826176644564101,5.0,1,2,1,2,0.03125,0.21875,32,0.9,0.6599999999999999,1.0,1,2.0
U0000850,Synthetic_User_00850,2026-01-30 13:32:44+00:00,IOS,L2,0,2026-03-23 13:32:44+00:00,2026-03-16 13:32:44+00:00,362.0,617.0,8,23,5,2112.052943,579.357247,1630.6657460000001,0.7720761694940145,0.2743100019912711,0.44421526461152855,1.0638607826625655,8.0,3,3,1,3,0.19718309859154928,0.29577464788732394,71,1.0,0.3875,1.0,5,3.0
U0000851,Synthetic_User_00851,2026-03-13 03:46:14+00:00,ANDROID,L2,0,2026-05-04 03:46:14+00:00,2026-04-27 03:46:14+00:00,369.0,501.0,5,8,2,1812.624043,3216.578481,2546.386756,1.4048068962969171,1.774542544231275,0.22705474164923065,0.555978308528363,5.0,2,2,2,2,0.12903225806451613,0.3225806451612903,31,0.5,0.33999999999999997,1.0,3,1.0
U0000852,Synthetic_User_00852,2026-04-21 20:13:34+00:00,IOS,L2,0,2026-06-12 20:13:34+00:00,2026-06-05 20:13:34+00:00,30.0,2162.0,5,6,1,12100.161094,2861.175477,973.687803,0.08046899503534825,0.2364576351317129,0.915274368046075,2.0947203524497096,0.0,1,1,1,3,0.125,0.25,32,1.0,0.72,1.0,3,1.0
U0000853,Synthetic_User_00853,2026-02-02 12:26:06+00:00,IOS,L2,0,2026-03-26 12:26:06+00:00,2026-03-19 12:26:06+00:00,573.0,3142.0,6,26,7,3691.141717,2408.386234,1589.309367,0.43057392233959574,0.6524773142434185,0.33750283431601213,0.8200845965668278,5.0,1,2,2,1,0.19117647058823528,0.3088235294117647,68,1.0,0.3833333333333333,1.0,5,1.0
U0000854,Synthetic_User_00854,2026-04-27 04:24:32+00:00,ANDROID,L2,0,2026-06-18 04:24:32+00:00,2026-06-11 04:24:32+00:00,286.0,2057.0,8,15,3,12314.777685000001,14084.876485,2926.224859,0.23761897566078552,1.143737779542384,0.5009199423350308,1.1415158210567546,5.0,3,2,2,3,0.11764705882352941,0.29411764705882354,51,0.8,0.4625,0.75,5,1.0
U0000855,Synthetic_User_00855,2026-03-25 09:43:31+00:00,ANDROID,L1,0,2026-05-16 09:43:31+00:00,2026-05-09 09:43:31+00:00,454.0,436.0,7,6,2,5905.791916,3734.530029,4307.364294999999,0.7293457602748358,0.6323504251618471,0.19762088788426782,0.467015499841069,4.0,2,1,1,3,0.08823529411764706,0.11764705882352941,34,0.5,0.31428571428571433,1.0,3,1.0
U0000856,Synthetic_User_00856,2026-04-11 11:22:07+00:00,ANDROID,L2,0,2026-06-02 11:22:07+00:00,2026-05-26 11:22:07+00:00,209.0,1536.0,11,21,4,1725.930157,1774.785308,476.541497,0.27610705744218594,1.0283065631606552,0.45318712136539285,0.9792506418900072,11.0,2,1,1,3,0.22972972972972974,0.16216216216216217,74,1.0,0.5181818181818182,1.0,6,1.0
U0000857,Synthetic_User_00857,2026-02-24 10:18:28+00:00,H5,L1,0,2026-04-17 10:18:28+00:00,2026-04-10 10:18:28+00:00,628.0,1588.0,3,11,4,1565.650954,882.069387,394.76314,0.2521399415313102,0.5633882729394103,0.5068593004703347,1.2357726845132717,3.0,2,3,1,3,0.02564102564102564,0.1794871794871795,39,0.8,0.39999999999999997,1.0,5,3.0
U0000858,Synthetic_User_00858,2026-01-18 12:10:59+00:00,IOS,L2,0,2026-03-11 12:10:59+00:00,2026-03-04 12:10:59+00:00,356.0,3954.0,6,17,6,4466.1747319999995,4050.679756,225.348133,0.05045663157453017,0.9069684907258574,0.6550169590460906,1.4552945463010447,5.0,2,1,2,3,0.16363636363636364,0.18181818181818182,55,0.7,0.31666666666666665,1.0,5,0.5
U0000859,Synthetic_User_00859,2026-03-19 18:33:10+00:00,ANDROID,L1,0,2026-05-10 18:33:10+00:00,2026-05-03 18:33:10+00:00,94.0,2581.0,3,6,5,1956.231927,1500.795468,896.945296,0.4585066236882862,0.7671868796771765,0.2989438758265098,0.7298759359627779,3.0,1,3,2,3,0.05714285714285714,0.3142857142857143,35,0.8,0.6,1.0,4,1.5
U0000860,Synthetic_User_00860,2026-03-28 16:39:26+00:00,WEB,L2,0,2026-05-19 16:39:26+00:00,2026-05-12 16:39:26+00:00,516.0,1226.0,2,19,7,4177.268526,11739.779168,5142.530504,1.2310749170162398,2.810396098534174,0.478737655116818,1.0773022950742006,0.0,2,2,1,3,0.17647058823529413,0.27450980392156865,51,0.6,0.55,1.0,6,2.0
U0000861,Synthetic_User_00861,2026-01-23 04:59:43+00:00,IOS,L2,0,2026-03-16 04:59:43+00:00,2026-03-09 04:59:43+00:00,481.0,1831.0,13,13,3,2568.446918,613.899462,478.777452,0.18640737663086093,0.23901582613902397,0.7824039226334658,1.7123180437672783,13.0,2,2,1,2,0.1,0.3125,80,1.0,0.5538461538461538,0.9230769230769231,4,2.0
U0000862,Synthetic_User_00862,2026-01-23 08:30:45+00:00,H5,L1,0,2026-03-16 08:30:45+00:00,2026-03-09 08:30:45+00:00,110.0,576.0,4,11,2,4372.409991,1647.228086,642.700953,0.14699009340910638,0.3767323030984264,0.7095406084901882,1.679459280534392,3.0,1,2,1,3,0.1935483870967742,0.16129032258064516,31,0.8,0.5,0.75,5,2.0
U0000863,Synthetic_User_00863,2026-04-25 19:52:03+00:00,IOS,L2,0,2026-06-16 19:52:03+00:00,2026-06-09 19:52:03+00:00,275.0,3355.0,5,13,3,14391.748510000001,4420.499828,5290.990367,0.36764055203741186,0.30715516081513294,0.5612532485729022,1.2410674935478552,0.0,1,2,2,2,0.1935483870967742,0.3225806451612903,31,1.0,0.7,1.0,5,1.0
U0000864,Synthetic_User_00864,2026-01-01 06:22:14+00:00,ANDROID,L2,0,2026-02-22 06:22:14+00:00,2026-02-15 06:22:14+00:00,172.0,3737.0,4,17,5,1481.350954,2637.439516,2512.7497869999997,1.6962555566018827,1.7804285398259512,0.23438107175518905,0.5229954960069844,4.0,2,1,1,2,0.2222222222222222,0.24444444444444444,45,0.8,0.35,1.0,6,1.0
U0000865,Synthetic_User_00865,2026-02-06 11:43:34+00:00,WEB,L1,0,2026-03-30 11:43:34+00:00,2026-03-23 11:43:34+00:00,245.0,2375.0,2,8,1,3624.930386,2228.776911,671.931427,0.18536395335896527,0.6148468173645086,0.5544981827410055,1.357567780211058,1.0,1,1,1,3,0.2631578947368421,0.21052631578947367,19,0.8,0.55,1.0,4,1.0
U0000866,Synthetic_User_00866,2026-02-26 20:29:04+00:00,ANDROID,L1,0,2026-04-19 20:29:04+00:00,2026-04-12 20:29:04+00:00,539.0,4794.0,5,11,2,1045.721497,1278.010427,175.164045,0.16750544528587805,1.2221326908420627,0.5698969760568545,1.3240003533736542,5.0,2,1,1,1,0.17647058823529413,0.23529411764705882,34,0.7,0.48,1.0,4,1.0
U0000867,Synthetic_User_00867,2026-04-30 00:11:45+00:00,IOS,L1,0,2026-06-21 00:11:45+00:00,2026-06-14 00:11:45+00:00,214.0,3178.0,3,5,4,6137.935796,5728.675508,3496.520011,0.5696573126878631,0.9333228137924303,0.22667235077397893,0.5157963694070006,0.0,1,3,2,1,0.08,0.4,25,1.0,0.43333333333333335,0.6666666666666666,3,1.5
U0000868,Synthetic_User_00868,2026-02-24 22:27:29+00:00,ANDROID,L2,0,2026-04-17 22:27:29+00:00,2026-04-10 22:27:29+00:00,527.0,3599.0,4,8,4,1546.4928260000002,3003.358629,1234.954584,0.7985517703268026,1.9420449797805914,0.3997208699488121,0.9170942118427696,4.0,1,2,2,1,0.12195121951219512,0.21951219512195122,41,1.0,0.75,1.0,3,1.0
U0000869,Synthetic_User_00869,2026-03-19 12:17:14+00:00,ANDROID,L2,0,2026-05-10 12:17:14+00:00,2026-05-03 12:17:14+00:00,307.0,1024.0,7,18,3,2775.489184,2013.742021,1365.2573670000002,0.4918979237499346,0.7255448994752776,0.28093805285565,0.6874162493773495,7.0,2,2,2,2,0.1702127659574468,0.2765957446808511,47,1.0,0.4428571428571429,1.0,6,1.0
U0000870,Synthetic_User_00870,2026-04-11 23:59:18+00:00,ANDROID,L2,0,2026-06-02 23:59:18+00:00,2026-05-26 23:59:18+00:00,395.0,4087.0,9,16,6,2071.548361,872.06577,343.065141,0.16560807725212454,0.42097292364394867,0.660055377494782,1.577716969275364,9.0,1,1,2,3,0.09523809523809523,0.2222222222222222,63,0.8,0.3222222222222222,0.8888888888888888,6,0.5
U0000871,Synthetic_User_00871,2026-03-28 18:03:16+00:00,WEB,L2,0,2026-05-19 18:03:16+00:00,2026-05-12 18:03:16+00:00,293.0,2589.0,2,5,3,31338.432407,22349.761592,1515.590802,0.048362048947332335,0.7131742041764597,0.678820619051229,1.620695485599736,0.0,2,1,1,1,0.047619047619047616,0.19047619047619047,21,0.7,0.39999999999999997,1.0,3,1.0
U0000872,Synthetic_User_00872,2026-04-15 06:16:13+00:00,ANDROID,L2,0,2026-06-06 06:16:13+00:00,2026-05-30 06:16:13+00:00,356.0,4296.0,4,6,3,6235.374695,3524.9311000000002,265.987672,0.042657848968288815,0.5653118332770859,0.7302056958985662,1.7861197787539287,1.0,3,1,2,3,0.13636363636363635,0.18181818181818182,22,0.5,0.325,0.75,3,0.5
U0000873,Synthetic_User_00873,2026-02-24 19:56:15+00:00,WEB,L2,0,2026-04-17 19:56:15+00:00,2026-04-10 19:56:15+00:00,396.0,2649.0,10,20,7,2461.932549,956.8567889999999,845.154689,0.3432891324919885,0.38866084669487017,0.5187026406171503,1.1375228073555574,10.0,3,2,2,2,0.171875,0.265625,64,0.9,0.48,0.9,5,1.0
U0000874,Synthetic_User_00874,2026-02-12 08:57:53+00:00,ANDROID,L2,0,2026-04-05 08:57:53+00:00,2026-03-29 08:57:53+00:00,583.0,732.0,9,33,6,4627.2538970000005,1416.784821,1486.649895,0.32128124544102576,0.3061826414838718,0.5964530165025718,1.2789543855755228,8.0,3,2,2,1,0.25316455696202533,0.2911392405063291,79,1.0,0.5333333333333333,1.0,6,1.0
U0000875,Synthetic_User_00875,2026-01-29 12:57:35+00:00,ANDROID,L2,0,2026-03-22 12:57:35+00:00,2026-03-15 12:57:35+00:00,100.0,352.0,16,18,10,6279.23212,4872.784137,3499.7537820000002,0.5573537838891041,0.7760159274061046,0.23234283929449312,0.5691076908663457,16.0,3,1,1,3,0.08791208791208792,0.23076923076923078,91,1.0,0.55625,1.0,4,1.0
U0000876,Synthetic_User_00876,2026-02-07 20:59:08+00:00,WEB,L2,0,2026-03-31 20:59:08+00:00,2026-03-24 20:59:08+00:00,548.0,746.0,10,15,5,2737.366074,4850.671955,1141.063469,0.41684723129946993,1.7720216528847066,0.5221623570737891,1.2749107637882113,10.0,1,3,1,2,0.15384615384615385,0.25,52,1.0,0.49000000000000005,1.0,4,3.0
U0000877,Synthetic_User_00877,2026-04-21 11:08:03+00:00,ANDROID,L2,0,2026-06-12 11:08:03+00:00,2026-06-05 11:08:03+00:00,129.0,63.0,9,19,8,7481.064563,5667.91269,4521.72674,0.604422900233163,0.7576345107396182,0.20683888359937352,0.5024142486070107,7.0,2,2,1,2,0.13432835820895522,0.26865671641791045,67,1.0,0.4555555555555556,0.8888888888888888,5,2.0
U0000878,Synthetic_User_00878,2026-03-02 15:13:10+00:00,WEB,L2,0,2026-04-23 15:13:10+00:00,2026-04-16 15:13:10+00:00,75.0,2714.0,6,8,4,8929.749287,12747.955991,1983.598052,0.2221336779172219,1.4275827440708302,0.5649663029126128,1.3648053687750936,2.0,1,2,1,1,0.12903225806451613,0.25806451612903225,31,1.0,0.5,1.0,5,2.0
U0000879,Synthetic_User_00879,2026-02-01 17:05:16+00:00,ANDROID,L2,0,2026-03-25 17:05:16+00:00,2026-03-18 17:05:16+00:00,62.0,4192.0,9,15,3,2267.684621,2231.741744,1765.124697,0.7783819145986968,0.9841499665927311,0.10962062269887432,0.24066844648220698,9.0,1,2,1,1,0.10204081632653061,0.30612244897959184,49,1.0,0.5,0.8888888888888888,6,2.0
U0000880,Synthetic_User_00880,2026-04-24 06:46:16+00:00,IOS,L2,0,2026-06-15 06:46:16+00:00,2026-06-08 06:46:16+00:00,174.0,1780.0,4,15,5,7504.631257999999,3024.68705,2337.061486,0.31141589848384266,0.4030427273526142,0.534230259304547,1.2049006452638216,0.0,3,2,1,2,0.09433962264150944,0.20754716981132076,53,1.0,0.7000000000000001,1.0,6,2.0
U0000881,Synthetic_User_00881,2026-03-09 14:32:41+00:00,IOS,L2,0,2026-04-30 14:32:41+00:00,2026-04-23 14:32:41+00:00,419.0,3852.0,3,15,4,1920.5195290000001,3626.939068,2686.66498,1.3989261444266208,1.8885197537608585,0.2542532218745909,0.6217126290525188,3.0,1,1,1,3,0.19230769230769232,0.28846153846153844,52,0.5,0.3333333333333333,1.0,4,1.0
U0000882,Synthetic_User_00882,2026-02-09 11:42:20+00:00,IOS,L2,0,2026-04-02 11:42:20+00:00,2026-03-26 11:42:20+00:00,66.0,3053.0,9,14,6,3448.281363,4111.756494,617.417615,0.17905082271559403,1.1924074810481178,0.5558954745164079,1.2819411457383476,9.0,3,3,1,3,0.0784313725490196,0.2549019607843137,51,0.8,0.35555555555555557,1.0,6,3.0
U0000883,Synthetic_User_00883,2026-02-12 07:22:33+00:00,ANDROID,L2,0,2026-04-05 07:22:33+00:00,2026-03-29 07:22:33+00:00,366.0,560.0,3,8,4,892.461454,1134.3831129999999,594.529149,0.6661678735090781,1.2710723896429479,0.2526799254671835,0.6178294541196963,3.0,3,1,2,2,0.17857142857142858,0.07142857142857142,28,0.7,0.4666666666666666,1.0,6,0.5
U0000884,Synthetic_User_00884,2026-01-27 11:20:58+00:00,ANDROID,L2,0,2026-03-20 11:20:58+00:00,2026-03-13 11:20:58+00:00,221.0,2845.0,5,20,4,2461.063242,1966.95939,990.932738,0.4026441584632793,0.7992315501821631,0.33816451004603315,0.8138822357564462,5.0,1,1,2,3,0.13114754098360656,0.29508196721311475,61,1.0,0.78,1.0,6,0.5
U0000885,Synthetic_User_00885,2026-03-14 03:25:55+00:00,ANDROID,L1,0,2026-05-05 03:25:55+00:00,2026-04-28 03:25:55+00:00,280.0,195.0,6,8,7,3504.239508,2800.75227,5446.088568,1.55414279063028,0.799246816208203,0.2856001472865266,0.6753429182961355,6.0,3,3,1,2,0.12244897959183673,0.22448979591836735,49,1.0,0.5666666666666667,1.0,4,3.0
U0000886,Synthetic_User_00886,2026-03-08 20:08:44+00:00,H5,L2,0,2026-04-29 20:08:44+00:00,2026-04-22 20:08:44+00:00,369.0,3744.0,8,15,8,10490.306146,5551.259107,6168.321973,0.5880020932803766,0.5291798952041756,0.2968048698286808,0.6671416638106258,1.0,3,1,2,3,0.1076923076923077,0.26153846153846155,65,0.9,0.525,0.875,4,0.5
U0000887,Synthetic_User_00887,2026-03-01 06:04:20+00:00,ANDROID,L2,0,2026-04-22 06:04:20+00:00,2026-04-15 06:04:20+00:00,90.0,3483.0,10,22,3,11065.928791,5823.248031,1322.604839,0.11952045453931387,0.5262321980362,0.6558730091131579,1.6050034203185697,5.0,3,1,2,1,0.17105263157894737,0.21052631578947367,76,0.9,0.54,1.0,6,0.5
U0000888,Synthetic_User_00888,2026-04-06 09:17:36+00:00,WEB,L2,0,2026-05-28 09:17:36+00:00,2026-05-21 09:17:36+00:00,487.0,1252.0,3,8,1,2193.819595,2327.134471,570.775789,0.26017444201012346,1.060768386016718,0.47040400445883956,1.034830243561694,2.0,1,1,1,1,0.11538461538461539,0.3076923076923077,26,1.0,0.7999999999999999,0.6666666666666666,4,1.0
U0000889,Synthetic_User_00889,2026-01-22 23:57:40+00:00,ANDROID,L2,0,2026-03-15 23:57:40+00:00,2026-03-08 23:57:40+00:00,58.0,1539.0,6,29,2,5418.71712,7384.035642,1168.841926,0.2157045477952538,1.3626907399809052,0.5569551658431972,1.3345349306485692,3.0,2,2,1,3,0.24050632911392406,0.31645569620253167,79,0.8,0.4166666666666667,1.0,6,2.0
U0000890,Synthetic_User_00890,2026-01-23 08:43:13+00:00,ANDROID,L1,0,2026-03-16 08:43:13+00:00,2026-03-09 08:43:13+00:00,268.0,990.0,4,11,2,7100.30374,3908.703248,2685.0656360000003,0.378162080711212,0.5504980337643978,0.40774722459961377,0.9672589503275881,1.0,1,1,2,3,0.1388888888888889,0.19444444444444445,36,0.8,0.55,1.0,5,0.5
U0000891,Synthetic_User_00891,2026-01-21 03:42:59+00:00,IOS,L2,0,2026-03-14 03:42:59+00:00,2026-03-07 03:42:59+00:00,643.0,3660.0,8,17,9,3390.585152,4293.8469239999995,3428.2977739999997,1.0111227473457653,1.2664029161654276,0.11262675916483976,0.24384515349304547,8.0,1,2,2,1,0.16071428571428573,0.32142857142857145,56,1.0,0.6,1.0,4,1.0
U0000892,Synthetic_User_00892,2026-04-12 12:11:15+00:00,WEB,L1,0,2026-06-03 12:11:15+00:00,2026-05-27 12:11:15+00:00,347.0,4351.0,4,13,5,10732.876538,10238.511698,3895.23684,0.3629257101960339,0.9539392036934656,0.375602228949213,0.8249176971666343,1.0,1,1,2,3,0.08888888888888889,0.26666666666666666,45,1.0,0.725,1.0,4,0.5
U0000893,Synthetic_User_00893,2026-01-13 18:59:29+00:00,IOS,L2,0,2026-03-06 18:59:29+00:00,2026-02-27 18:59:29+00:00,532.0,3558.0,7,8,3,1800.987514,1439.656833,1108.574263,0.6155368953879378,0.7993708017456028,0.19504636094826627,0.4776121734198134,7.0,1,2,1,1,0.08333333333333333,0.3055555555555556,36,1.0,0.42857142857142855,1.0,4,2.0
U0000894,Synthetic_User_00894,2026-01-20 12:28:00+00:00,ANDROID,L2,0,2026-03-13 12:28:00+00:00,2026-03-06 12:28:00+00:00,127.0,1975.0,7,22,5,908.786672,743.279259,421.35359700000004,0.4636441202121856,0.8178808975754874,0.29282096502878274,0.705259695518793,7.0,1,3,2,1,0.14084507042253522,0.29577464788732394,71,0.7,0.4428571428571429,0.7142857142857143,6,1.5
U0000895,Synthetic_User_00895,2026-03-21 16:34:21+00:00,H5,L2,0,2026-05-12 16:34:21+00:00,2026-05-05 16:34:21+00:00,600.0,207.0,10,14,3,2015.6100069999998,625.833129,70.013056,0.03473541794139347,0.31049316426617646,0.9053227605533545,2.1526406623205365,10.0,1,2,2,1,0.10714285714285714,0.21428571428571427,56,0.8,0.49000000000000005,1.0,4,1.0
U0000896,Synthetic_User_00896,2026-04-14 19:34:05+00:00,H5,L2,0,2026-06-05 19:34:05+00:00,2026-05-29 19:34:05+00:00,627.0,3247.0,8,22,4,8733.030154,4836.563236,2689.912394,0.3080159287859479,0.5538241767990121,0.46151390713665114,1.1150002663574192,4.0,2,3,2,2,0.15789473684210525,0.24561403508771928,57,0.8,0.35,0.875,6,1.5
U0000897,Synthetic_User_00897,2026-03-14 21:10:45+00:00,IOS,L2,0,2026-05-05 21:10:45+00:00,2026-04-28 21:10:45+00:00,534.0,1179.0,4,8,3,1600.2155400000001,809.001882,861.7054880000001,0.5384933882094408,0.5055580712583256,0.3312833326103267,0.7256792774734029,4.0,2,2,1,3,0.12121212121212122,0.24242424242424243,33,0.7,0.4,1.0,3,2.0
U0000898,Synthetic_User_00898,2026-02-28 23:01:35+00:00,H5,L1,0,2026-04-21 23:01:35+00:00,2026-04-14 23:01:35+00:00,468.0,2000.0,6,17,5,5061.767376,7364.357242,1998.9816409999999,0.3949177219162669,1.454898397132504,0.45706183549192875,1.1158411254653622,4.0,2,2,1,2,0.12962962962962962,0.2037037037037037,54,0.8,0.45,1.0,6,2.0
U0000899,Synthetic_User_00899,2026-04-24 11:17:32+00:00,ANDROID,L1,0,2026-06-15 11:17:32+00:00,2026-06-08 11:17:32+00:00,477.0,4811.0,20,40,6,15112.08005,11602.127593,6358.7891070000005,0.4207752398055885,0.7677386272844683,0.32625975195359946,0.7939973818368907,14.0,1,2,2,3,0.15254237288135594,0.2457627118644068,118,0.8,0.27,0.9,6,1.0
U0000900,Synthetic_User_00900,2026-04-14 08:18:11+00:00,WEB,L2,0,2026-06-05 08:18:11+00:00,2026-05-29 08:18:11+00:00,362.0,1280.0,4,10,3,2374.00466,1150.978316,648.8548109999999,0.2733165700694117,0.4848256346725115,0.5207416258369539,1.2399738109419727,4.0,1,1,2,3,0.10810810810810811,0.10810810810810811,37,1.0,0.525,1.0,3,0.5
U0000901,Synthetic_User_00901,2026-02-18 02:30:45+00:00,IOS,L2,0,2026-04-11 02:30:45+00:00,2026-04-04 02:30:45+00:00,207.0,2922.0,10,21,12,1501.688891,1013.237148,627.095462,0.4175934614408758,0.6747317330990364,0.3416889554779092,0.835061213351003,10.0,1,3,2,3,0.21052631578947367,0.2236842105263158,76,1.0,0.73,1.0,6,1.5
U0000902,Synthetic_User_00902,2026-01-22 22:39:14+00:00,IOS,L2,0,2026-03-15 22:39:14+00:00,2026-03-08 22:39:14+00:00,458.0,1427.0,5,11,6,16237.062856,11596.543284,15270.217765,0.9404544344272999,0.7142020319096558,0.13913128916819514,0.3229773475940987,0.0,2,1,1,2,0.06521739130434782,0.21739130434782608,46,1.0,0.6,1.0,6,1.0
U0000903,Synthetic_User_00903,2026-04-10 04:27:00+00:00,ANDROID,L2,0,2026-06-01 04:27:00+00:00,2026-05-25 04:27:00+00:00,515.0,283.0,5,14,9,837.6758560000001,841.966005,295.028758,0.35219919004087896,1.005121490573318,0.39017666449819816,0.8309293333340472,5.0,2,1,2,2,0.05555555555555555,0.25925925925925924,54,0.6,0.43999999999999995,1.0,5,0.5
U0000904,Synthetic_User_00904,2026-01-09 06:44:24+00:00,IOS,L2,1,2026-03-02 06:44:24+00:00,2026-02-23 06:44:24+00:00,190.0,1604.0,24,37,24,12015.400034,12125.661019,11743.904744,0.977404390263183,1.0091766387043288,0.013411009115768072,0.03191500394562851,23.0,4,3,2,4,0.1079136690647482,0.2014388489208633,139,1.0,0.41250000000000003,1.0,5,1.5
U0000905,Synthetic_User_00905,2026-01-17 05:59:27+00:00,WEB,L2,0,2026-03-10 05:59:27+00:00,2026-03-03 05:59:27+00:00,574.0,4534.0,16,30,7,5403.428156,8308.933711,2216.270339,0.4101600456256719,1.5377152191380037,0.46862878090074617,1.1474927589272255,16.0,1,2,1,2,0.11,0.31,100,0.9,0.51875,1.0,5,2.0
U0000906,Synthetic_User_00906,2026-01-11 04:04:55+00:00,ANDROID,L1,0,2026-03-04 04:04:55+00:00,2026-02-25 04:04:55+00:00,612.0,3034.0,3,10,1,1636.463628,1299.884493,1757.449229,1.0739311274200836,0.7943253187904034,0.12373040735660455,0.2924485455257245,3.0,1,1,2,3,0.2,0.36,25,0.9,0.8333333333333334,0.6666666666666666,5,0.5
U0000907,Synthetic_User_00907,2026-02-05 20:22:34+00:00,IOS,L2,0,2026-03-29 20:22:34+00:00,2026-03-22 20:22:34+00:00,409.0,1675.0,4,10,1,2847.521409,863.908426,394.306283,0.13847350954192597,0.3033896157091193,0.7768629297635284,1.7925276166031476,4.0,1,1,1,3,0.08571428571428572,0.17142857142857143,35,0.9,0.5,1.0,5,1.0
U0000908,Synthetic_User_00908,2026-02-27 01:49:56+00:00,WEB,L1,0,2026-04-20 01:49:56+00:00,2026-04-13 01:49:56+00:00,647.0,4841.0,4,18,3,1825.088039,707.431703,1012.842943,0.554955663155272,0.3876151110976625,0.39910780254858236,0.945733710738821,4.0,2,1,1,2,0.2222222222222222,0.17777777777777778,45,0.8,0.525,1.0,5,1.0
U0000909,Synthetic_User_00909,2026-04-08 00:30:39+00:00,ANDROID,L2,0,2026-05-30 00:30:39+00:00,2026-05-23 00:30:39+00:00,624.0,167.0,13,19,6,2623.515073,2281.868395,1166.784111,0.4447407689812804,0.8697752181734845,0.307314561293375,0.7197088731730472,13.0,3,2,2,2,0.14285714285714285,0.2727272727272727,77,1.0,0.46923076923076923,1.0,5,1.0
U0000910,Synthetic_User_00910,2026-03-19 09:00:43+00:00,IOS,L2,0,2026-05-10 09:00:43+00:00,2026-05-03 09:00:43+00:00,563.0,1048.0,1,9,3,1606.586903,4432.546943,6484.41155,4.0361411747422915,2.7589836159644086,0.4790268299905661,1.1684769351076816,0.0,2,3,1,1,0.06451612903225806,0.22580645161290322,31,0.0,0.0,1.0,5,3.0
U0000911,Synthetic_User_00911,2026-04-11 13:46:38+00:00,IOS,L2,0,2026-06-02 13:46:38+00:00,2026-05-26 13:46:38+00:00,615.0,4928.0,7,18,5,6805.415517,4489.031176,7533.553455,1.1069938986357415,0.6596263174212291,0.2068312300419504,0.4851055218400457,4.0,1,2,1,2,0.16666666666666666,0.26666666666666666,60,1.0,0.4857142857142857,1.0,5,2.0
U0000912,Synthetic_User_00912,2026-02-14 12:14:34+00:00,IOS,L2,0,2026-04-07 12:14:34+00:00,2026-03-31 12:14:34+00:00,347.0,848.0,7,13,3,2897.39372,636.508862,1587.618236,0.5479470135663854,0.21968324760502347,0.5429241377606486,1.324343845320673,7.0,1,1,1,1,0.13725490196078433,0.19607843137254902,51,0.6,0.37142857142857144,0.8571428571428571,6,1.0
U0000913,Synthetic_User_00913,2026-02-19 04:34:11+00:00,H5,L1,0,2026-04-12 04:34:11+00:00,2026-04-05 04:34:11+00:00,166.0,674.0,8,19,7,8400.813902,7421.784799,7287.7772780000005,0.8675084775137065,0.8834602082106687,0.06440356418342813,0.14448531149100255,2.0,2,1,1,3,0.09210526315789473,0.2236842105263158,76,1.0,0.625,1.0,5,1.0
U0000914,Synthetic_User_00914,2026-02-17 02:24:01+00:00,H5,L2,0,2026-04-10 02:24:01+00:00,2026-04-03 02:24:01+00:00,213.0,929.0,7,28,3,5228.64337,2464.445828,3077.0345660000003,0.5884957814592737,0.4713356130081597,0.33017702737554167,0.7699626121028111,6.0,1,1,1,1,0.2077922077922078,0.2597402597402597,77,0.8,0.2857142857142857,1.0,4,1.0
U0000915,Synthetic_User_00915,2026-01-09 00:44:11+00:00,IOS,L2,0,2026-03-02 00:44:11+00:00,2026-02-23 00:44:11+00:00,573.0,3095.0,16,30,9,979.005331,706.964833,609.9862889999999,0.6230673824594322,0.7221256213976633,0.2040979308977005,0.4821768829950888,16.0,3,3,2,3,0.1188118811881188,0.2871287128712871,101,1.0,0.525,1.0,5,1.5
U0000916,Synthetic_User_00916,2026-03-25 15:47:43+00:00,IOS,L1,0,2026-05-16 15:47:43+00:00,2026-05-09 15:47:43+00:00,305.0,4980.0,4,11,5,5799.666438,1952.577215,1800.8539220000002,0.3105099131564918,0.3366706061242621,0.5810682238188789,1.25576415961605,1.0,3,1,1,1,0.19444444444444445,0.1388888888888889,36,1.0,0.925,1.0,6,1.0
U0000917,Synthetic_User_00917,2026-03-28 00:08:35+00:00,ANDROID,L2,0,2026-05-19 00:08:35+00:00,2026-05-12 00:08:35+00:00,235.0,2306.0,7,17,6,1478.217539,1043.598129,683.4453599999999,0.4623442368721617,0.7059841339089943,0.3041300896400559,0.7438759327778531,7.0,2,1,1,1,0.13793103448275862,0.3448275862068966,58,1.0,0.6714285714285715,1.0,5,1.0
U0000918,Synthetic_User_00918,2026-01-07 15:42:42+00:00,ANDROID,L2,1,2026-02-28 15:42:42+00:00,2026-02-21 15:42:42+00:00,23.0,710.0,22,46,16,10522.573258,9655.805352,7080.844855,0.6729195113577987,0.9176277622642329,0.16085870607164487,0.3787776721613959,22.0,3,2,2,3,0.125,0.19117647058823528,136,0.9,0.4772727272727273,0.9545454545454546,6,1.0
U0000919,Synthetic_User_00919,2026-03-14 16:21:04+00:00,ANDROID,L1,0,2026-05-05 16:21:04+00:00,2026-04-28 16:21:04+00:00,42.0,4972.0,9,21,5,2655.012114,768.391616,1563.091882,0.5887324859113617,0.28941171753915396,0.4652901046121899,1.1350378972317847,9.0,3,2,2,2,0.20967741935483872,0.16129032258064516,62,0.9,0.37777777777777777,1.0,6,1.0
U0000920,Synthetic_User_00920,2026-01-27 07:18:01+00:00,WEB,L2,0,2026-03-20 07:18:01+00:00,2026-03-13 07:18:01+00:00,485.0,2733.0,4,6,2,3672.938233,2479.215141,455.25583,0.12394867572498054,0.6749950540211005,0.6030090529862044,1.4609428462756973,2.0,2,2,1,1,0.09375,0.125,32,0.8,0.55,1.0,4,2.0
U0000921,Synthetic_User_00921,2026-01-24 08:36:46+00:00,ANDROID,L2,0,2026-03-17 08:36:46+00:00,2026-03-10 08:36:46+00:00,632.0,1547.0,6,10,3,1517.988865,1155.778511,1333.785588,0.8786530776034381,0.7613880033303142,0.11070019866305353,0.27114577692702957,6.0,1,1,1,1,0.2413793103448276,0.13793103448275862,29,1.0,0.6666666666666666,1.0,5,1.0
U0000922,Synthetic_User_00922,2026-03-19 17:11:16+00:00,ANDROID,L2,0,2026-05-10 17:11:16+00:00,2026-05-03 17:11:16+00:00,398.0,4619.0,2,13,2,11332.363007,14980.626443000001,1903.323092,0.16795465260196107,1.321933160254968,0.5858223099920511,1.39039819588769,0.0,1,2,1,1,0.10810810810810811,0.2702702702702703,37,0.5,0.45,1.0,4,2.0
U0000923,Synthetic_User_00923,2026-01-11 15:35:51+00:00,WEB,L2,0,2026-03-04 15:35:51+00:00,2026-02-25 15:35:51+00:00,356.0,1853.0,5,8,3,5305.488905,6182.709083,2584.608723,0.48715750221703646,1.1653420059314967,0.3265549452927683,0.767032568674637,3.0,2,1,1,2,0.15625,0.1875,32,0.9,0.48,0.6,6,1.0
U0000924,Synthetic_User_00924,2026-01-18 14:49:59+00:00,ANDROID,L1,0,2026-03-11 14:49:59+00:00,2026-03-04 14:49:59+00:00,376.0,1432.0,7,9,4,2886.142468,3661.960894,2320.979008,0.8041803319599675,1.2688080836624867,0.18593825399119496,0.45359209557098745,7.0,3,1,1,1,0.07692307692307693,0.34615384615384615,52,0.9,0.5714285714285714,1.0,4,1.0
U0000925,Synthetic_User_00925,2026-01-15 06:29:24+00:00,ANDROID,L2,0,2026-03-08 06:29:24+00:00,2026-03-01 06:29:24+00:00,555.0,4393.0,9,20,5,3739.9637079999998,2946.249195,2522.940907,0.6745896762589655,0.7877748088030377,0.1643342489796041,0.3964607908964873,9.0,3,3,1,1,0.11538461538461539,0.23076923076923078,78,0.8,0.35555555555555557,0.5555555555555556,6,3.0
U0000926,Synthetic_User_00926,2026-01-24 18:38:31+00:00,ANDROID,L2,0,2026-03-17 18:38:31+00:00,2026-03-10 18:38:31+00:00,456.0,2065.0,4,17,2,3050.23306,3243.524344,594.918284,0.19504027144732342,1.0633693492260554,0.5250316703324288,1.1534609175812311,3.0,1,2,2,3,0.19047619047619047,0.16666666666666666,42,0.8,0.525,1.0,6,1.0
U0000927,Synthetic_User_00927,2026-04-10 04:08:00+00:00,ANDROID,L2,0,2026-06-01 04:08:00+00:00,2026-05-25 04:08:00+00:00,186.0,1689.0,3,13,4,1985.018008,2113.268022,1994.510925,1.0047822825595243,1.0646089927059241,0.028730144277198486,0.06314834465052357,2.0,1,2,1,2,0.20454545454545456,0.20454545454545456,44,0.9,0.7333333333333334,1.0,5,2.0
U0000928,Synthetic_User_00928,2026-01-19 17:34:32+00:00,WEB,L2,0,2026-03-12 17:34:32+00:00,2026-03-05 17:34:32+00:00,539.0,1706.0,5,9,3,5295.082512999999,4890.570828,3941.5770860000002,0.7443844503504908,0.923606160242663,0.12046390249269673,0.2874247929898226,3.0,1,2,1,3,0.020833333333333332,0.1875,48,0.9,0.6599999999999999,0.8,6,2.0
U0000929,Synthetic_User_00929,2026-01-05 13:55:45+00:00,WEB,L2,0,2026-02-26 13:55:45+00:00,2026-02-19 13:55:45+00:00,373.0,364.0,3,15,4,3646.28791,7540.083670999999,1791.436571,0.49130420175734285,2.067879404234977,0.5537705695907446,1.3288793529701115,0.0,2,2,2,1,0.1111111111111111,0.2222222222222222,36,0.8,0.5333333333333333,1.0,5,1.0
U0000930,Synthetic_User_00930,2026-03-19 05:34:47+00:00,H5,L2,0,2026-05-10 05:34:47+00:00,2026-05-03 05:34:47+00:00,608.0,2299.0,14,21,9,2092.354905,814.640413,1150.142206,0.5496879153969341,0.3893414119436874,0.3999409267883792,0.9447901268628526,14.0,2,1,2,2,0.11224489795918367,0.25510204081632654,98,1.0,0.5642857142857143,0.9285714285714286,4,0.5
U0000931,Synthetic_User_00931,2026-03-02 00:28:59+00:00,IOS,L2,0,2026-04-23 00:28:59+00:00,2026-04-16 00:28:59+00:00,406.0,1004.0,6,24,10,1845.156381,884.698172,661.737237,0.35863477145572087,0.47947056472282823,0.45416672889445364,1.04678205745981,6.0,3,3,2,1,0.10714285714285714,0.21428571428571427,84,0.8,0.3833333333333333,1.0,6,1.5
U0000932,Synthetic_User_00932,2026-03-25 04:56:27+00:00,ANDROID,L2,0,2026-05-16 04:56:27+00:00,2026-05-09 04:56:27+00:00,357.0,3763.0,6,9,4,1539.5021470000002,2393.807039,1246.516502,0.8096880569014236,1.5549228324655266,0.281886105400681,0.6644763392277303,6.0,1,1,2,3,0.16129032258064516,0.3225806451612903,31,1.0,0.4666666666666666,1.0,5,0.5
U0000933,Synthetic_User_00933,2026-02-24 01:50:46+00:00,ANDROID,L2,0,2026-04-17 01:50:46+00:00,2026-04-10 01:50:46+00:00,532.0,2784.0,3,10,10,3851.615765,3743.251158,2682.87077,0.6965572200580086,0.9718651564403907,0.1539061749082861,0.3411485182568961,1.0,2,2,1,1,0.175,0.325,40,1.0,0.6333333333333333,1.0,5,2.0
U0000934,Synthetic_User_00934,2026-01-27 20:01:22+00:00,ANDROID,L1,0,2026-03-20 20:01:22+00:00,2026-03-13 20:01:22+00:00,31.0,3224.0,11,23,5,1452.190941,1981.426681,916.558457,0.6311556084827552,1.36443949969524,0.2998038966612149,0.7343621531600996,11.0,1,2,1,1,0.11428571428571428,0.22857142857142856,105,1.0,0.5,0.9090909090909091,5,2.0
U0000935,Synthetic_User_00935,2026-04-21 21:48:31+00:00,H5,L2,0,2026-06-12 21:48:31+00:00,2026-06-05 21:48:31+00:00,616.0,3013.0,11,22,8,6980.096851,9292.208848,3661.4393840000002,0.524554237879299,1.3312435409357903,0.34779648204256136,0.8474227156845797,10.0,1,3,2,2,0.15853658536585366,0.1951219512195122,82,1.0,0.509090909090909,1.0,6,1.5
U0000936,Synthetic_User_00936,2026-04-18 23:27:44+00:00,IOS,L1,0,2026-06-09 23:27:44+00:00,2026-06-02 23:27:44+00:00,172.0,1241.0,3,12,3,3647.261832,2292.098448,2027.576143,0.5559173529058552,0.628443625266989,0.26714632037417974,0.6099028295207973,0.0,1,1,1,1,0.12195121951219512,0.24390243902439024,41,0.9,0.4666666666666666,0.6666666666666666,4,1.0
U0000937,Synthetic_User_00937,2026-04-18 23:03:09+00:00,IOS,L2,0,2026-06-09 23:03:09+00:00,2026-06-02 23:03:09+00:00,319.0,316.0,7,15,2,4459.960811,3643.638397,2669.158038,0.5984711864321357,0.8169664603360122,0.20385921795598547,0.4987031821398196,6.0,1,1,2,3,0.14583333333333334,0.4166666666666667,48,1.0,0.7285714285714286,1.0,5,0.5
U0000938,Synthetic_User_00938,2026-01-23 17:00:26+00:00,IOS,L2,0,2026-03-16 17:00:26+00:00,2026-03-09 17:00:26+00:00,341.0,671.0,10,36,6,3057.072299,2688.374433,2571.766596,0.8412514799997538,0.8793951107664006,0.07460788755904615,0.17504866733412228,10.0,2,2,2,1,0.13934426229508196,0.2540983606557377,122,1.0,0.54,1.0,6,1.0
U0000939,Synthetic_User_00939,2026-01-13 17:41:58+00:00,WEB,L2,0,2026-03-06 17:41:58+00:00,2026-02-27 17:41:58+00:00,167.0,3241.0,8,15,6,7403.862066,4858.730088,3161.233787,0.4269709185314258,0.6562426534541007,0.3391241125934969,0.8252093148410355,5.0,2,2,1,2,0.16363636363636364,0.2,55,1.0,0.3375,1.0,5,2.0
U0000940,Synthetic_User_00940,2026-03-31 21:59:57+00:00,ANDROID,L2,0,2026-05-22 21:59:57+00:00,2026-05-15 21:59:57+00:00,524.0,1287.0,6,12,6,2690.324936,1205.308118,1575.2929,0.5855400137435294,0.44801581469637014,0.3461079793797866,0.8143137910215628,6.0,2,2,1,1,0.13636363636363635,0.20454545454545456,44,0.8,0.48333333333333334,1.0,6,2.0
U0000941,Synthetic_User_00941,2026-01-19 11:22:28+00:00,IOS,L2,0,2026-03-12 11:22:28+00:00,2026-03-05 11:22:28+00:00,193.0,2682.0,6,17,3,1521.463295,356.364038,695.365051,0.45703702040343996,0.2342245384237153,0.5704700729467218,1.3583507369031604,6.0,1,2,2,3,0.08695652173913043,0.2608695652173913,46,0.7,0.3333333333333333,1.0,5,1.0
U0000942,Synthetic_User_00942,2026-03-25 03:33:33+00:00,ANDROID,L2,0,2026-05-16 03:33:33+00:00,2026-05-09 03:33:33+00:00,145.0,3775.0,4,8,6,1006.979619,803.7003530000001,878.071287,0.8719851627900723,0.798129711699756,0.09369934256243591,0.2268107903097033,4.0,2,2,2,1,0.14705882352941177,0.29411764705882354,34,1.0,0.4,1.0,4,1.0
U0000943,Synthetic_User_00943,2026-02-04 04:02:00+00:00,WEB,L2,0,2026-03-28 04:02:00+00:00,2026-03-21 04:02:00+00:00,246.0,1063.0,6,11,3,6757.538189,9921.188428,5848.810963,0.8655239229754947,1.4681660910403476,0.23243949045723133,0.5423199207465266,3.0,1,1,1,1,0.11904761904761904,0.2619047619047619,42,1.0,0.6666666666666666,1.0,4,1.0
U0000944,Synthetic_User_00944,2026-02-23 05:04:44+00:00,IOS,L2,0,2026-04-16 05:04:44+00:00,2026-04-09 05:04:44+00:00,432.0,2226.0,3,5,2,2869.7846630000004,2363.6675619999996,971.012361,0.33835722014937814,0.8236393456535799,0.38819179100664053,0.9180996727507151,2.0,2,1,2,3,0.11538461538461539,0.46153846153846156,26,0.6,0.3,0.6666666666666666,3,0.5
U0000945,Synthetic_User_00945,2026-03-03 04:26:27+00:00,WEB,L2,0,2026-04-24 04:26:27+00:00,2026-04-17 04:26:27+00:00,164.0,2645.0,3,10,3,9495.845037,8420.291635,11072.080576,1.1659921294901394,0.8867343140279597,0.11270111708875621,0.27443449712482304,0.0,1,2,1,1,0.06666666666666667,0.36666666666666664,30,0.8,0.46666666666666673,1.0,4,2.0
U0000946,Synthetic_User_00946,2026-03-02 08:24:54+00:00,IOS,L2,0,2026-04-23 08:24:54+00:00,2026-04-16 08:24:54+00:00,52.0,2731.0,5,10,3,7753.486569,7929.276274,10800.552878,1.3929930466614575,1.0226723427500142,0.15822923836153582,0.3451682192404431,1.0,1,1,2,3,0.022727272727272728,0.20454545454545456,44,0.6,0.32,1.0,5,0.5
U0000947,Synthetic_User_00947,2026-03-13 14:40:26+00:00,ANDROID,L2,0,2026-05-04 14:40:26+00:00,2026-04-27 14:40:26+00:00,29.0,3412.0,6,8,4,11882.810274,10297.422251,8450.757313,0.7111749761325862,0.8665813905596992,0.13735917380731524,0.3361353628287537,0.0,2,1,2,2,0.12195121951219512,0.2926829268292683,41,1.0,0.48333333333333334,0.8333333333333334,5,0.5
U0000948,Synthetic_User_00948,2026-02-21 14:00:42+00:00,ANDROID,L2,0,2026-04-14 14:00:42+00:00,2026-04-07 14:00:42+00:00,221.0,1841.0,9,12,8,11422.257946,10450.359435,8803.768535,0.7707555350807869,0.9149118750780486,0.10569280055189974,0.2560754143108754,3.0,2,2,1,3,0.057971014492753624,0.21739130434782608,69,0.9,0.35555555555555557,0.8888888888888888,5,2.0
U0000949,Synthetic_User_00949,2026-04-14 09:10:13+00:00,ANDROID,L2,0,2026-06-05 09:10:13+00:00,2026-05-29 09:10:13+00:00,541.0,3043.0,7,17,4,7880.555101,8123.587915,5960.605283,0.756368708372286,1.0308395551944254,0.13213775358361654,0.29542555223796607,5.0,2,3,1,3,0.12244897959183673,0.20408163265306123,49,1.0,0.38571428571428573,1.0,6,3.0
U0000950,Synthetic_User_00950,2026-01-27 22:04:13+00:00,IOS,L2,0,2026-03-20 22:04:13+00:00,2026-03-13 22:04:13+00:00,111.0,3059.0,9,23,5,3644.44085,4203.137073,1801.7389979999998,0.4943800907071931,1.1533009440940714,0.3189917022345148,0.7466014728277158,9.0,1,2,1,1,0.16666666666666666,0.2777777777777778,72,1.0,0.36666666666666664,0.8888888888888888,5,2.0
U0000951,Synthetic_User_00951,2026-02-07 03:21:19+00:00,ANDROID,L2,0,2026-03-31 03:21:19+00:00,2026-03-24 03:21:19+00:00,610.0,4918.0,15,26,13,2960.416409,1711.55253,1755.725185,0.5930669684380877,0.5781458732618449,0.2700453253533029,0.582882689300789,15.0,2,1,1,1,0.14705882352941177,0.27450980392156865,102,0.8,0.44666666666666666,1.0,5,1.0
U0000952,Synthetic_User_00952,2026-04-29 12:44:06+00:00,ANDROID,L2,0,2026-06-20 12:44:06+00:00,2026-06-13 12:44:06+00:00,292.0,3703.0,9,19,10,4200.576014,2392.097896,1953.529243,0.4650622287250912,0.5694690175888816,0.34138665724131473,0.7887877449570851,9.0,1,3,2,1,0.0898876404494382,0.23595505617977527,89,0.8,0.37777777777777777,0.8888888888888888,6,1.5
U0000953,Synthetic_User_00953,2026-01-21 07:01:52+00:00,IOS,L2,0,2026-03-14 07:01:52+00:00,2026-03-07 07:01:52+00:00,117.0,4314.0,6,21,7,7333.663878,4252.98657,9230.429581,1.258638210661664,0.5799265743223363,0.29558951704985137,0.7173114102553273,2.0,1,2,2,1,0.10294117647058823,0.22058823529411764,68,0.8,0.43333333333333335,1.0,5,1.0
U0000954,Synthetic_User_00954,2026-02-09 02:42:05+00:00,WEB,L2,0,2026-04-02 02:42:05+00:00,2026-03-26 02:42:05+00:00,539.0,2602.0,4,11,2,1028.760849,878.006078,436.86141399999997,0.42464817204566846,0.8534598481789619,0.3214868909249639,0.7576706058445809,4.0,1,1,1,1,0.125,0.375,32,0.8,0.275,1.0,4,1.0
U0000955,Synthetic_User_00955,2026-03-21 14:13:15+00:00,IOS,L2,0,2026-05-12 14:13:15+00:00,2026-05-05 14:13:15+00:00,92.0,134.0,8,26,1,3179.087583,2311.61456,618.584977,0.1945794070939882,0.7271314487720422,0.5221284525888412,1.2573492892244356,8.0,1,1,2,1,0.18309859154929578,0.22535211267605634,71,0.9,0.3,1.0,6,0.5
U0000956,Synthetic_User_00956,2026-02-07 01:44:14+00:00,ANDROID,L1,0,2026-03-31 01:44:14+00:00,2026-03-24 01:44:14+00:00,300.0,4736.0,10,39,12,4649.357098,5660.656247,3903.011664,0.8394734114269146,1.2175137610821563,0.15202981368381216,0.3709930676728608,10.0,1,3,1,3,0.1791044776119403,0.291044776119403,134,1.0,0.74,1.0,6,3.0
U0000957,Synthetic_User_00957,2026-03-18 01:33:21+00:00,ANDROID,L2,0,2026-05-09 01:33:21+00:00,2026-05-02 01:33:21+00:00,478.0,4351.0,7,15,2,2956.743529,3622.563029,167.72168299999998,0.05672513742060176,1.225186761540047,0.6654416459376612,1.5361613539746855,6.0,1,2,2,3,0.13333333333333333,0.3333333333333333,45,0.7,0.3,0.8571428571428571,4,1.0
U0000958,Synthetic_User_00958,2026-04-22 10:11:00+00:00,ANDROID,L1,0,2026-06-13 10:11:00+00:00,2026-06-06 10:11:00+00:00,567.0,302.0,8,11,3,5955.002914000001,4920.988819,5416.386877,0.909552347030136,0.8263621177129787,0.07775243606675554,0.19039836719090344,6.0,1,1,2,1,0.08823529411764706,0.20588235294117646,34,1.0,0.5625,1.0,4,0.5
U0000959,Synthetic_User_00959,2026-04-07 07:33:33+00:00,ANDROID,L1,0,2026-05-29 07:33:33+00:00,2026-05-22 07:33:33+00:00,617.0,947.0,3,6,5,3070.685588,5815.145103,9248.328549,3.0118122757802843,1.8937611606102345,0.4180890652953523,1.0219899713972072,1.0,3,3,1,2,0.125,0.25,32,0.7,0.4333333333333333,0.6666666666666666,4,3.0
U0000960,Synthetic_User_00960,2026-02-24 00:58:31+00:00,H5,L2,0,2026-04-17 00:58:31+00:00,2026-04-10 00:58:31+00:00,392.0,1566.0,12,31,7,1996.451088,1642.753886,509.237605,0.25507141550366896,0.8228370311068698,0.4587489037432095,1.0754976992053478,12.0,2,1,1,1,0.15789473684210525,0.2543859649122807,114,1.0,0.44166666666666665,1.0,6,1.0
U0000961,Synthetic_User_00961,2026-03-19 19:51:22+00:00,IOS,L2,0,2026-05-10 19:51:22+00:00,2026-05-03 19:51:22+00:00,576.0,3072.0,7,15,3,2762.939784,848.9591399999999,1281.307573,0.46374791822100747,0.3072666096149709,0.5024835972909556,1.173451791891545,7.0,1,2,1,1,0.19298245614035087,0.2807017543859649,57,1.0,0.6142857142857142,1.0,5,2.0
U0000962,Synthetic_User_00962,2026-04-23 09:50:08+00:00,ANDROID,L2,0,2026-06-14 09:50:08+00:00,2026-06-07 09:50:08+00:00,53.0,1154.0,2,13,4,2269.3994839999996,3182.198965,2183.425724,0.9621160749325351,1.4022207140856124,0.17757390943812223,0.3924440388277995,0.0,1,2,2,2,0.09615384615384616,0.23076923076923078,52,0.8,0.6000000000000001,1.0,5,1.0
U0000963,Synthetic_User_00963,2026-04-11 04:32:20+00:00,WEB,L2,0,2026-06-02 04:32:20+00:00,2026-05-26 04:32:20+00:00,75.0,1279.0,3,11,6,1155.176401,990.17656,352.950557,0.3055382335498386,0.8571648097579169,0.4153670575476076,0.9633247180177087,3.0,2,1,2,2,0.10869565217391304,0.43478260869565216,46,0.9,0.6666666666666666,1.0,4,0.5
U0000964,Synthetic_User_00964,2026-03-30 23:52:00+00:00,IOS,L2,0,2026-05-21 23:52:00+00:00,2026-05-14 23:52:00+00:00,568.0,970.0,3,5,3,6810.846378,5126.152705,1651.383427,0.24246376079398924,0.7526454746590968,0.47426937563906757,1.1390898689825004,0.0,2,2,1,1,0.12,0.32,25,0.7,0.4333333333333333,1.0,3,2.0
U0000965,Synthetic_User_00965,2026-03-15 02:39:04+00:00,WEB,L2,0,2026-05-06 02:39:04+00:00,2026-04-29 02:39:04+00:00,398.0,4934.0,8,23,10,3283.434836,3828.525483,2744.8297469999998,0.8359629120411756,1.1660123237481543,0.1346542544539491,0.32983224622124163,8.0,1,1,1,1,0.1746031746031746,0.30158730158730157,63,1.0,0.4875,1.0,5,1.0
U0000966,Synthetic_User_00966,2026-01-03 02:56:29+00:00,WEB,L1,0,2026-02-24 02:56:29+00:00,2026-02-17 02:56:29+00:00,541.0,1013.0,2,6,2,15116.961081,12084.510629,1962.1358100000002,0.12979697437113488,0.7994007898974229,0.5785732197247707,1.353209673595278,0.0,2,2,1,3,0.13793103448275862,0.3448275862068966,29,0.2,0.15000000000000002,1.0,3,2.0
U0000967,Synthetic_User_00967,2026-02-17 11:17:23+00:00,WEB,L2,0,2026-04-10 11:17:23+00:00,2026-04-03 11:17:23+00:00,620.0,1830.0,6,13,5,5733.229805999999,5403.60331,3041.731785,0.5305441937486503,0.9425059683365501,0.25362263922963335,0.5694859895468344,5.0,2,2,1,3,0.1111111111111111,0.25925925925925924,54,0.8,0.5666666666666667,1.0,4,2.0
U0000968,Synthetic_User_00968,2026-02-16 10:54:03+00:00,ANDROID,L2,0,2026-04-09 10:54:03+00:00,2026-04-02 10:54:03+00:00,662.0,2734.0,4,13,3,2636.579694,2113.082381,1916.977868,0.7270699506494795,0.8014483255744896,0.13668447931839914,0.32382211975715813,4.0,1,1,2,1,0.15384615384615385,0.28205128205128205,39,0.8,0.425,1.0,5,0.5
U0000969,Synthetic_User_00969,2026-01-07 12:45:57+00:00,IOS,L2,0,2026-02-28 12:45:57+00:00,2026-02-21 12:45:57+00:00,262.0,4224.0,9,22,7,3515.558781,3014.617278,2214.839695,0.6300107132243681,0.8575072885404842,0.18376209315393868,0.44621500609820397,9.0,2,3,1,3,0.1267605633802817,0.2535211267605634,71,1.0,0.4555555555555555,1.0,5,3.0
U0000970,Synthetic_User_00970,2026-01-17 23:56:32+00:00,IOS,L2,0,2026-03-10 23:56:32+00:00,2026-03-03 23:56:32+00:00,298.0,4275.0,8,22,11,3796.986406,1672.681371,476.317585,0.1254462181500894,0.44052866988326,0.6928310087160592,1.6754172532387748,8.0,2,1,2,3,0.11702127659574468,0.18085106382978725,94,1.0,0.6125,0.875,6,0.5
U0000971,Synthetic_User_00971,2026-03-07 02:15:09+00:00,H5,L2,0,2026-04-28 02:15:09+00:00,2026-04-21 02:15:09+00:00,122.0,23.0,9,24,4,13397.33232,11025.871434,7932.972778,0.5921307756289201,0.82299006777194,0.20743676842456307,0.5066444921199936,4.0,2,2,1,1,0.11688311688311688,0.3116883116883117,77,0.8,0.2777777777777778,0.8888888888888888,6,2.0
U0000972,Synthetic_User_00972,2026-01-27 09:05:20+00:00,ANDROID,L2,0,2026-03-20 09:05:20+00:00,2026-03-13 09:05:20+00:00,605.0,3216.0,4,8,3,6394.69154,1856.5812290000001,222.493521,0.03479347199286488,0.29033163169587384,0.9244187129155291,2.185166952132214,0.0,2,2,1,3,0.125,0.34375,32,0.9,0.275,0.75,4,2.0
U0000973,Synthetic_User_00973,2026-03-11 06:54:17+00:00,IOS,L1,0,2026-05-02 06:54:17+00:00,2026-04-25 06:54:17+00:00,375.0,4647.0,6,36,11,3814.0327960000004,4102.254815,3443.667446,0.902894031118866,1.0755688360368256,0.07118779422136685,0.17392340877110574,6.0,1,3,2,1,0.22115384615384615,0.2403846153846154,104,0.8,0.3666666666666667,0.8333333333333334,5,1.5
U0000974,Synthetic_User_00974,2026-03-26 12:28:07+00:00,WEB,L2,0,2026-05-17 12:28:07+00:00,2026-05-10 12:28:07+00:00,266.0,2374.0,1,13,4,1112.068544,4142.559059,4451.408323,4.0028183037969285,3.7250932789624884,0.46569018008059065,1.0321432367836467,0.0,2,2,1,3,0.10416666666666667,0.25,48,0.4,0.4,1.0,5,2.0
U0000975,Synthetic_User_00975,2026-03-28 19:15:25+00:00,IOS,L2,0,2026-05-19 19:15:25+00:00,2026-05-12 19:15:25+00:00,330.0,4839.0,12,18,3,22219.963384,9355.929596,5127.636538,0.23076710115968388,0.4210596315715333,0.5941166909239262,1.3970585720605684,0.0,3,2,1,2,0.18032786885245902,0.18032786885245902,61,1.0,0.47500000000000003,1.0,6,2.0
U0000976,Synthetic_User_00976,2026-03-28 20:20:02+00:00,IOS,L2,0,2026-05-19 20:20:02+00:00,2026-05-12 20:20:02+00:00,176.0,175.0,7,10,1,1301.943452,296.054887,316.758868,0.24329694773871025,0.22739458195761947,0.735408985326841,1.5760043539556707,7.0,1,1,2,3,0.08571428571428572,0.3142857142857143,35,0.9,0.5714285714285714,1.0,5,0.5
U0000977,Synthetic_User_00977,2026-02-23 23:44:11+00:00,IOS,L1,0,2026-04-16 23:44:11+00:00,2026-04-09 23:44:11+00:00,315.0,1232.0,5,11,3,1709.979501,2405.4676289999998,3476.7438070000003,2.0332078863909144,1.4067230791908771,0.28714899807817995,0.6981242913912244,5.0,2,3,1,2,0.06521739130434782,0.2391304347826087,46,0.8,0.5599999999999999,1.0,4,3.0
U0000978,Synthetic_User_00978,2026-03-17 02:38:00+00:00,ANDROID,L2,0,2026-05-08 02:38:00+00:00,2026-05-01 02:38:00+00:00,503.0,3020.0,5,8,3,10121.30444,10291.351874,7667.230487000001,0.7575338270330697,1.0168009405317324,0.1280938523706865,0.280355979238479,0.0,2,1,1,2,0.06896551724137931,0.27586206896551724,29,1.0,0.6,1.0,3,1.0
U0000979,Synthetic_User_00979,2026-01-04 01:03:08+00:00,ANDROID,L2,0,2026-02-25 01:03:08+00:00,2026-02-18 01:03:08+00:00,193.0,1252.0,3,12,4,7719.023735000001,8081.0377659999995,1036.080345,0.13422427246882926,1.0468989399991784,0.5771638311628724,1.2553275243414102,0.0,1,3,1,2,0.10869565217391304,0.2826086956521739,46,0.8,0.7666666666666666,1.0,3,3.0
U0000980,Synthetic_User_00980,2026-03-16 10:39:10+00:00,IOS,L1,0,2026-05-07 10:39:10+00:00,2026-04-30 10:39:10+00:00,555.0,4646.0,6,14,4,5357.182631,7995.900614,3444.055913,0.6428856640187223,1.4925570331932931,0.33329535151771406,0.8129678497362606,4.0,1,3,2,2,0.09090909090909091,0.16363636363636364,55,0.6,0.3666666666666667,1.0,4,1.5
U0000981,Synthetic_User_00981,2026-02-13 00:33:22+00:00,IOS,L1,0,2026-04-06 00:33:22+00:00,2026-03-30 00:33:22+00:00,153.0,1159.0,9,18,4,5044.225261,6976.275204,1208.2942269999999,0.23954010070526863,1.383022137797426,0.5436200892296829,1.3080513632481128,8.0,1,2,2,3,0.15789473684210525,0.38596491228070173,57,1.0,0.5555555555555556,0.8888888888888888,5,1.0
U0000982,Synthetic_User_00982,2026-03-16 15:06:12+00:00,WEB,L2,0,2026-05-07 15:06:12+00:00,2026-04-30 15:06:12+00:00,414.0,1558.0,4,10,2,2575.37097,702.227333,406.829386,0.1579692365640046,0.27267036134992234,0.7818613627824693,1.7657083544949987,3.0,1,1,1,1,0.08333333333333333,0.16666666666666666,36,1.0,0.42500000000000004,1.0,4,1.0
U0000983,Synthetic_User_00983,2026-02-21 01:41:44+00:00,ANDROID,L2,0,2026-04-14 01:41:44+00:00,2026-04-07 01:41:44+00:00,293.0,2948.0,8,23,9,2942.156008,2184.729185,2099.005452,0.7134242529262914,0.7425606184918526,0.1573008003456574,0.3500539645933156,8.0,3,2,2,2,0.12,0.30666666666666664,75,0.8,0.5625,1.0,4,1.0
U0000984,Synthetic_User_00984,2026-03-13 07:03:21+00:00,IOS,L1,0,2026-05-04 07:03:21+00:00,2026-04-27 07:03:21+00:00,361.0,3088.0,11,15,7,1803.629574,821.073113,1583.1291119999999,0.8777462594434038,0.45523378238862255,0.30011675959776646,0.70051977450727,11.0,3,1,1,2,0.1038961038961039,0.23376623376623376,77,0.7,0.34545454545454546,0.9090909090909091,5,1.0
U0000985,Synthetic_User_00985,2026-03-31 15:02:39+00:00,ANDROID,L2,0,2026-05-22 15:02:39+00:00,2026-05-15 15:02:39+00:00,256.0,4610.0,3,13,4,1432.44229,2908.732588,180.196828,0.12579691988847944,2.030610662856093,0.7399332551550106,1.8104256434253005,3.0,1,2,1,3,0.13043478260869565,0.1956521739130435,46,0.9,0.6666666666666666,1.0,6,2.0
U0000986,Synthetic_User_00986,2026-01-26 06:17:49+00:00,IOS,L2,0,2026-03-19 06:17:49+00:00,2026-03-12 06:17:49+00:00,312.0,4587.0,6,18,6,2174.843501,2018.655595,1731.018876,0.7959280174431274,0.928184301110317,0.09308125205532129,0.22473961279089852,6.0,2,2,1,2,0.15714285714285714,0.2571428571428571,70,1.0,0.35000000000000003,1.0,6,2.0
U0000987,Synthetic_User_00987,2026-03-07 20:31:52+00:00,WEB,L2,0,2026-04-28 20:31:52+00:00,2026-04-21 20:31:52+00:00,599.0,3252.0,2,4,2,1290.231986,642.674087,366.227361,0.283846133853327,0.49810738996824094,0.5052757715892858,1.205677684473184,1.0,2,2,1,2,0.10526315789473684,0.2631578947368421,19,0.5,0.5,1.0,4,2.0
U0000988,Synthetic_User_00988,2026-03-12 07:56:58+00:00,IOS,L1,0,2026-05-03 07:56:58+00:00,2026-04-26 07:56:58+00:00,196.0,4767.0,3,8,1,2356.367565,3754.468867,955.497652,0.40549601267321805,1.5933290386298455,0.48512087866269227,1.1882984225176636,3.0,1,1,1,3,0.15384615384615385,0.38461538461538464,26,1.0,0.7333333333333334,1.0,5,1.0
U0000989,Synthetic_User_00989,2026-04-16 03:21:54+00:00,IOS,L1,0,2026-06-07 03:21:54+00:00,2026-05-31 03:21:54+00:00,122.0,2848.0,1,11,4,240.97101,535.704087,123.753397,0.513561349143202,2.2231059536995756,0.577407699536175,1.3725155059342222,1.0,2,2,1,1,0.14285714285714285,0.37142857142857144,35,0.9,0.9,1.0,3,2.0
U0000990,Synthetic_User_00990,2026-04-11 21:07:52+00:00,ANDROID,L2,0,2026-06-02 21:07:52+00:00,2026-05-26 21:07:52+00:00,231.0,1036.0,7,22,7,865.323368,374.744733,922.755758,1.0663710147256766,0.43306900848654767,0.3411071464017744,0.7601326701473197,7.0,1,3,1,3,0.19047619047619047,0.20634920634920634,63,0.9,0.5571428571428572,0.8571428571428571,4,3.0
U0000991,Synthetic_User_00991,2026-04-10 17:48:03+00:00,IOS,L1,0,2026-06-01 17:48:03+00:00,2026-05-25 17:48:03+00:00,482.0,2430.0,3,10,2,29334.292147,23105.164872,6118.059779,0.20856340246225066,0.78765032938976,0.5026501838167804,1.189406602473601,0.0,1,1,1,3,0.14285714285714285,0.2571428571428571,35,0.7,0.43333333333333335,1.0,5,1.0
U0000992,Synthetic_User_00992,2026-02-23 17:48:46+00:00,ANDROID,L1,0,2026-04-16 17:48:46+00:00,2026-04-09 17:48:46+00:00,336.0,4598.0,12,31,8,1230.598088,1664.255749,427.372348,0.34728832440701796,1.352395851439028,0.4627142489969303,1.1169167890355427,12.0,1,3,1,3,0.12096774193548387,0.24193548387096775,124,0.9,0.4916666666666667,1.0,6,3.0
U0000993,Synthetic_User_00993,2026-01-24 11:33:39+00:00,ANDROID,L1,0,2026-03-17 11:33:39+00:00,2026-03-10 11:33:39+00:00,233.0,3921.0,5,9,5,1711.516637,1324.704391,608.555234,0.35556489539400254,0.7739944575251009,0.37609235218391573,0.9078428883270638,5.0,2,1,2,2,0.09523809523809523,0.21428571428571427,42,0.8,0.52,1.0,6,0.5
U0000994,Synthetic_User_00994,2026-01-22 13:55:14+00:00,ANDROID,L2,0,2026-03-15 13:55:14+00:00,2026-03-08 13:55:14+00:00,57.0,3825.0,7,16,5,12563.164613,7806.632847999999,5189.925445,0.413106538429785,0.6213906359168391,0.3582285454725359,0.8654130400923682,0.0,2,3,2,3,0.125,0.1875,48,0.9,0.6714285714285715,1.0,5,1.5
U0000995,Synthetic_User_00995,2026-01-05 05:40:50+00:00,ANDROID,L2,0,2026-02-26 05:40:50+00:00,2026-02-19 05:40:50+00:00,315.0,2700.0,4,9,3,8014.0012910000005,6881.293676,6964.1194399999995,0.868994050178273,0.8586589178277186,0.0707545937052186,0.15545351681112857,1.0,2,1,1,1,0.06382978723404255,0.2765957446808511,47,0.9,0.3,1.0,6,1.0
U0000996,Synthetic_User_00996,2026-02-01 10:51:43+00:00,IOS,L2,0,2026-03-25 10:51:43+00:00,2026-03-18 10:51:43+00:00,353.0,2276.0,6,12,2,14319.562334999999,4806.758261999999,4395.8726130000005,0.3069837268877674,0.33567773578185967,0.5846770468880457,1.2656587291929655,1.0,1,1,2,2,0.2,0.25,40,1.0,0.6,1.0,4,0.5
U0000997,Synthetic_User_00997,2026-01-24 00:35:21+00:00,ANDROID,L2,0,2026-03-17 00:35:21+00:00,2026-03-10 00:35:21+00:00,124.0,4990.0,10,20,4,2502.666219,2594.985544,1018.976319,0.40715630045430357,1.0368883889905576,0.3541962087306145,0.7729794278180212,10.0,2,3,1,3,0.14492753623188406,0.2318840579710145,69,1.0,0.47000000000000003,1.0,6,3.0
U0000998,Synthetic_User_00998,2026-03-13 11:15:36+00:00,IOS,L2,0,2026-05-04 11:15:36+00:00,2026-04-27 11:15:36+00:00,452.0,4155.0,4,6,4,3499.008396,1883.4791429999998,3055.315315,0.8731946223658046,0.5382894036931026,0.24230293802083672,0.574389784030382,2.0,2,1,1,2,0.05714285714285714,0.22857142857142856,35,0.6,0.3,1.0,4,1.0
U0000999,Synthetic_User_00999,2026-04-03 13:33:55+00:00,ANDROID,L2,0,2026-05-25 13:33:55+00:00,2026-05-18 13:33:55+00:00,373.0,449.0,11,16,7,7913.22482,2718.899913,7565.0003639999995,0.9559946211663426,0.34358936777939286,0.39085575843417003,0.8563426715997589,10.0,3,3,2,1,0.0759493670886076,0.3037974683544304,79,0.9,0.4818181818181818,0.9090909090909091,6,1.5
U0001000,Synthetic_User_01000,2026-01-17 23:52:12+00:00,ANDROID,L1,0,2026-03-10 23:52:12+00:00,2026-03-03 23:52:12+00:00,343.0,361.0,5,14,5,17662.681477000002,4451.840198,6876.155842,0.38930418639740494,0.2520478107357085,0.5942087257144242,1.367078220705938,0.0,2,3,2,1,0.13043478260869565,0.21739130434782608,46,0.6,0.4,1.0,6,1.5
U0001001,Synthetic_User_01001,2026-01-31 16:19:41+00:00,IOS,L2,0,2026-03-24 16:19:41+00:00,2026-03-17 16:19:41+00:00,434.0,3518.0,5,14,5,2796.744247,3325.94048,4143.237906,1.4814504080751578,1.1892186722356384,0.16186040989571868,0.3934844554560555,4.0,2,3,2,3,0.13333333333333333,0.13333333333333333,45,0.8,0.42000000000000004,1.0,5,1.5
U0001002,Synthetic_User_01002,2026-03-09 07:08:27+00:00,H5,L2,0,2026-04-30 07:08:27+00:00,2026-04-23 07:08:27+00:00,35.0,1883.0,2,12,2,2033.39066,3178.133143,257.554111,0.1266623851808191,1.5629722342680574,0.6591043688868401,1.6020501506426335,0.0,2,2,2,2,0.11764705882352941,0.2647058823529412,34,1.0,0.85,1.0,5,1.0
U0001003,Synthetic_User_01003,2026-02-25 02:39:47+00:00,H5,L2,0,2026-04-18 02:39:47+00:00,2026-04-11 02:39:47+00:00,26.0,640.0,4,18,1,9956.08396,2204.58898,3258.451807,0.3272824757295438,0.22143133674417104,0.6678900714687056,1.508158557736844,0.0,1,1,1,2,0.19642857142857142,0.26785714285714285,56,0.9,0.525,1.0,5,1.0
U0001004,Synthetic_User_01004,2026-04-01 02:43:49+00:00,IOS,L2,0,2026-05-23 02:43:49+00:00,2026-05-16 02:43:49+00:00,270.0,1474.0,14,21,6,8268.151245000001,1793.359528,3334.562403,0.40330205679492254,0.21689970041180587,0.6184526930988473,1.450005154182057,13.0,3,3,2,2,0.13253012048192772,0.25301204819277107,83,0.9,0.5571428571428572,1.0,6,1.5
U0001005,Synthetic_User_01005,2026-01-26 00:39:28+00:00,IOS,L2,0,2026-03-19 00:39:28+00:00,2026-03-12 00:39:28+00:00,619.0,1401.0,18,29,13,3586.710686,1893.666303,690.630104,0.1925524985039175,0.5279673965317425,0.5775140285731658,1.4079131031716674,18.0,3,1,2,2,0.1565217391304348,0.24347826086956523,115,1.0,0.5166666666666667,0.9444444444444444,6,0.5
U0001006,Synthetic_User_01006,2026-03-01 06:55:49+00:00,ANDROID,L2,0,2026-04-22 06:55:49+00:00,2026-04-15 06:55:49+00:00,144.0,1030.0,6,9,3,1909.5051230000001,1396.788883,1843.792266,0.965586446347544,0.7314926083076028,0.1326929117480907,0.29866465118508995,6.0,1,1,2,1,0.11363636363636363,0.20454545454545456,44,0.8,0.43333333333333335,1.0,4,0.5
U0001007,Synthetic_User_01007,2026-02-14 21:20:24+00:00,IOS,L1,0,2026-04-07 21:20:24+00:00,2026-03-31 21:20:24+00:00,268.0,2146.0,7,11,7,10504.434727,4455.18515,4606.139281,0.4384947311025354,0.4241242166557184,0.4318878074335421,0.9275259183377912,4.0,3,1,2,1,0.12,0.3,50,1.0,0.7000000000000001,1.0,5,0.5
U0001008,Synthetic_User_01008,2026-02-06 22:45:49+00:00,IOS,L2,0,2026-03-30 22:45:49+00:00,2026-03-23 22:45:49+00:00,221.0,2346.0,2,9,2,3678.889169,4364.214706,2908.06749,0.7904743405984351,1.1862859970816368,0.16294450581192657,0.39890177063264315,1.0,1,1,2,1,0.15625,0.25,32,0.7,0.55,1.0,3,0.5
U0001009,Synthetic_User_01009,2026-04-25 03:47:06+00:00,IOS,L1,0,2026-06-16 03:47:06+00:00,2026-06-09 03:47:06+00:00,280.0,2550.0,2,11,5,3950.904943,5988.676745,2058.1430100000002,0.5209295186021893,1.5157734320109153,0.40132550710162185,0.9828197847351537,0.0,1,3,1,3,0.06666666666666667,0.36666666666666664,30,0.5,0.3,1.0,3,3.0
U0001010,Synthetic_User_01010,2026-01-06 12:14:33+00:00,H5,L1,0,2026-02-27 12:14:33+00:00,2026-02-20 12:14:33+00:00,301.0,1172.0,7,21,4,28661.641685,33242.028038,20448.450550999998,0.7134431019595658,1.1598089322077154,0.19280666215070097,0.4660563970095796,0.0,1,1,2,2,0.171875,0.21875,64,1.0,0.5857142857142856,1.0,6,0.5
U0001011,Synthetic_User_01011,2026-02-03 08:31:06+00:00,IOS,L2,0,2026-03-27 08:31:06+00:00,2026-03-20 08:31:06+00:00,51.0,2503.0,6,14,9,4915.488737,4981.526834,2432.938361,0.4949535013042997,1.013434696025833,0.2886038087858868,0.620096835816791,5.0,1,1,1,2,0.11764705882352941,0.22058823529411764,68,0.7,0.3333333333333333,1.0,6,1.0
U0001012,Synthetic_User_01012,2026-01-07 02:06:56+00:00,ANDROID,L1,0,2026-02-28 02:06:56+00:00,2026-02-21 02:06:56+00:00,293.0,769.0,10,22,8,2402.493084,1522.260793,689.079922,0.28681869121251546,0.6336171384375148,0.4548836821299003,1.1140929018973535,10.0,1,1,2,1,0.08235294117647059,0.2823529411764706,85,1.0,0.6,1.0,6,0.5
U0001013,Synthetic_User_01013,2026-01-26 01:28:33+00:00,WEB,L2,0,2026-03-19 01:28:33+00:00,2026-03-12 01:28:33+00:00,62.0,1565.0,3,9,5,4028.7078970000002,7049.97516,2293.476093,0.5692832917243392,1.7499345547612928,0.44091958533039805,1.067104948492929,1.0,1,1,2,3,0.13333333333333333,0.4666666666666667,30,0.8,0.5333333333333333,1.0,5,0.5
U0001014,Synthetic_User_01014,2026-02-07 01:57:22+00:00,WEB,L2,0,2026-03-31 01:57:22+00:00,2026-03-24 01:57:22+00:00,392.0,3918.0,9,14,5,3136.466829,3396.415227,1735.509804,0.553332746245983,1.0828793710159783,0.2646641060530826,0.602622172892517,9.0,2,1,1,3,0.0392156862745098,0.39215686274509803,51,1.0,0.37777777777777777,1.0,6,1.0
U0001015,Synthetic_User_01015,2026-02-01 10:39:33+00:00,IOS,L2,0,2026-03-25 10:39:33+00:00,2026-03-18 10:39:33+00:00,555.0,3720.0,3,17,4,3817.4418830000004,7194.588751,1171.215502,0.30680637397931537,1.8846622873393983,0.6069957134698962,1.4831941787341065,1.0,2,2,1,2,0.17777777777777778,0.2222222222222222,45,0.7,0.5666666666666667,1.0,5,2.0
U0001016,Synthetic_User_01016,2026-01-12 17:04:37+00:00,ANDROID,L2,0,2026-03-05 17:04:37+00:00,2026-02-26 17:04:37+00:00,145.0,2028.0,6,17,6,1159.908739,1986.390608,1293.239429,1.1149492934374727,1.712540427717219,0.24481820104252136,0.5584917109866909,6.0,2,2,2,2,0.18333333333333332,0.35,60,0.7,0.39999999999999997,0.8333333333333334,6,1.0
U0001017,Synthetic_User_01017,2026-04-14 19:03:21+00:00,IOS,L2,0,2026-06-05 19:03:21+00:00,2026-05-29 19:03:21+00:00,95.0,4095.0,5,10,5,4930.741094,5297.6206649999995,508.157115,0.10305897334953437,1.0744065778360252,0.6081468916818111,1.3382727510306054,3.0,2,3,1,1,0.125,0.1,40,0.7,0.33999999999999997,1.0,4,3.0
U0001018,Synthetic_User_01018,2026-02-07 10:44:41+00:00,WEB,L2,0,2026-03-31 10:44:41+00:00,2026-03-24 10:44:41+00:00,407.0,2672.0,5,7,1,6665.004559,5338.827583,7003.983815,1.050859568511812,0.8010238456312511,0.11340337144783952,0.26281129338062215,2.0,1,1,1,3,0.19230769230769232,0.19230769230769232,26,0.8,0.3,1.0,4,1.0
U0001019,Synthetic_User_01019,2026-02-07 04:59:58+00:00,ANDROID,L2,0,2026-03-31 04:59:58+00:00,2026-03-24 04:59:58+00:00,645.0,3198.0,9,21,6,2333.782185,2139.5262,600.202125,0.2571800097102892,0.9167634467995563,0.4585561786173778,1.0250772457747406,9.0,1,2,1,2,0.15584415584415584,0.2597402597402597,77,0.8,0.4,1.0,5,2.0
U0001020,Synthetic_User_01020,2026-01-22 10:37:12+00:00,ANDROID,L2,0,2026-03-15 10:37:12+00:00,2026-03-08 10:37:12+00:00,378.0,3722.0,9,19,7,6199.837168,4169.192989,4339.890048,0.7000006500815894,0.6724681432794688,0.18757295109585778,0.4141658566431797,7.0,1,1,2,3,0.1746031746031746,0.23809523809523808,63,0.9,0.5222222222222223,1.0,6,0.5
U0001021,Synthetic_User_01021,2026-02-28 22:11:32+00:00,ANDROID,L2,0,2026-04-21 22:11:32+00:00,2026-04-14 22:11:32+00:00,519.0,1395.0,6,16,7,16149.286694999999,17442.96375,17682.049518,1.0949121067665832,1.0801073805569714,0.03939462328391984,0.08968018036946715,1.0,3,3,2,3,0.2553191489361702,0.14893617021276595,47,1.0,0.5166666666666667,0.8333333333333334,4,1.5
U0001022,Synthetic_User_01022,2026-03-06 07:04:27+00:00,WEB,L1,0,2026-04-27 07:04:27+00:00,2026-04-20 07:04:27+00:00,625.0,706.0,3,9,2,1135.979427,1799.405294,815.0559020000001,0.7174917807732446,1.5840122199677829,0.3278714374958081,0.7873869960479041,3.0,1,2,1,1,0.19230769230769232,0.38461538461538464,26,0.8,0.43333333333333335,1.0,3,2.0
U0001023,Synthetic_User_01023,2026-01-04 17:10:56+00:00,WEB,L2,0,2026-02-25 17:10:56+00:00,2026-02-18 17:10:56+00:00,117.0,3279.0,3,12,3,524.155007,1450.921438,65.545676,0.12505017623536696,2.768115192306081,0.8471550739897687,2.036696183594885,3.0,1,2,2,3,0.10526315789473684,0.2631578947368421,38,1.0,0.5333333333333333,1.0,6,1.0
U0001024,Synthetic_User_01024,2026-01-28 02:51:46+00:00,WEB,L1,0,2026-03-21 02:51:46+00:00,2026-03-14 02:51:46+00:00,645.0,1921.0,7,29,9,1751.4115860000002,1759.918294,1905.886675,1.088200335223773,1.0048570581969416,0.03926387794253309,0.08554674938594907,7.0,1,2,2,1,0.19718309859154928,0.29577464788732394,71,0.8,0.3285714285714286,1.0,6,1.0
U0001025,Synthetic_User_01025,2026-04-01 21:46:41+00:00,IOS,L2,0,2026-05-23 21:46:41+00:00,2026-05-16 21:46:41+00:00,248.0,565.0,2,10,2,2051.4892090000003,2256.978732,319.896419,0.15593375660792955,1.1001660267568094,0.5631199926344117,1.2555724845742264,1.0,2,1,1,3,0.07692307692307693,0.1282051282051282,39,0.8,0.5,1.0,3,1.0
U0001026,Synthetic_User_01026,2026-01-30 14:09:01+00:00,ANDROID,L2,0,2026-03-23 14:09:01+00:00,2026-03-16 14:09:01+00:00,643.0,2524.0,7,16,7,570.739018,765.9332029999999,836.857476,1.4662699580844147,1.342002524523389,0.1553072369218002,0.3673082429478303,7.0,3,2,2,3,0.1111111111111111,0.23809523809523808,63,0.9,0.5714285714285714,1.0,5,1.0
U0001027,Synthetic_User_01027,2026-02-26 13:53:36+00:00,WEB,L2,0,2026-04-19 13:53:36+00:00,2026-04-12 13:53:36+00:00,384.0,3104.0,5,3,2,9580.463808,3721.294343,319.727505,0.03337286288091993,0.38842528061038106,0.8423747719314894,2.039587282225891,0.0,1,2,1,1,0.08695652173913043,0.391304347826087,23,1.0,0.3,1.0,2,2.0
U0001028,Synthetic_User_01028,2026-03-05 14:38:43+00:00,IOS,L1,0,2026-04-26 14:38:43+00:00,2026-04-19 14:38:43+00:00,24.0,295.0,10,15,4,10349.681967,9422.803676,4405.572687,0.4256722767952856,0.9104437900647232,0.3239932212665881,0.737541766034775,6.0,3,2,1,2,0.07017543859649122,0.12280701754385964,57,1.0,0.67,0.9,6,2.0
U0001029,Synthetic_User_01029,2026-04-16 16:00:57+00:00,ANDROID,L2,0,2026-06-07 16:00:57+00:00,2026-05-31 16:00:57+00:00,495.0,1764.0,5,15,4,9352.772966,7918.889492,4417.150197,0.47228241432328166,0.8466889467741198,0.28674736688478236,0.6826961227675375,1.0,2,3,2,1,0.2222222222222222,0.28888888888888886,45,1.0,0.58,1.0,4,1.5
U0001030,Synthetic_User_01030,2026-01-13 08:26:34+00:00,ANDROID,L2,0,2026-03-06 08:26:34+00:00,2026-02-27 08:26:34+00:00,247.0,2986.0,5,10,4,8325.422967,2516.5325279999997,8195.489580000001,0.9843931788793165,0.3022708321216756,0.4267743617962724,0.915389184228546,2.0,2,2,2,2,0.15384615384615385,0.23076923076923078,39,0.5,0.2,1.0,5,1.0
U0001031,Synthetic_User_01031,2026-02-05 11:35:15+00:00,ANDROID,L2,0,2026-03-29 11:35:15+00:00,2026-03-22 11:35:15+00:00,472.0,1925.0,10,15,4,2621.769058,3063.014523,2936.482855,1.1200387181470812,1.168300660828075,0.06455597005225251,0.1535431487736473,10.0,2,1,1,2,0.1206896551724138,0.22413793103448276,58,1.0,0.61,0.9,4,1.0
U0001032,Synthetic_User_01032,2026-04-15 02:49:19+00:00,ANDROID,L1,0,2026-06-06 02:49:19+00:00,2026-05-30 02:49:19+00:00,184.0,2473.0,9,15,7,2410.5216570000002,1549.138097,1292.1845210000001,0.536060116799855,0.6426567844770871,0.27320150107898866,0.638825378728504,9.0,1,2,1,2,0.12121212121212122,0.2878787878787879,66,0.9,0.5222222222222223,0.7777777777777778,5,2.0
U0001033,Synthetic_User_01033,2026-02-07 20:37:47+00:00,WEB,L2,0,2026-03-31 20:37:47+00:00,2026-03-24 20:37:47+00:00,318.0,2335.0,2,6,2,4927.409602,11873.760092,12628.333933,2.5628748070536393,2.4097367686218996,0.353330339880473,0.7850208174019097,0.0,2,2,1,2,0.125,0.20833333333333334,24,0.9,0.65,1.0,3,2.0
U0001034,Synthetic_User_01034,2026-01-29 09:55:36+00:00,IOS,L2,0,2026-03-22 09:55:36+00:00,2026-03-15 09:55:36+00:00,143.0,3825.0,10,20,9,2119.19456,2799.342983,2215.400196,1.0453972645154395,1.320946663339868,0.12637901807629384,0.2860194949340866,10.0,1,2,2,2,0.13432835820895522,0.22388059701492538,67,1.0,0.45,1.0,6,1.0
U0001035,Synthetic_User_01035,2026-01-09 23:32:24+00:00,ANDROID,L1,0,2026-03-02 23:32:24+00:00,2026-02-23 23:32:24+00:00,223.0,554.0,9,16,8,5627.123517,4189.0289649999995,505.550664,0.08984175706694372,0.7444352256254195,0.6268774865496103,1.4885836515221167,9.0,3,2,1,2,0.1724137931034483,0.3275862068965517,58,1.0,0.4666666666666667,1.0,6,2.0
U0001036,Synthetic_User_01036,2026-02-14 05:43:13+00:00,ANDROID,L2,0,2026-04-07 05:43:13+00:00,2026-03-31 05:43:13+00:00,172.0,867.0,9,13,2,578.781016,269.552083,362.546069,0.6263959234627003,0.4657237807537212,0.32094297954263884,0.766126648732634,9.0,1,1,1,2,0.14285714285714285,0.39285714285714285,56,1.0,0.4666666666666667,1.0,4,1.0
U0001037,Synthetic_User_01037,2026-01-06 19:14:48+00:00,H5,L2,0,2026-02-27 19:14:48+00:00,2026-02-20 19:14:48+00:00,98.0,4647.0,6,13,6,6373.635013,4791.160946,4849.909734,0.760933082002322,0.7517156122413187,0.13722343004973794,0.29644142652431577,4.0,2,2,2,2,0.10869565217391304,0.32608695652173914,46,0.9,0.6,1.0,5,1.0
U0001038,Synthetic_User_01038,2026-02-17 08:00:24+00:00,ANDROID,L2,0,2026-04-10 08:00:24+00:00,2026-04-03 08:00:24+00:00,370.0,2794.0,6,9,2,8298.370433,5193.851122,4106.6661460000005,0.49487621445158503,0.6258880781394975,0.3027614010235922,0.714540207008961,1.0,1,1,1,2,0.1794871794871795,0.15384615384615385,39,0.8,0.45,1.0,5,1.0
U0001039,Synthetic_User_01039,2026-04-21 07:50:31+00:00,ANDROID,L2,0,2026-06-12 07:50:31+00:00,2026-06-05 07:50:31+00:00,435.0,1288.0,2,9,4,2372.136357,1328.5858600000001,317.82767,0.13398372697341532,0.5600798858292615,0.6261240862182565,1.533619398613677,1.0,3,2,1,3,0.1724137931034483,0.1724137931034483,29,0.8,0.5,1.0,4,2.0
U0001040,Synthetic_User_01040,2026-04-21 09:46:35+00:00,H5,L2,0,2026-06-12 09:46:35+00:00,2026-06-05 09:46:35+00:00,550.0,4600.0,2,8,6,2585.3767080000002,1086.229634,1432.892714,0.5542297606248876,0.4201436605500663,0.3766198906830004,0.8810739648807568,1.0,3,3,2,3,0.09090909090909091,0.30303030303030304,33,0.0,0.0,1.0,4,1.5
U0001041,Synthetic_User_01041,2026-03-13 12:38:08+00:00,IOS,L2,0,2026-05-04 12:38:08+00:00,2026-04-27 12:38:08+00:00,164.0,3044.0,5,16,5,2465.497151,3163.7474780000002,518.239824,0.2101968861695107,1.2832087340749072,0.5462859828600215,1.2910196069104234,5.0,1,2,1,3,0.11764705882352941,0.2647058823529412,68,1.0,0.5599999999999999,0.8,5,2.0
U0001042,Synthetic_User_01042,2026-03-15 23:39:42+00:00,IOS,L2,0,2026-05-06 23:39:42+00:00,2026-04-29 23:39:42+00:00,226.0,4667.0,9,22,6,2126.645497,1645.3510469999999,478.878374,0.2251801603396243,0.7736837424578056,0.48823764128784003,1.1628903377203537,9.0,2,2,1,3,0.12162162162162163,0.20270270270270271,74,1.0,0.5666666666666667,1.0,6,2.0
U0001043,Synthetic_User_01043,2026-03-29 07:06:20+00:00,WEB,L2,0,2026-05-20 07:06:20+00:00,2026-05-13 07:06:20+00:00,494.0,545.0,4,12,4,1351.905067,2107.479319,760.1788019999999,0.562301910508336,1.5588959391036887,0.3920220363106584,0.9578957278077382,4.0,1,2,1,2,0.16326530612244897,0.14285714285714285,49,0.8,0.475,1.0,5,2.0
U0001044,Synthetic_User_01044,2026-04-30 15:51:52+00:00,ANDROID,L2,0,2026-06-21 15:51:52+00:00,2026-06-14 15:51:52+00:00,116.0,4782.0,6,8,2,2829.21067,2490.5677849999997,920.960985,0.32551870200602634,0.8803048183753668,0.3996233083153579,0.9173190308679191,6.0,1,2,2,2,0.10810810810810811,0.21621621621621623,37,0.9,0.5166666666666667,1.0,4,1.0
U0001045,Synthetic_User_01045,2026-04-01 23:01:31+00:00,IOS,L2,0,2026-05-23 23:01:31+00:00,2026-05-16 23:01:31+00:00,605.0,3618.0,11,15,3,2292.307785,790.430482,1210.820537,0.5282102800170004,0.34481865270112494,0.4420313854707272,1.0493933155876254,11.0,3,2,1,3,0.07352941176470588,0.22058823529411764,68,1.0,0.43636363636363634,1.0,5,2.0
U0001046,Synthetic_User_01046,2026-04-04 16:30:11+00:00,ANDROID,L2,0,2026-05-26 16:30:11+00:00,2026-05-19 16:30:11+00:00,83.0,4260.0,6,12,5,2167.197677,708.938462,171.841456,0.07929200821121034,0.32712219541567916,0.8297693345027171,1.9639477248191515,6.0,1,3,1,1,0.16279069767441862,0.11627906976744186,43,0.9,0.6166666666666667,0.8333333333333334,4,3.0
U0001047,Synthetic_User_01047,2026-03-27 19:54:23+00:00,ANDROID,L2,0,2026-05-18 19:54:23+00:00,2026-05-11 19:54:23+00:00,360.0,2314.0,7,9,5,4637.1304789999995,3617.16174,3590.371456,0.7742657818794579,0.7800431228711174,0.1234113139898789,0.2651216746346324,6.0,2,2,1,3,0.11363636363636363,0.18181818181818182,44,0.8,0.6,1.0,3,2.0
U0001048,Synthetic_User_01048,2026-01-28 09:02:52+00:00,ANDROID,L2,0,2026-03-21 09:02:52+00:00,2026-03-14 09:02:52+00:00,163.0,1892.0,4,21,3,2130.327679,2080.990123,1022.369829,0.47991200559338926,0.9768403910410818,0.2929470415059621,0.6350920773934129,4.0,2,2,1,2,0.19718309859154928,0.2676056338028169,71,0.9,0.55,1.0,6,2.0
U0001049,Synthetic_User_01049,2026-02-04 23:19:41+00:00,ANDROID,L2,0,2026-03-28 23:19:41+00:00,2026-03-21 23:19:41+00:00,510.0,3552.0,4,7,2,6632.137987,6615.0988,1447.610737,0.21827210770305705,0.9974308153670205,0.49813446258350963,1.0584377772275277,2.0,1,2,2,1,0.2,0.2,25,0.9,0.525,1.0,4,1.0
U0001050,Synthetic_User_01050,2026-04-26 07:44:00+00:00,WEB,L2,0,2026-06-17 07:44:00+00:00,2026-06-10 07:44:00+00:00,117.0,2820.0,7,13,7,3136.546378,2670.58446,2817.415752,0.8982541344714654,0.8514410877937926,0.06766090117614973,0.16208223115413653,6.0,1,1,1,2,0.1320754716981132,0.2830188679245283,53,0.6,0.39999999999999997,1.0,5,1.0
U0001051,Synthetic_User_01051,2026-03-15 09:07:35+00:00,IOS,L2,0,2026-05-06 09:07:35+00:00,2026-04-29 09:07:35+00:00,240.0,386.0,9,15,4,6741.498824,5655.81126,1941.991082,0.28806518145288934,0.8389545719217647,0.42993290017626706,1.0041300520377117,7.0,2,2,1,2,0.12727272727272726,0.32727272727272727,55,1.0,0.6333333333333333,1.0,6,2.0
U0001052,Synthetic_User_01052,2026-02-09 00:42:05+00:00,IOS,L2,0,2026-04-02 00:42:05+00:00,2026-03-26 00:42:05+00:00,355.0,1938.0,4,9,2,872.150278,595.897751,656.497208,0.7527340465974145,0.6832512309306401,0.16740521359737517,0.39008704854421505,4.0,2,2,1,3,0.05555555555555555,0.4166666666666667,36,0.6,0.35,1.0,4,2.0
U0001053,Synthetic_User_01053,2026-01-08 22:50:19+00:00,ANDROID,L2,0,2026-03-01 22:50:19+00:00,2026-02-22 22:50:19+00:00,160.0,4954.0,3,11,2,2880.185177,1653.443702,1546.987576,0.5371139287687543,0.5740754848694231,0.29846312212340437,0.6577610728450394,2.0,1,1,2,2,0.17647058823529413,0.08823529411764706,34,0.7,0.3,1.0,4,0.5
U0001054,Synthetic_User_01054,2026-01-16 11:40:34+00:00,ANDROID,L2,0,2026-03-09 11:40:34+00:00,2026-03-02 11:40:34+00:00,426.0,354.0,5,10,3,4068.239975,1096.828608,598.701472,0.14716473848128883,0.26960764722341635,0.797241806529549,1.8058693198509286,4.0,1,2,1,3,0.1282051282051282,0.2564102564102564,39,0.7,0.4,0.8,5,2.0
U0001055,Synthetic_User_01055,2026-03-03 10:14:21+00:00,ANDROID,L2,0,2026-04-24 10:14:21+00:00,2026-04-17 10:14:21+00:00,366.0,3899.0,13,16,2,10273.909121,7247.17663,7285.11861,0.7090892594240614,0.7053962172184957,0.1714841524145045,0.3660454191563371,11.0,1,2,1,2,0.12903225806451613,0.1774193548387097,62,0.8,0.4538461538461539,0.9230769230769231,5,2.0
U0001056,Synthetic_User_01056,2026-04-23 18:07:37+00:00,ANDROID,L1,0,2026-06-14 18:07:37+00:00,2026-06-07 18:07:37+00:00,295.0,2241.0,7,14,3,3724.92549,3938.51023,938.424165,0.2519309896316879,1.0573393321754738,0.47665137588891643,1.0463153684582482,7.0,1,2,1,3,0.17777777777777778,0.2222222222222222,45,0.8,0.41428571428571426,0.8571428571428571,6,2.0
U0001057,Synthetic_User_01057,2026-03-22 15:32:52+00:00,IOS,L1,0,2026-05-13 15:32:52+00:00,2026-05-06 15:32:52+00:00,435.0,3392.0,10,25,2,3161.8184069999998,4320.051126,422.541475,0.1336387548584475,1.366318545187722,0.6202390095458699,1.4792410138043268,10.0,1,1,2,1,0.1875,0.25,80,1.0,0.53,1.0,6,0.5
U0001058,Synthetic_User_01058,2026-04-21 00:10:47+00:00,ANDROID,L2,0,2026-06-12 00:10:47+00:00,2026-06-05 00:10:47+00:00,59.0,3067.0,6,8,3,7766.578156,8858.325677,1621.5947,0.20879139660073487,1.1405699523098962,0.5237337618939363,1.1898278944716807,3.0,2,3,1,1,0.075,0.5,40,0.9,0.4666666666666666,1.0,5,3.0
U0001059,Synthetic_User_01059,2026-04-11 04:39:30+00:00,WEB,L2,0,2026-06-02 04:39:30+00:00,2026-05-26 04:39:30+00:00,254.0,4459.0,7,13,4,16105.758094,14442.761806999999,2535.802615,0.15744695780229567,0.8967452337670755,0.5479837088923486,1.2304881388250337,2.0,1,2,1,3,0.14,0.14,50,1.0,0.6857142857142857,1.0,5,2.0
U0001060,Synthetic_User_01060,2026-03-23 22:06:21+00:00,WEB,L2,0,2026-05-14 22:06:21+00:00,2026-05-07 22:06:21+00:00,340.0,3828.0,10,16,1,14651.931851,11666.562737,5220.502185,0.3563012876451305,0.7962474065291092,0.37437636247465644,0.8971207677164372,5.0,1,1,1,2,0.14893617021276595,0.2765957446808511,47,0.9,0.54,0.9,6,1.0
U0001061,Synthetic_User_01061,2026-02-04 05:19:40+00:00,ANDROID,L2,0,2026-03-28 05:19:40+00:00,2026-03-21 05:19:40+00:00,357.0,2623.0,4,10,2,11050.082083,10046.597963,11368.739999000001,1.0288376062373548,0.9091876320499185,0.0520597865291996,0.12217387307794506,0.0,1,2,2,2,0.15384615384615385,0.2564102564102564,39,1.0,0.475,1.0,3,1.0
U0001062,Synthetic_User_01062,2026-02-21 13:56:15+00:00,IOS,L2,0,2026-04-14 13:56:15+00:00,2026-04-07 13:56:15+00:00,217.0,2003.0,13,17,2,2614.992268,1952.845836,317.589038,0.12144932200617888,0.7467883786492328,0.5929158277725257,1.4107691077301505,13.0,2,2,2,1,0.1568627450980392,0.23529411764705882,51,1.0,0.4846153846153846,0.9230769230769231,5,1.0
U0001063,Synthetic_User_01063,2026-04-22 00:04:33+00:00,IOS,L1,0,2026-06-13 00:04:33+00:00,2026-06-06 00:04:33+00:00,598.0,4679.0,8,13,5,5068.009369,1284.696935,822.043687,0.16220247974052235,0.2534914285790855,0.7952559316411972,1.7753785235692403,7.0,2,2,1,2,0.11320754716981132,0.2641509433962264,53,1.0,0.45,0.875,5,2.0
U0001064,Synthetic_User_01064,2026-02-09 06:37:42+00:00,WEB,L2,0,2026-04-02 06:37:42+00:00,2026-03-26 06:37:42+00:00,196.0,2157.0,3,9,2,6562.010558,5450.9804970000005,2126.680347,0.32408974782999733,0.8306875535813486,0.39980403489781524,0.9410395938280378,1.0,1,1,1,1,0.19230769230769232,0.2692307692307692,26,0.8,0.5,1.0,5,1.0
U0001065,Synthetic_User_01065,2026-01-11 12:37:30+00:00,WEB,L2,0,2026-03-04 12:37:30+00:00,2026-02-25 12:37:30+00:00,319.0,2418.0,3,6,3,8872.63831,5659.874349,7165.343943,0.8075775989791248,0.6379020705285573,0.1814650823493501,0.4442047921964602,0.0,2,2,1,2,0.17391304347826086,0.21739130434782608,23,0.5,0.3333333333333333,1.0,4,2.0
U0001066,Synthetic_User_01066,2026-01-23 11:30:35+00:00,IOS,L2,0,2026-03-16 11:30:35+00:00,2026-03-09 11:30:35+00:00,67.0,1783.0,9,21,9,4451.46246,2325.004777,1588.946981,0.3569494284806347,0.5223013330769503,0.4352562104547744,1.0265536425586712,8.0,2,3,1,3,0.136986301369863,0.3150684931506849,73,1.0,0.5333333333333333,1.0,6,3.0
U0001067,Synthetic_User_01067,2026-01-24 03:02:35+00:00,ANDROID,L1,0,2026-03-17 03:02:35+00:00,2026-03-10 03:02:35+00:00,193.0,1961.0,4,11,7,2653.325934,4262.2780999999995,1853.779268,0.6986624764961876,1.606390698324211,0.3426475354398967,0.8239457949514085,3.0,1,2,1,3,0.08333333333333333,0.2708333333333333,48,0.6,0.2,1.0,6,2.0
U0001068,Synthetic_User_01068,2026-01-20 04:06:32+00:00,IOS,L2,0,2026-03-13 04:06:32+00:00,2026-03-06 04:06:32+00:00,591.0,3115.0,7,10,4,1172.841705,741.057856,62.337793,0.05315107122661535,0.6318481452703798,0.6938673468863825,1.6857852267880977,7.0,2,1,2,1,0.12244897959183673,0.3673469387755102,49,0.7,0.3857142857142857,0.8571428571428571,4,0.5
U0001069,Synthetic_User_01069,2026-01-03 09:33:43+00:00,ANDROID,L2,0,2026-02-24 09:33:43+00:00,2026-02-17 09:33:43+00:00,42.0,1853.0,8,25,3,1677.8394660000001,696.317308,2124.864986,1.266429255634162,0.4150083021113058,0.3978559503476386,0.9525721951609321,8.0,2,1,1,3,0.189873417721519,0.17721518987341772,79,1.0,0.5875,1.0,6,1.0
U0001070,Synthetic_User_01070,2026-01-30 11:45:51+00:00,IOS,L2,0,2026-03-23 11:45:51+00:00,2026-03-16 11:45:51+00:00,434.0,1166.0,2,10,3,10485.082239,9575.436946,4189.867622,0.3996027428774467,0.9132438571042857,0.3436794218786687,0.7787770150350164,0.0,1,2,2,3,0.17857142857142858,0.32142857142857145,28,0.5,0.25,1.0,4,1.0
U0001071,Synthetic_User_01071,2026-04-01 19:14:47+00:00,ANDROID,L2,0,2026-05-23 19:14:47+00:00,2026-05-16 19:14:47+00:00,406.0,75.0,3,13,6,1715.282559,3236.717299,2955.257129,1.7228981391397684,1.8869878213458824,0.2507577790859642,0.5772297811369969,3.0,1,3,2,3,0.16279069767441862,0.20930232558139536,43,1.0,0.9,1.0,4,1.5
U0001072,Synthetic_User_01072,2026-02-17 03:46:43+00:00,WEB,L2,0,2026-04-10 03:46:43+00:00,2026-04-03 03:46:43+00:00,646.0,3150.0,6,15,4,1398.71682,473.627101,170.896591,0.12218097942083801,0.33861543253622983,0.7668394080185127,1.8027543333087555,6.0,3,2,1,2,0.16666666666666666,0.22916666666666666,48,0.9,0.4666666666666666,1.0,5,2.0
U0001073,Synthetic_User_01073,2026-03-16 00:15:35+00:00,ANDROID,L2,0,2026-05-07 00:15:35+00:00,2026-04-30 00:15:35+00:00,647.0,2556.0,6,29,5,3344.141052,7560.431376,904.715018,0.27053733796872154,2.260799188323232,0.6984177268070548,1.6908004962452838,6.0,2,3,1,2,0.13793103448275862,0.26436781609195403,87,0.8,0.45,0.8333333333333334,6,3.0
U0001074,Synthetic_User_01074,2026-02-03 23:20:33+00:00,WEB,L2,0,2026-03-27 23:20:33+00:00,2026-03-20 23:20:33+00:00,490.0,3861.0,3,19,5,461.814656,871.531455,486.362116,1.053154354633561,1.8871888184510108,0.3093203890666193,0.6754656481530541,3.0,2,1,2,1,0.1267605633802817,0.2112676056338028,71,0.8,0.5,0.3333333333333333,5,0.5
U0001075,Synthetic_User_01075,2026-03-22 01:52:19+00:00,IOS,L2,0,2026-05-13 01:52:19+00:00,2026-05-06 01:52:19+00:00,459.0,1306.0,3,14,5,1157.439104,683.9283300000001,438.25186399999996,0.37863924113626624,0.5908978948753403,0.3927992143550129,0.946457034248181,3.0,2,1,1,1,0.11627906976744186,0.4418604651162791,43,0.8,0.4666666666666666,1.0,5,1.0
U0001076,Synthetic_User_01076,2026-02-22 12:02:29+00:00,ANDROID,L2,0,2026-04-15 12:02:29+00:00,2026-04-08 12:02:29+00:00,233.0,1594.0,4,14,8,2985.708552,1520.466717,411.495024,0.13782156457446487,0.5092482037409524,0.6431508203653203,1.5703860006622856,2.0,2,3,1,3,0.14814814814814814,0.2777777777777778,54,0.8,0.6,1.0,5,3.0
U0001077,Synthetic_User_01077,2026-03-16 01:39:28+00:00,WEB,L2,0,2026-05-07 01:39:28+00:00,2026-04-30 01:39:28+00:00,535.0,957.0,5,13,5,11871.040541999999,13577.663825,12110.964627000001,1.0202108723452796,1.1437635796931138,0.06025176272921623,0.13631296510674468,0.0,2,1,2,1,0.14814814814814814,0.2777777777777778,54,0.6,0.32,1.0,3,0.5
U0001078,Synthetic_User_01078,2026-04-28 00:40:16+00:00,ANDROID,L2,0,2026-06-19 00:40:16+00:00,2026-06-12 00:40:16+00:00,467.0,4112.0,9,9,5,6070.788133,6210.466845,3038.7704519999998,0.500556169219882,1.0230083325162882,0.2865545313402061,0.6210883410393921,8.0,2,2,2,1,0.1111111111111111,0.3111111111111111,45,0.9,0.5,1.0,5,1.0
U0001079,Synthetic_User_01079,2026-03-09 17:21:07+00:00,IOS,L2,0,2026-04-30 17:21:07+00:00,2026-04-23 17:21:07+00:00,69.0,1391.0,3,5,3,2207.800539,1573.942919,2563.4091009999997,1.1610691526332668,0.7129008672644409,0.19348814482238946,0.46782146187952656,2.0,1,1,1,3,0.07407407407407407,0.3333333333333333,27,1.0,0.6333333333333333,0.6666666666666666,1,1.0
U0001080,Synthetic_User_01080,2026-01-27 03:41:27+00:00,IOS,L2,0,2026-03-20 03:41:27+00:00,2026-03-13 03:41:27+00:00,340.0,723.0,8,23,8,1427.170055,909.23569,305.70798099999996,0.2142057142587678,0.6370899437068135,0.5203552570083507,1.2733691925871324,8.0,2,3,2,3,0.1388888888888889,0.2638888888888889,72,1.0,0.5,0.875,6,1.5
U0001081,Synthetic_User_01081,2026-01-23 18:07:41+00:00,IOS,L2,0,2026-03-16 18:07:41+00:00,2026-03-09 18:07:41+00:00,660.0,451.0,3,8,5,2457.0306279999995,2954.759214,1564.682006,0.6368182749409342,1.2025732118793924,0.24728912605086392,0.597756532937994,2.0,2,2,1,2,0.07894736842105263,0.2631578947368421,38,0.5,0.3,1.0,4,2.0
U0001082,Synthetic_User_01082,2026-01-08 12:40:53+00:00,WEB,L2,0,2026-03-01 12:40:53+00:00,2026-02-22 12:40:53+00:00,603.0,4038.0,3,7,2,15408.440439999998,12736.283040999999,1621.169193,0.10521306158873014,0.8265783348155642,0.6017018756097235,1.3895707477682615,0.0,1,2,1,1,0.11538461538461539,0.2692307692307692,26,0.8,0.5,1.0,5,2.0
U0001083,Synthetic_User_01083,2026-02-13 06:50:07+00:00,IOS,L2,0,2026-04-06 06:50:07+00:00,2026-03-30 06:50:07+00:00,483.0,1404.0,5,11,2,4758.476252,4086.33291,2576.1992229999996,0.5413916318101233,0.858748198708043,0.23970117827893525,0.5732270624718574,2.0,1,1,1,2,0.17073170731707318,0.21951219512195122,41,0.7,0.33999999999999997,1.0,6,1.0
U0001084,Synthetic_User_01084,2026-02-01 08:54:33+00:00,H5,L2,0,2026-03-25 08:54:33+00:00,2026-03-18 08:54:33+00:00,364.0,3264.0,11,13,5,1434.090206,672.367778,1208.893936,0.842969243456363,0.46884622402895065,0.28912098454706475,0.6892683911516699,11.0,3,2,2,2,0.11538461538461539,0.2692307692307692,52,1.0,0.5181818181818181,1.0,3,1.0
U0001085,Synthetic_User_01085,2026-01-28 09:49:49+00:00,IOS,L2,0,2026-03-21 09:49:49+00:00,2026-03-14 09:49:49+00:00,223.0,3206.0,4,11,1,441.748956,521.626877,207.215594,0.46907998578269416,1.1808219802561344,0.3419646867027572,0.8057754629361386,4.0,1,1,1,1,0.13513513513513514,0.2972972972972973,37,1.0,0.925,1.0,5,1.0
U0001086,Synthetic_User_01086,2026-03-15 10:25:49+00:00,ANDROID,L2,0,2026-05-06 10:25:49+00:00,2026-04-29 10:25:49+00:00,521.0,1771.0,9,13,6,9809.946749,6475.461539,1182.46919,0.12053777867046402,0.6600914056602898,0.610081302811788,1.4817159502977824,5.0,1,2,2,2,0.07017543859649122,0.24561403508771928,57,1.0,0.5666666666666667,1.0,4,1.0
U0001087,Synthetic_User_01087,2026-03-28 12:53:15+00:00,WEB,L2,0,2026-05-19 12:53:15+00:00,2026-05-12 12:53:15+00:00,371.0,4873.0,3,11,6,2935.513955,4339.899026,1214.148516,0.4136067941124811,1.4784119893580954,0.45170799685736507,1.104562530504513,1.0,1,1,1,1,0.09090909090909091,0.22727272727272727,44,0.4,0.23333333333333336,1.0,5,1.0
U0001088,Synthetic_User_01088,2026-02-11 15:10:27+00:00,ANDROID,L1,0,2026-04-04 15:10:27+00:00,2026-03-28 15:10:27+00:00,260.0,4331.0,3,13,7,1864.730522,1992.7939390000001,1600.27915,0.8581825261720042,1.068676634767927,0.08983626752880786,0.21575425774329868,2.0,1,3,2,3,0.12244897959183673,0.30612244897959184,49,0.6,0.39999999999999997,1.0,6,1.5
U0001089,Synthetic_User_01089,2026-02-28 09:44:31+00:00,ANDROID,L2,0,2026-04-21 09:44:31+00:00,2026-04-14 09:44:31+00:00,403.0,555.0,9,18,3,14811.293396000001,3978.12413,4775.608083,0.32243018589380723,0.26858722082126524,0.6275739838024258,1.379141628668026,2.0,1,2,2,3,0.13432835820895522,0.1791044776119403,67,1.0,0.4444444444444444,0.7777777777777778,5,1.0
U0001090,Synthetic_User_01090,2026-01-31 00:24:47+00:00,IOS,L2,0,2026-03-24 00:24:47+00:00,2026-03-17 00:24:47+00:00,394.0,3046.0,10,22,3,26428.106068,18774.156638,1303.774596,0.04933288040563195,0.7103860030565093,0.678279329422691,1.620714186559141,0.0,1,2,2,2,0.16666666666666666,0.20833333333333334,48,0.9,0.49000000000000005,1.0,6,1.0
U0001091,Synthetic_User_01091,2026-04-10 23:10:09+00:00,ANDROID,L1,0,2026-06-01 23:10:09+00:00,2026-05-25 23:10:09+00:00,69.0,1375.0,5,10,3,14401.262555,9273.843924,6404.945837,0.4447489109054717,0.6439604783665442,0.32987994520205816,0.797503604780632,0.0,1,1,2,3,0.11363636363636363,0.18181818181818182,44,0.8,0.42000000000000004,1.0,4,0.5
U0001092,Synthetic_User_01092,2026-03-11 16:34:19+00:00,H5,L2,0,2026-05-02 16:34:19+00:00,2026-04-25 16:34:19+00:00,183.0,3619.0,4,8,6,11708.144116,5801.414911,8119.2479189999995,0.6934701041050971,0.495502519743668,0.2844398614439168,0.6914167972132494,0.0,1,2,2,3,0.14705882352941177,0.17647058823529413,34,0.6,0.45,1.0,5,1.0
U0001093,Synthetic_User_01093,2026-04-17 15:05:55+00:00,ANDROID,L2,0,2026-06-08 15:05:55+00:00,2026-06-01 15:05:55+00:00,337.0,1262.0,7,11,8,13222.700975,10266.197232,2565.183831,0.19399847548923338,0.776406972479388,0.5172697135020876,1.227160925699393,1.0,1,3,2,2,0.05454545454545454,0.16363636363636364,55,1.0,0.4714285714285714,0.8571428571428571,4,1.5
U0001094,Synthetic_User_01094,2026-03-27 06:11:00+00:00,ANDROID,L2,0,2026-05-18 06:11:00+00:00,2026-05-11 06:11:00+00:00,247.0,4548.0,6,13,3,4270.554271,4194.837602,3327.6232950000003,0.779201734443899,0.9822700604663501,0.10882042180569806,0.23987020178485355,5.0,1,1,1,2,0.16216216216216217,0.21621621621621623,37,1.0,0.43333333333333335,0.6666666666666666,4,1.0
U0001095,Synthetic_User_01095,2026-03-23 06:44:54+00:00,ANDROID,L2,0,2026-05-14 06:44:54+00:00,2026-05-07 06:44:54+00:00,269.0,1335.0,9,23,4,24198.491383,17774.991368,8164.366008,0.3373915290329072,0.7345495670233121,0.39424516350921696,0.9594024736923994,1.0,2,1,1,2,0.13414634146341464,0.21951219512195122,82,1.0,0.4666666666666667,1.0,6,1.0
U0001096,Synthetic_User_01096,2026-04-18 19:08:34+00:00,ANDROID,L2,0,2026-06-09 19:08:34+00:00,2026-06-02 19:08:34+00:00,386.0,4311.0,4,5,2,782.373121,384.81247,875.309346,1.1187875995550722,0.49185287642314085,0.31245315387542094,0.7204378338197075,4.0,2,1,2,2,0.09523809523809523,0.2857142857142857,21,0.9,0.525,0.75,3,0.5
U0001097,Synthetic_User_01097,2026-04-22 15:29:22+00:00,WEB,L2,0,2026-06-13 15:29:22+00:00,2026-06-06 15:29:22+00:00,430.0,3987.0,5,23,7,602.672646,936.289761,705.472631,1.1705735040113303,1.5535627296414578,0.1864625156419139,0.4459257354545006,5.0,2,2,2,3,0.23529411764705882,0.2647058823529412,68,0.7,0.4,0.8,5,1.0
U0001098,Synthetic_User_01098,2026-03-15 05:07:14+00:00,IOS,L1,0,2026-05-06 05:07:14+00:00,2026-04-29 05:07:14+00:00,127.0,2041.0,11,27,6,12443.844434,10436.818224999999,9667.205391,0.7768664613474707,0.8387133317484865,0.10788528309867493,0.25592819524165433,4.0,3,1,1,3,0.14563106796116504,0.3300970873786408,103,1.0,0.38181818181818183,0.9090909090909091,6,1.0
U0001099,Synthetic_User_01099,2026-04-09 10:06:43+00:00,WEB,L2,0,2026-05-31 10:06:43+00:00,2026-05-24 10:06:43+00:00,457.0,3851.0,5,14,2,766.748336,644.780936,178.666,0.23301778642529716,0.8409290320259658,0.47808591912028015,1.1094530584165891,5.0,2,1,2,3,0.15384615384615385,0.21153846153846154,52,0.8,0.34,0.6,6,0.5
U0001100,Synthetic_User_01100,2026-03-04 06:31:43+00:00,ANDROID,L2,0,2026-04-25 06:31:43+00:00,2026-04-18 06:31:43+00:00,465.0,1213.0,10,25,4,2234.168817,2463.282566,2842.676657,1.2723643063003147,1.102549882200777,0.09983976450553708,0.24210776134247178,10.0,2,1,1,2,0.12790697674418605,0.2441860465116279,86,0.8,0.32,1.0,6,1.0
U0001101,Synthetic_User_01101,2026-02-13 04:46:01+00:00,ANDROID,L2,0,2026-04-06 04:46:01+00:00,2026-03-30 04:46:01+00:00,480.0,3723.0,7,12,6,13300.658142,15565.034292,10450.204136,0.7856907548808422,1.1702454213787883,0.1596823568594191,0.3902871816920135,0.0,1,2,1,3,0.15217391304347827,0.30434782608695654,46,1.0,0.6571428571428571,1.0,5,2.0
U0001102,Synthetic_User_01102,2026-02-18 17:14:21+00:00,ANDROID,L2,0,2026-04-11 17:14:21+00:00,2026-04-04 17:14:21+00:00,529.0,1642.0,6,18,5,3463.709328,3544.8533159999997,1912.368622,0.5521157928988896,1.023426904603122,0.2526078170747732,0.5489846223415572,6.0,2,1,2,2,0.2037037037037037,0.42592592592592593,54,0.9,0.45,1.0,6,0.5
U0001103,Synthetic_User_01103,2026-03-21 10:19:52+00:00,IOS,L1,0,2026-05-12 10:19:52+00:00,2026-05-05 10:19:52+00:00,460.0,2219.0,9,28,11,7162.960874,8857.922921,1026.116951,0.1432531838509104,1.2366286898414236,0.592075601345278,1.3782728269964493,7.0,3,1,2,3,0.1348314606741573,0.2808988764044944,89,1.0,0.5666666666666667,1.0,5,0.5
U0001104,Synthetic_User_01104,2026-02-03 01:18:31+00:00,ANDROID,L2,0,2026-03-27 01:18:31+00:00,2026-03-20 01:18:31+00:00,606.0,306.0,3,7,7,479.919798,1202.954446,1191.751333,2.483230193808341,2.506573913002022,0.3529838422757641,0.7545692076752853,3.0,1,3,2,3,0.1388888888888889,0.3055555555555556,36,0.9,0.7666666666666666,1.0,4,1.5
U0001105,Synthetic_User_01105,2026-02-14 01:00:02+00:00,WEB,L2,0,2026-04-07 01:00:02+00:00,2026-03-31 01:00:02+00:00,574.0,2805.0,2,14,5,909.918327,2143.821648,1600.864771,1.7593499586694226,2.3560594224628693,0.3254487917904918,0.7952791192809909,2.0,1,2,2,3,0.05660377358490566,0.22641509433962265,53,1.0,0.65,1.0,5,1.0
U0001106,Synthetic_User_01106,2026-02-08 02:11:46+00:00,ANDROID,L2,0,2026-04-01 02:11:46+00:00,2026-03-25 02:11:46+00:00,562.0,1447.0,8,22,5,3641.410908,4396.403236,2265.710184,0.6222066779177122,1.2073351091307272,0.25682555731875983,0.6203779359873416,8.0,1,2,2,3,0.25,0.16071428571428573,56,0.8,0.55,1.0,4,1.0
U0001107,Synthetic_User_01107,2026-03-05 20:51:00+00:00,ANDROID,L2,0,2026-04-26 20:51:00+00:00,2026-04-19 20:51:00+00:00,43.0,4926.0,6,13,4,16533.398104,8190.341648,3150.762701,0.1905695780855674,0.495381626721882,0.5939453740729121,1.4403093392140196,1.0,1,2,1,1,0.07407407407407407,0.25925925925925924,54,1.0,0.6666666666666666,1.0,6,2.0
U0001108,Synthetic_User_01108,2026-01-01 16:52:09+00:00,IOS,L2,0,2026-02-22 16:52:09+00:00,2026-02-15 16:52:09+00:00,359.0,4773.0,4,9,2,7914.481298,3423.7711470000004,3707.873031,0.4684922348527104,0.43259577198889737,0.4093923209844814,0.8953886815904417,0.0,2,1,2,2,0.125,0.375,32,0.8,0.525,1.0,4,0.5
U0001109,Synthetic_User_01109,2026-01-07 00:57:34+00:00,ANDROID,L1,0,2026-02-28 00:57:34+00:00,2026-02-21 00:57:34+00:00,648.0,2632.0,4,13,5,39592.54055,7820.557114,26598.944586999998,0.6718170700212871,0.19752602397726157,0.5286568980303376,1.2878438076975527,0.0,2,2,2,1,0.21621621621621623,0.35135135135135137,37,0.8,0.375,1.0,3,1.0
U0001110,Synthetic_User_01110,2026-01-20 13:40:22+00:00,ANDROID,L2,0,2026-03-13 13:40:22+00:00,2026-03-06 13:40:22+00:00,234.0,3656.0,2,8,3,619.627954,584.112927,710.977486,1.1474264216297767,0.9426833041170379,0.08372734565338706,0.19877266733296028,2.0,2,1,2,3,0.17857142857142858,0.25,28,0.5,0.5,1.0,4,0.5
U0001111,Synthetic_User_01111,2026-04-03 11:45:39+00:00,ANDROID,L2,1,2026-05-25 11:45:39+00:00,2026-05-18 11:45:39+00:00,20.0,139.0,7,19,10,3465.372238,2894.907309,3579.627959,1.0329706920795156,0.8353813415065514,0.09039457938424526,0.2066580547917625,7.0,1,1,1,1,0.125,0.234375,64,1.0,0.4571428571428572,1.0,5,1.0
U0001112,Synthetic_User_01112,2026-02-15 05:34:09+00:00,ANDROID,L1,0,2026-04-08 05:34:09+00:00,2026-04-01 05:34:09+00:00,317.0,3795.0,8,15,7,1047.529019,1063.596458,447.68444999999997,0.42737188362320677,1.0153384189922856,0.33605267417323587,0.7221075721580941,8.0,1,3,2,1,0.15517241379310345,0.29310344827586204,58,1.0,0.5249999999999999,1.0,6,1.5
U0001113,Synthetic_User_01113,2026-01-07 07:32:03+00:00,ANDROID,L1,0,2026-02-28 07:32:03+00:00,2026-02-21 07:32:03+00:00,431.0,2940.0,7,15,3,13363.207346,8039.506438,6984.026804,0.5226310288518067,0.6016150337146764,0.29505134996620547,0.6741718573385653,1.0,2,2,1,2,0.18,0.24,50,0.9,0.5285714285714286,1.0,4,2.0
U0001114,Synthetic_User_01114,2026-01-14 13:24:49+00:00,ANDROID,L1,0,2026-03-07 13:24:49+00:00,2026-02-28 13:24:49+00:00,342.0,518.0,10,27,2,3466.161346,3074.078971,672.6432540000001,0.1940599951517664,0.8868828263137639,0.513614427397583,1.1618868090003165,10.0,1,2,2,3,0.19117647058823528,0.25,68,1.0,0.54,1.0,6,1.0
U0001115,Synthetic_User_01115,2026-03-27 19:30:14+00:00,IOS,L2,0,2026-05-18 19:30:14+00:00,2026-05-11 19:30:14+00:00,127.0,4876.0,6,13,6,11015.235226,12298.714791,3276.417661,0.2974441846930741,1.116518579827557,0.4496247514536686,1.0179209147376425,2.0,1,1,1,1,0.12244897959183673,0.20408163265306123,49,0.8,0.5666666666666667,1.0,5,1.0
U0001116,Synthetic_User_01116,2026-04-13 04:47:17+00:00,IOS,L2,0,2026-06-04 04:47:17+00:00,2026-05-28 04:47:17+00:00,442.0,1674.0,2,19,7,595.5979629999999,1809.8497929999999,1936.736916,3.251752081630273,3.038710515200335,0.41767099006156644,0.9265881492660755,2.0,2,2,1,1,0.1791044776119403,0.19402985074626866,67,0.7,0.6,1.0,6,2.0
U0001117,Synthetic_User_01117,2026-01-18 03:01:41+00:00,H5,L2,0,2026-03-11 03:01:41+00:00,2026-03-04 03:01:41+00:00,273.0,1477.0,2,8,2,3779.770953,2582.424988,1885.9698050000002,0.49896404529568333,0.6832226132512956,0.28446444149750605,0.6888081082457918,0.0,2,1,1,3,0.07692307692307693,0.19230769230769232,26,0.5,0.25,1.0,4,1.0
U0001118,Synthetic_User_01118,2026-03-26 18:31:51+00:00,ANDROID,L2,0,2026-05-17 18:31:51+00:00,2026-05-10 18:31:51+00:00,254.0,4146.0,9,13,6,1373.918553,388.73036,155.086132,0.11287869405458127,0.28293551983208426,0.8262511596370495,1.906674893663426,9.0,3,1,2,3,0.16363636363636364,0.2727272727272727,55,0.9,0.41111111111111115,0.8888888888888888,5,0.5
U0001119,Synthetic_User_01119,2026-02-14 04:29:23+00:00,ANDROID,L2,0,2026-04-07 04:29:23+00:00,2026-03-31 04:29:23+00:00,253.0,2629.0,7,10,2,1102.046507,1039.133676,626.827816,0.5687852663372218,0.9429127259145696,0.2284267529660158,0.5150476709297979,7.0,2,1,1,1,0.08695652173913043,0.32608695652173914,46,0.8,0.42857142857142855,0.8571428571428571,4,1.0
U0001120,Synthetic_User_01120,2026-03-07 01:09:36+00:00,ANDROID,L2,0,2026-04-28 01:09:36+00:00,2026-04-21 01:09:36+00:00,165.0,2793.0,3,18,5,4573.432562999999,5401.660023,220.907898,0.048302428199595605,1.1810953695262787,0.6685892753295231,1.524348336329483,2.0,1,2,1,3,0.1875,0.2916666666666667,48,0.9,0.5333333333333333,1.0,5,2.0
U0001121,Synthetic_User_01121,2026-02-05 10:53:51+00:00,IOS,L2,0,2026-03-29 10:53:51+00:00,2026-03-22 10:53:51+00:00,46.0,3896.0,11,14,5,14373.519159,15442.249175,8356.671805,0.5813935830577341,1.0743540954847384,0.2451197235419369,0.5568607097842413,3.0,2,2,1,1,0.14035087719298245,0.19298245614035087,57,0.9,0.6363636363636364,1.0,6,2.0
U0001122,Synthetic_User_01122,2026-03-01 14:31:02+00:00,WEB,L2,0,2026-04-22 14:31:02+00:00,2026-04-15 14:31:02+00:00,468.0,2743.0,8,13,4,991.802955,964.057675,802.776351,0.8094111304598804,0.9720254110354007,0.09063354351226223,0.20556521786147985,8.0,1,1,1,2,0.12,0.26,50,0.7,0.46249999999999997,1.0,3,1.0
U0001123,Synthetic_User_01123,2026-04-12 12:15:40+00:00,ANDROID,L2,0,2026-06-03 12:15:40+00:00,2026-05-27 12:15:40+00:00,253.0,2481.0,6,14,5,14009.023304,8983.263434,11523.331478,0.8225649446032216,0.6412483753549761,0.17833647588131596,0.4368248459478788,2.0,2,3,2,3,0.10869565217391304,0.2391304347826087,46,1.0,0.4333333333333333,0.8333333333333334,4,1.5
U0001124,Synthetic_User_01124,2026-04-24 21:12:03+00:00,ANDROID,L1,0,2026-06-15 21:12:03+00:00,2026-06-08 21:12:03+00:00,291.0,3936.0,13,24,5,5601.826129,1570.13961,1286.952365,0.22973800602942634,0.2802906719777628,0.6989181717173572,1.5302927789168248,12.0,3,1,1,3,0.11764705882352941,0.23529411764705882,85,1.0,0.5076923076923077,0.8461538461538461,5,1.0
U0001125,Synthetic_User_01125,2026-03-13 08:08:26+00:00,IOS,L2,0,2026-05-04 08:08:26+00:00,2026-04-27 08:08:26+00:00,625.0,3391.0,4,12,2,3572.955203,8495.415878,3736.569249,1.0457923586230868,2.3777000816766187,0.4333233837678916,0.9343522795191723,2.0,1,1,2,1,0.23333333333333334,0.36666666666666664,30,0.9,0.6,1.0,4,0.5
U0001126,Synthetic_User_01126,2026-03-03 05:30:14+00:00,H5,L1,0,2026-04-24 05:30:14+00:00,2026-04-17 05:30:14+00:00,596.0,561.0,4,8,3,5030.371247,2049.358265,1270.430709,0.2525520774948084,0.40739702188425775,0.5821568166000108,1.3508509196784189,1.0,2,1,1,3,0.13043478260869565,0.41304347826086957,46,0.7,0.325,1.0,4,1.0
U0001127,Synthetic_User_01127,2026-03-03 15:41:20+00:00,WEB,L2,0,2026-04-24 15:41:20+00:00,2026-04-17 15:41:20+00:00,622.0,61.0,8,18,4,1733.613846,1727.887912,838.116677,0.48345061325727323,0.9966971110589526,0.29360625659811745,0.6248209108815954,8.0,2,3,2,1,0.21428571428571427,0.2619047619047619,42,0.7,0.3125,1.0,6,1.5
U0001128,Synthetic_User_01128,2026-04-23 17:01:17+00:00,IOS,L2,0,2026-06-14 17:01:17+00:00,2026-06-07 17:01:17+00:00,237.0,758.0,2,11,2,9087.182808000001,19934.785502,11994.184758,1.3199013392182213,2.19372559386064,0.33533286935577494,0.7934144391368886,0.0,1,1,1,3,0.11764705882352941,0.2647058823529412,34,1.0,0.5,1.0,5,1.0
U0001129,Synthetic_User_01129,2026-03-17 04:03:24+00:00,IOS,L2,0,2026-05-08 04:03:24+00:00,2026-05-01 04:03:24+00:00,52.0,48.0,6,15,5,1749.442435,2351.7946970000003,1560.306805,0.8918880517494707,1.3443109930050372,0.1788291899101078,0.4194021458496721,6.0,1,1,2,3,0.13114754098360656,0.32786885245901637,61,0.8,0.7000000000000001,1.0,5,0.5
U0001130,Synthetic_User_01130,2026-02-25 09:12:06+00:00,ANDROID,L2,0,2026-04-18 09:12:06+00:00,2026-04-11 09:12:06+00:00,161.0,3719.0,7,16,9,211.746874,252.780945,186.76010300000002,0.8819969781466527,1.1937883201052593,0.12536851074559408,0.30410901125232287,7.0,3,3,2,2,0.12048192771084337,0.2289156626506024,83,0.9,0.5142857142857143,0.8571428571428571,6,1.5
U0001131,Synthetic_User_01131,2026-02-11 10:01:24+00:00,ANDROID,L1,0,2026-04-04 10:01:24+00:00,2026-03-28 10:01:24+00:00,223.0,2853.0,4,5,3,13546.954736,3313.956427,6135.5857,0.4529125415688552,0.24462740826862095,0.5629642457355117,1.3349422353277147,0.0,1,2,1,3,0.07142857142857142,0.2857142857142857,28,0.8,0.45,1.0,4,2.0
U0001132,Synthetic_User_01132,2026-04-21 04:55:15+00:00,IOS,L2,0,2026-06-12 04:55:15+00:00,2026-06-05 04:55:15+00:00,297.0,4095.0,11,14,5,4418.911726,1475.779738,1958.5489929999999,0.4432197596245895,0.33396904702051516,0.49232237737660267,1.1242997094441318,11.0,3,3,2,3,0.07692307692307693,0.3076923076923077,65,0.9,0.509090909090909,0.8181818181818182,5,1.5
U0001133,Synthetic_User_01133,2026-01-03 00:12:43+00:00,IOS,L2,0,2026-02-24 00:12:43+00:00,2026-02-17 00:12:43+00:00,156.0,1772.0,6,21,7,2113.844434,2242.102422,268.690071,0.12710967121244646,1.0606752256396177,0.5848458698340223,1.2801517495213304,6.0,2,3,1,1,0.14285714285714285,0.31746031746031744,63,0.9,0.6666666666666666,1.0,5,3.0
U0001134,Synthetic_User_01134,2026-01-07 17:30:15+00:00,IOS,L2,0,2026-02-28 17:30:15+00:00,2026-02-21 17:30:15+00:00,640.0,4635.0,2,15,6,1410.20057,4025.003346,1097.3538819999999,0.778154473444866,2.8542062963426544,0.602794667237728,1.3444884321863908,2.0,3,1,1,3,0.10638297872340426,0.2553191489361702,47,0.4,0.30000000000000004,1.0,6,1.0
U0001135,Synthetic_User_01135,2026-01-14 22:38:11+00:00,ANDROID,L2,0,2026-03-07 22:38:11+00:00,2026-02-28 22:38:11+00:00,166.0,4415.0,9,16,7,2029.887579,1361.625336,692.253741,0.3410305812802848,0.6707885451817921,0.40116404993009974,0.9826471128324917,9.0,3,1,2,2,0.13432835820895522,0.2835820895522388,67,0.8,0.43333333333333335,0.8888888888888888,5,0.5
U0001136,Synthetic_User_01136,2026-01-16 04:09:10+00:00,WEB,L2,0,2026-03-09 04:09:10+00:00,2026-03-02 04:09:10+00:00,129.0,3245.0,11,29,17,12859.121223,6529.369052,2612.340855,0.20315080709617475,0.5077616843926692,0.5756657325500983,1.397235446350158,6.0,3,1,2,2,0.125,0.3173076923076923,104,0.8,0.2818181818181818,1.0,6,0.5
U0001137,Synthetic_User_01137,2026-04-13 09:10:33+00:00,H5,L1,0,2026-06-04 09:10:33+00:00,2026-05-28 09:10:33+00:00,662.0,4884.0,3,11,2,672.315706,565.81485,67.64547400000001,0.10061563845126059,0.8415910039739575,0.6055086979151217,1.389220397926894,3.0,2,2,1,3,0.10204081632653061,0.20408163265306123,49,1.0,0.4666666666666666,1.0,6,2.0
U0001138,Synthetic_User_01138,2026-03-03 11:36:26+00:00,ANDROID,L2,0,2026-04-24 11:36:26+00:00,2026-04-17 11:36:26+00:00,577.0,1932.0,1,4,2,1162.905189,199.356738,227.746818,0.19584298028272018,0.171429915255112,0.8446737452582864,1.8180059462503146,0.0,2,2,1,3,0.11764705882352941,0.17647058823529413,17,1.0,1.0,1.0,3,2.0
U0001139,Synthetic_User_01139,2026-04-07 00:49:18+00:00,ANDROID,L2,0,2026-05-29 00:49:18+00:00,2026-05-22 00:49:18+00:00,528.0,4575.0,6,19,8,3045.2382660000003,4376.202071,2189.720932,0.719063909201514,1.4370639302218722,0.2808091920547021,0.6824818805358034,6.0,3,2,2,1,0.18309859154929578,0.323943661971831,71,0.9,0.4166666666666667,0.8333333333333334,3,1.0
U0001140,Synthetic_User_01140,2026-03-14 00:53:08+00:00,IOS,L2,0,2026-05-05 00:53:08+00:00,2026-04-28 00:53:08+00:00,616.0,1327.0,11,18,5,471.30280300000004,595.271555,65.460751,0.13889319262122019,1.2630341920542323,0.5996319956990253,1.4040486901541849,11.0,1,3,1,2,0.11940298507462686,0.31343283582089554,67,0.9,0.43636363636363634,1.0,6,3.0
U0001141,Synthetic_User_01141,2026-02-09 02:27:01+00:00,ANDROID,L1,0,2026-04-02 02:27:01+00:00,2026-03-26 02:27:01+00:00,365.0,1170.0,4,4,2,10227.480722,14646.453351999999,13145.994801,1.2853600176162718,1.4320685367310926,0.14477192594550148,0.34868339532105436,1.0,1,1,2,2,0.08,0.28,25,0.8,0.4,1.0,3,0.5
U0001142,Synthetic_User_01142,2026-01-11 12:34:10+00:00,IOS,L1,0,2026-03-04 12:34:10+00:00,2026-02-25 12:34:10+00:00,52.0,1481.0,3,9,3,679.602995,686.688314,469.351548,0.6906260735357707,1.01042567359492,0.16477880043547213,0.35519452790810496,3.0,2,1,1,3,0.10714285714285714,0.25,28,0.8,0.4000000000000001,1.0,5,1.0
U0001143,Synthetic_User_01143,2026-01-08 02:32:43+00:00,ANDROID,L2,0,2026-03-01 02:32:43+00:00,2026-02-22 02:32:43+00:00,559.0,247.0,16,25,13,10114.279387,6596.103742,6754.958067,0.6678635035217857,0.6521575576089037,0.2074129195923342,0.4497921784661358,14.0,1,1,2,1,0.08256880733944955,0.28440366972477066,109,1.0,0.39999999999999997,1.0,6,0.5
U0001144,Synthetic_User_01144,2026-01-28 08:21:58+00:00,ANDROID,L2,0,2026-03-21 08:21:58+00:00,2026-03-14 08:21:58+00:00,23.0,1416.0,13,27,9,1134.288191,1199.398725,322.38715,0.2842197887256326,1.0574021086674612,0.4506278674007695,0.9905728001637737,13.0,1,1,1,2,0.12631578947368421,0.16842105263157894,95,1.0,0.5923076923076923,1.0,5,1.0
U0001145,Synthetic_User_01145,2026-01-16 22:26:09+00:00,IOS,L2,0,2026-03-09 22:26:09+00:00,2026-03-02 22:26:09+00:00,466.0,1410.0,12,16,5,6239.263025,6435.052196,2257.751839,0.36186194266108856,1.0313801758662033,0.3866934300291201,0.8392609690704135,11.0,2,1,2,1,0.09210526315789473,0.17105263157894737,76,0.9,0.4916666666666667,1.0,4,0.5
U0001146,Synthetic_User_01146,2026-01-24 04:41:27+00:00,IOS,L2,0,2026-03-17 04:41:27+00:00,2026-03-10 04:41:27+00:00,605.0,3243.0,9,23,3,4728.9676309999995,1810.932548,4425.585671,0.9358460485093559,0.38294458522589964,0.3583796198895489,0.7983326383116895,9.0,2,2,1,2,0.1232876712328767,0.3150684931506849,73,0.8,0.5,0.8888888888888888,6,2.0
U0001147,Synthetic_User_01147,2026-04-25 03:41:29+00:00,IOS,L2,0,2026-06-16 03:41:29+00:00,2026-06-09 03:41:29+00:00,419.0,665.0,18,33,9,6756.6342429999995,12264.872331999999,2543.749025,0.37648168207941285,1.8152340190245813,0.5537183291610875,1.3523312898271418,18.0,1,1,1,1,0.1326530612244898,0.22448979591836735,98,1.0,0.4444444444444444,1.0,6,1.0
U0001148,Synthetic_User_01148,2026-02-07 19:34:03+00:00,ANDROID,L2,0,2026-03-31 19:34:03+00:00,2026-03-24 19:34:03+00:00,14.0,4388.0,5,10,3,5462.261993,6084.358007,2385.443867,0.4367135575073101,1.1138898161232889,0.348216088226276,0.7964894882720251,3.0,1,1,1,1,0.08823529411764706,0.20588235294117646,34,0.7,0.31999999999999995,1.0,5,1.0
U0001149,Synthetic_User_01149,2026-01-10 19:51:28+00:00,ANDROID,L1,0,2026-03-03 19:51:28+00:00,2026-02-24 19:51:28+00:00,93.0,1013.0,6,8,3,3892.5531,3931.639383,1412.55216,0.3628857779743582,1.0100412973171773,0.382733679750073,0.8181737139098261,5.0,2,1,1,2,0.0975609756097561,0.24390243902439024,41,0.7,0.5499999999999999,1.0,6,1.0
U0001150,Synthetic_User_01150,2026-01-03 08:14:54+00:00,WEB,L2,0,2026-02-24 08:14:54+00:00,2026-02-17 08:14:54+00:00,155.0,1860.0,13,32,11,13475.372431,3544.172848,4432.446948,0.328929457845869,0.2630111238964094,0.6274833216172161,1.3888499694448448,7.0,2,1,2,2,0.14545454545454545,0.3090909090909091,110,0.8,0.43846153846153846,0.9230769230769231,6,0.5
U0001151,Synthetic_User_01151,2026-03-13 03:14:57+00:00,ANDROID,L2,0,2026-05-04 03:14:57+00:00,2026-04-27 03:14:57+00:00,263.0,801.0,4,12,7,2963.169538,692.283229,1360.903047,0.45927275829061925,0.23362930136871568,0.5698433920765792,1.3580892543520835,3.0,1,1,2,2,0.1,0.3333333333333333,60,0.7,0.375,1.0,4,0.5
U0001152,Synthetic_User_01152,2026-04-28 17:23:43+00:00,ANDROID,L2,0,2026-06-19 17:23:43+00:00,2026-06-12 17:23:43+00:00,330.0,3711.0,15,20,8,1814.270203,396.177377,1348.978177,0.7435376355569236,0.21836735032350635,0.4974627122441913,1.1952148375713403,15.0,3,2,1,3,0.10989010989010989,0.3076923076923077,91,0.9,0.44,1.0,5,2.0
U0001153,Synthetic_User_01153,2026-03-25 02:40:03+00:00,IOS,L1,0,2026-05-16 02:40:03+00:00,2026-05-09 02:40:03+00:00,530.0,3528.0,4,10,3,4913.965529,4666.143626,5610.671862,1.1417808751177343,0.9495678385333663,0.07896644691898917,0.18653318119910597,2.0,2,2,2,1,0.13513513513513514,0.10810810810810811,37,0.7,0.425,1.0,6,1.0
U0001154,Synthetic_User_01154,2026-04-08 01:19:48+00:00,ANDROID,L2,0,2026-05-30 01:19:48+00:00,2026-05-23 01:19:48+00:00,157.0,1914.0,6,18,5,4845.295736,6810.258823,3780.543983,0.7802504096728267,1.4055403826851158,0.24389779772164286,0.588823950253323,4.0,1,1,1,2,0.11764705882352941,0.35294117647058826,51,0.4,0.23333333333333336,1.0,5,1.0
U0001155,Synthetic_User_01155,2026-03-23 01:49:30+00:00,ANDROID,L2,0,2026-05-14 01:49:30+00:00,2026-05-07 01:49:30+00:00,84.0,450.0,26,42,12,2342.896752,2163.129741,2032.616128,0.8675653872774671,0.9232714754303437,0.05836183617686052,0.14236010835191365,26.0,2,3,1,2,0.16666666666666666,0.24,150,1.0,0.5615384615384615,0.9615384615384616,6,3.0
U0001156,Synthetic_User_01156,2026-03-14 05:13:27+00:00,ANDROID,L2,0,2026-05-05 05:13:27+00:00,2026-04-28 05:13:27+00:00,53.0,3173.0,2,10,1,2378.217691,1318.815894,194.219098,0.08166582005297177,0.5545396029097154,0.6875005352930519,1.683775460695262,1.0,1,1,1,2,0.14814814814814814,0.25925925925925924,27,1.0,0.85,1.0,5,1.0
U0001157,Synthetic_User_01157,2026-03-04 14:58:35+00:00,WEB,L2,0,2026-04-25 14:58:35+00:00,2026-04-18 14:58:35+00:00,258.0,1333.0,7,13,2,5452.819124,2946.04864,3555.6177420000004,0.6520696287816204,0.5402799126479884,0.26787592152923745,0.6290786373219933,6.0,1,1,2,2,0.12244897959183673,0.14285714285714285,49,0.8,0.42857142857142855,0.8571428571428571,4,0.5
U0001158,Synthetic_User_01158,2026-03-03 20:05:09+00:00,ANDROID,L1,0,2026-04-24 20:05:09+00:00,2026-04-17 20:05:09+00:00,371.0,4640.0,9,19,5,3940.420858,3689.18042,4100.307182,1.040575951087913,0.936240201985044,0.04327843277806186,0.1051483300322361,9.0,3,1,1,3,0.2413793103448276,0.2413793103448276,58,0.7,0.3,1.0,6,1.0
U0001159,Synthetic_User_01159,2026-03-04 07:01:21+00:00,ANDROID,L2,0,2026-04-25 07:01:21+00:00,2026-04-18 07:01:21+00:00,547.0,107.0,10,34,8,5743.145818,7878.073374,2019.0049159999999,0.35155034888233094,1.371734868599152,0.4644000255280884,1.1238461324226954,9.0,2,3,2,2,0.12149532710280374,0.2897196261682243,107,1.0,0.42000000000000004,0.9,6,1.5
U0001160,Synthetic_User_01160,2026-03-09 20:59:26+00:00,ANDROID,L2,0,2026-04-30 20:59:26+00:00,2026-04-23 20:59:26+00:00,339.0,4849.0,7,16,4,5120.324056,6915.392439,5497.18142,1.0736002955825419,1.3505771047628397,0.13223924251759558,0.3071486057300756,5.0,2,2,1,3,0.09230769230769231,0.27692307692307694,65,0.9,0.4714285714285714,1.0,5,2.0
U0001161,Synthetic_User_01161,2026-03-27 16:41:25+00:00,ANDROID,L2,0,2026-05-18 16:41:25+00:00,2026-05-11 16:41:25+00:00,348.0,2480.0,6,14,5,1672.359123,1383.911559,1426.100856,0.85274797523259,0.8275205606062879,0.08513540744127404,0.19305465525646937,6.0,3,1,1,3,0.12727272727272726,0.36363636363636365,55,1.0,0.43333333333333335,1.0,4,1.0
U0001162,Synthetic_User_01162,2026-02-11 23:16:59+00:00,ANDROID,L2,0,2026-04-04 23:16:59+00:00,2026-03-28 23:16:59+00:00,525.0,3070.0,7,14,3,6381.111054,9888.550790000001,5176.615899,0.8112405277377265,1.549659723254834,0.2795949778093674,0.6591262522287292,4.0,2,1,1,3,0.1956521739130435,0.2608695652173913,46,0.6,0.4571428571428572,1.0,4,1.0
U0001163,Synthetic_User_01163,2026-01-04 17:41:26+00:00,H5,L2,0,2026-02-25 17:41:26+00:00,2026-02-18 17:41:26+00:00,382.0,76.0,4,16,3,4924.517238,4787.354365,207.694853,0.042175677931904514,0.9721469402235849,0.6629071511157903,1.4265207272683653,1.0,2,2,1,1,0.21052631578947367,0.3157894736842105,38,0.6,0.275,1.0,5,2.0
U0001164,Synthetic_User_01164,2026-02-06 09:21:41+00:00,ANDROID,L2,0,2026-03-30 09:21:41+00:00,2026-03-23 09:21:41+00:00,236.0,493.0,1,9,2,4272.535336,3984.161977,3957.6210690000003,0.9262933499118052,0.9325053308347876,0.03502655076253265,0.07734715695574529,0.0,1,1,1,2,0.24,0.24,25,0.0,0.0,1.0,5,1.0
U0001165,Synthetic_User_01165,2026-02-17 20:00:06+00:00,IOS,L2,0,2026-04-10 20:00:06+00:00,2026-04-03 20:00:06+00:00,205.0,2376.0,6,16,1,3277.529974,2941.587532,359.480381,0.10968027259908746,0.8975013364744289,0.5944885602837667,1.3307013028261108,6.0,1,1,2,2,0.14814814814814814,0.16666666666666666,54,0.9,0.65,1.0,6,0.5
U0001166,Synthetic_User_01166,2026-01-22 06:17:34+00:00,IOS,L2,0,2026-03-15 06:17:34+00:00,2026-03-08 06:17:34+00:00,8.0,1841.0,4,12,7,7883.51516,6424.543561,7816.761903,0.9915325517050189,0.8149338753856091,0.0911986023969856,0.1978282613623597,1.0,2,1,2,2,0.11764705882352941,0.29411764705882354,34,0.6,0.525,1.0,5,0.5
U0001167,Synthetic_User_01167,2026-01-15 02:16:36+00:00,IOS,L2,0,2026-03-08 02:16:36+00:00,2026-03-01 02:16:36+00:00,197.0,3936.0,13,22,9,18871.717794,19628.948459,2898.1836319999998,0.15357285773536933,1.0401251583594977,0.5590498416292082,1.2124079441923363,3.0,1,1,1,2,0.15,0.3125,80,1.0,0.43846153846153846,0.9230769230769231,6,1.0
U0001168,Synthetic_User_01168,2026-01-23 01:20:50+00:00,H5,L1,0,2026-03-16 01:20:50+00:00,2026-03-09 01:20:50+00:00,608.0,253.0,11,16,7,21867.149643,2850.437973,866.849701,0.039641641235920816,0.13035251596736877,1.1100653309700685,2.46246962735186,4.0,2,3,2,2,0.11594202898550725,0.3333333333333333,69,1.0,0.5363636363636364,1.0,5,1.5
U0001169,Synthetic_User_01169,2026-01-07 13:45:57+00:00,WEB,L2,0,2026-02-28 13:45:57+00:00,2026-02-21 13:45:57+00:00,65.0,615.0,5,11,4,17700.345670000002,17291.981695,9745.968859,0.5506089564972885,0.9769290395445704,0.24524482933434744,0.533393813513143,0.0,1,1,1,1,0.19047619047619047,0.23809523809523808,42,0.7,0.27999999999999997,0.8,6,1.0
U0001170,Synthetic_User_01170,2026-01-10 04:12:18+00:00,ANDROID,L2,0,2026-03-03 04:12:18+00:00,2026-02-24 04:12:18+00:00,653.0,3305.0,14,41,10,4744.851747,5542.0581870000005,3929.955159,0.8282566808298637,1.1680150366139566,0.13888114763348058,0.3401811195620945,14.0,2,2,2,3,0.10852713178294573,0.2558139534883721,129,0.9,0.4642857142857143,1.0,6,1.0
U0001171,Synthetic_User_01171,2026-04-13 06:33:06+00:00,ANDROID,L2,0,2026-06-04 06:33:06+00:00,2026-05-28 06:33:06+00:00,506.0,3911.0,7,15,7,3786.172279,3005.760672,2016.448354,0.5325823035534406,0.7938784742235444,0.24663872721000513,0.6027409113166224,6.0,1,3,1,3,0.18867924528301888,0.22641509433962265,53,0.9,0.5428571428571428,1.0,6,3.0
U0001172,Synthetic_User_01172,2026-02-03 18:48:57+00:00,ANDROID,L2,0,2026-03-27 18:48:57+00:00,2026-03-20 18:48:57+00:00,452.0,417.0,15,38,9,1560.784937,700.305962,600.947834,0.385029237375322,0.4486883140646302,0.45173996489820045,1.006104940439323,15.0,3,2,2,1,0.1693548387096774,0.29838709677419356,124,1.0,0.5266666666666667,1.0,6,1.0
U0001173,Synthetic_User_01173,2026-01-17 14:14:19+00:00,ANDROID,L1,0,2026-03-10 14:14:19+00:00,2026-03-03 14:14:19+00:00,305.0,2752.0,4,10,3,2054.524382,3143.9347169999996,1322.037944,0.6434763955991835,1.530249406891682,0.3443888664197944,0.838232159750402,4.0,2,2,1,2,0.10344827586206896,0.2413793103448276,29,1.0,0.425,1.0,4,2.0
U0001174,Synthetic_User_01174,2026-01-26 20:10:31+00:00,H5,L2,0,2026-03-19 20:10:31+00:00,2026-03-12 20:10:31+00:00,86.0,2351.0,6,10,1,14566.071542,9497.223578,2424.876654,0.1664743061990379,0.6520099500140158,0.5639196039449041,1.37508866126247,0.0,1,1,2,3,0.13333333333333333,0.2222222222222222,45,0.9,0.35000000000000003,1.0,5,0.5
U0001175,Synthetic_User_01175,2026-03-10 10:00:16+00:00,IOS,L2,0,2026-05-01 10:00:16+00:00,2026-04-24 10:00:16+00:00,585.0,2141.0,2,5,3,433.955263,361.671198,210.840238,0.4858570824615163,0.83342968466314,0.27705470629865137,0.6650444328312546,2.0,1,2,1,3,0.07142857142857142,0.35714285714285715,28,0.9,0.45,1.0,3,2.0
U0001176,Synthetic_User_01176,2026-01-01 07:40:34+00:00,ANDROID,L2,0,2026-02-22 07:40:34+00:00,2026-02-15 07:40:34+00:00,352.0,1431.0,4,11,4,14123.607009,13122.717229,8831.829103,0.625323906093683,0.9291335577829232,0.19086225737865542,0.4400262277270972,0.0,2,1,2,2,0.11764705882352941,0.17647058823529413,34,0.6,0.45,0.75,4,0.5
U0001177,Synthetic_User_01177,2026-01-30 03:10:00+00:00,IOS,L2,0,2026-03-23 03:10:00+00:00,2026-03-16 03:10:00+00:00,389.0,3167.0,4,14,3,79077.718448,70678.751401,34046.358341,0.4305430026207475,0.8937884499977955,0.3191140004649079,0.7349945680996326,0.0,3,2,2,3,0.09090909090909091,0.29545454545454547,44,1.0,0.675,1.0,5,1.0
U0001178,Synthetic_User_01178,2026-04-13 05:28:11+00:00,IOS,L2,0,2026-06-04 05:28:11+00:00,2026-05-28 05:28:11+00:00,322.0,4080.0,7,15,7,15302.771374,9008.900278000001,3321.503434,0.21705241180322166,0.5887103752531042,0.531254966303766,1.3007482385985556,0.0,1,2,1,2,0.1509433962264151,0.33962264150943394,53,0.9,0.5,1.0,5,2.0
U0001179,Synthetic_User_01179,2026-04-24 00:53:34+00:00,IOS,L2,0,2026-06-15 00:53:34+00:00,2026-06-08 00:53:34+00:00,88.0,509.0,9,11,1,2861.215909,3179.817426,2051.389055,0.7169640880813375,1.1113517913827593,0.17609291678851685,0.4183277824429033,9.0,1,1,1,2,0.10810810810810811,0.35135135135135137,37,1.0,0.4444444444444444,1.0,5,1.0
U0001180,Synthetic_User_01180,2026-01-04 02:08:41+00:00,IOS,L2,0,2026-02-25 02:08:41+00:00,2026-02-18 02:08:41+00:00,15.0,1937.0,4,7,1,3317.6090409999997,5794.695181,960.716849,0.2895810920235553,1.7466479954049536,0.5878077820502049,1.439680796236071,3.0,1,1,2,3,0.17391304347826086,0.2608695652173913,23,0.3,0.15,1.0,5,0.5
U0001181,Synthetic_User_01181,2026-03-08 12:07:18+00:00,ANDROID,L2,0,2026-04-29 12:07:18+00:00,2026-04-22 12:07:18+00:00,585.0,1653.0,14,32,11,2141.346002,2220.769578,1859.522709,0.8683896517719325,1.037090491646758,0.07474032745442556,0.1741889445608045,14.0,1,1,1,2,0.16326530612244897,0.2857142857142857,98,1.0,0.5571428571428572,1.0,6,1.0
U0001182,Synthetic_User_01182,2026-03-10 23:10:16+00:00,IOS,L1,0,2026-05-01 23:10:16+00:00,2026-04-24 23:10:16+00:00,147.0,3981.0,6,16,2,4265.786204999999,2723.585212,4241.525077,0.9943126244884091,0.6384720380050083,0.19268723170391985,0.4119531313881948,5.0,1,2,1,1,0.22807017543859648,0.24561403508771928,57,0.9,0.5333333333333333,1.0,4,2.0
U0001183,Synthetic_User_01183,2026-01-23 06:19:40+00:00,WEB,L1,0,2026-03-16 06:19:40+00:00,2026-03-09 06:19:40+00:00,94.0,2125.0,4,10,5,5642.624909,6012.287556,3238.927323,0.574010744154534,1.0655125323695338,0.24766098195011665,0.5586256343178546,2.0,1,2,1,3,0.075,0.25,40,0.9,0.65,1.0,5,2.0
U0001184,Synthetic_User_01184,2026-01-06 21:19:04+00:00,IOS,L2,0,2026-02-27 21:19:04+00:00,2026-02-20 21:19:04+00:00,263.0,4595.0,22,23,10,5876.88768,3212.402287,2988.090261,0.5084477403182223,0.5466162468839288,0.32592849692924447,0.7175721964029896,22.0,3,3,2,1,0.1,0.2818181818181818,110,1.0,0.5136363636363637,0.9545454545454546,6,1.5
U0001185,Synthetic_User_01185,2026-03-20 19:15:18+00:00,WEB,L2,0,2026-05-11 19:15:18+00:00,2026-05-04 19:15:18+00:00,146.0,697.0,8,21,9,5347.245824,6749.787286,6941.699762,1.2981822774714464,1.2622923105021626,0.11199224813921971,0.2512437065092092,8.0,3,2,2,2,0.13513513513513514,0.1891891891891892,74,0.8,0.45,1.0,4,1.0
U0001186,Synthetic_User_01186,2026-03-13 09:29:18+00:00,WEB,L2,0,2026-05-04 09:29:18+00:00,2026-04-27 09:29:18+00:00,51.0,3833.0,6,30,11,4686.592372,6581.272624,3443.101218,0.7346705121125477,1.4042767327749153,0.2631331895554491,0.639965729038279,5.0,3,1,1,2,0.17204301075268819,0.23655913978494625,93,1.0,0.43333333333333335,0.8333333333333334,5,1.0
U0001187,Synthetic_User_01187,2026-02-27 06:24:39+00:00,WEB,L2,0,2026-04-20 06:24:39+00:00,2026-04-13 06:24:39+00:00,452.0,4690.0,3,9,2,2719.0299889999997,4390.051342,3621.522239,1.331916990121877,1.6145652529616144,0.19092736586862982,0.4671744721811581,2.0,2,2,1,1,0.15789473684210525,0.18421052631578946,38,0.8,0.26666666666666666,1.0,4,2.0
U0001188,Synthetic_User_01188,2026-03-19 14:20:22+00:00,WEB,L2,0,2026-05-10 14:20:22+00:00,2026-05-03 14:20:22+00:00,19.0,3873.0,4,9,5,3225.526613,3491.0670020000002,3075.61514,0.9535234115273442,1.0823246622519807,0.05262855344083151,0.1272803324748974,2.0,2,3,1,1,0.0975609756097561,0.17073170731707318,41,0.8,0.30000000000000004,1.0,4,3.0
U0001189,Synthetic_User_01189,2026-02-26 14:06:23+00:00,ANDROID,L2,0,2026-04-19 14:06:23+00:00,2026-04-12 14:06:23+00:00,369.0,1678.0,10,12,5,2659.083204,2142.3780930000003,2225.6053570000004,0.8369822176500801,0.8056829849390452,0.09670734737415873,0.22059209188198475,10.0,1,3,1,1,0.10909090909090909,0.2545454545454545,55,1.0,0.5700000000000001,1.0,5,3.0
U0001190,Synthetic_User_01190,2026-04-08 10:54:51+00:00,IOS,L2,0,2026-05-30 10:54:51+00:00,2026-05-23 10:54:51+00:00,629.0,2121.0,7,15,7,4226.270438,3733.888428,1504.345927,0.3559511746985843,0.8834949118322373,0.3753783025435098,0.8627787413705416,7.0,3,1,2,2,0.1320754716981132,0.2641509433962264,53,0.9,0.6714285714285715,1.0,5,0.5
U0001191,Synthetic_User_01191,2026-04-15 02:03:33+00:00,ANDROID,L2,0,2026-06-06 02:03:33+00:00,2026-05-30 02:03:33+00:00,634.0,3269.0,10,14,8,3052.889832,3111.811475,3435.239256,1.1252418020435138,1.0193002847277328,0.052526398799589424,0.11948493477354877,10.0,3,2,2,1,0.09836065573770492,0.26229508196721313,61,1.0,0.45999999999999996,1.0,5,1.0
U0001192,Synthetic_User_01192,2026-01-15 12:27:01+00:00,IOS,L2,0,2026-03-08 12:27:01+00:00,2026-03-01 12:27:01+00:00,523.0,1900.0,7,12,3,4194.975899,3621.421622,1034.076357,0.24650352752837112,0.8632759065107563,0.46606278183769073,1.0714339996609161,7.0,1,1,2,2,0.13333333333333333,0.28888888888888886,45,1.0,0.39999999999999997,1.0,6,0.5
U0001193,Synthetic_User_01193,2026-04-19 16:57:21+00:00,ANDROID,L2,0,2026-06-10 16:57:21+00:00,2026-06-03 16:57:21+00:00,107.0,654.0,7,36,9,963.1936780000001,967.52009,267.42197,0.2776409107618748,1.0044917362923138,0.44903652978827385,0.9554889280454436,7.0,2,2,1,3,0.1941747572815534,0.2524271844660194,103,1.0,0.6428571428571429,0.8571428571428571,6,2.0
U0001194,Synthetic_User_01194,2026-04-21 09:55:44+00:00,WEB,L2,0,2026-06-12 09:55:44+00:00,2026-06-05 09:55:44+00:00,23.0,4740.0,5,17,5,2502.518009,2676.618187,2070.067062,0.8271936723553066,1.0695700000455022,0.1055291956252184,0.2510142577381709,5.0,1,3,1,2,0.17647058823529413,0.27450980392156865,51,0.6,0.32,1.0,3,3.0
U0001195,Synthetic_User_01195,2026-04-19 08:50:10+00:00,ANDROID,L2,0,2026-06-10 08:50:10+00:00,2026-06-03 08:50:10+00:00,423.0,1908.0,4,13,3,1504.140997,1044.146025,553.694428,0.36811338106224095,0.694180949181322,0.37532583008389286,0.919199470712502,4.0,1,1,1,3,0.11904761904761904,0.23809523809523808,42,0.8,0.45,1.0,5,1.0
U0001196,Synthetic_User_01196,2026-04-17 05:39:54+00:00,ANDROID,L2,0,2026-06-08 05:39:54+00:00,2026-06-01 05:39:54+00:00,503.0,1026.0,6,14,3,22779.043213,19928.208151,8330.707466,0.36571805883601227,0.8748483404090901,0.36728018748881025,0.8492699989311076,0.0,1,3,1,2,0.14,0.22,50,1.0,0.48333333333333334,1.0,4,3.0
U0001197,Synthetic_User_01197,2026-03-23 00:54:49+00:00,IOS,L2,0,2026-05-14 00:54:49+00:00,2026-05-07 00:54:49+00:00,236.0,3060.0,13,17,7,5218.091936,4229.080303,3715.798173,0.7120990236612037,0.8104648892487432,0.14209747402930273,0.34239090022502133,12.0,3,1,1,1,0.1774193548387097,0.3225806451612903,62,0.9,0.5,0.9230769230769231,5,1.0
U0001198,Synthetic_User_01198,2026-03-16 06:26:34+00:00,IOS,L2,0,2026-05-07 06:26:34+00:00,2026-04-30 06:26:34+00:00,517.0,65.0,24,28,14,12577.253187,12441.635307,5455.270904999999,0.4337410421727562,0.9892172099914331,0.3274082183692062,0.701116856621191,21.0,1,1,2,1,0.1076923076923077,0.2076923076923077,130,1.0,0.5666666666666667,1.0,6,0.5
U0001199,Synthetic_User_01199,2026-02-11 00:26:55+00:00,IOS,L2,0,2026-04-04 00:26:55+00:00,2026-03-28 00:26:55+00:00,631.0,2168.0,3,13,4,1118.789593,1814.942449,1155.904153,1.0331738516627407,1.6222375148604014,0.234578900170834,0.5106709908703749,3.0,2,2,1,2,0.13953488372093023,0.23255813953488372,43,0.9,0.7666666666666666,1.0,5,2.0
U0001200,Synthetic_User_01200,2026-03-09 22:03:31+00:00,ANDROID,L2,0,2026-04-30 22:03:31+00:00,2026-04-23 22:03:31+00:00,192.0,1932.0,3,14,6,6804.238182,9968.909493,770.9006479999999,0.11329712855134147,1.4651029588252586,0.6524367876253022,1.572842597499268,0.0,2,1,2,3,0.15217391304347827,0.21739130434782608,46,0.8,0.6333333333333333,1.0,5,0.5
